ID,Language,Dataset,Modality,Use,Features,Source Paper,Dataset Access,Cited By
6,Akan,Akan language dataset,Text,Sentiment Analysis,"The Akan language dataset is used to study cultural variation in emotion perception within a broader set of 15 African languages and to evaluate the performance of a base model in Akan compared to an English model, focusing on model generalization capabilities. This dataset enables researchers to explore linguistic and cultural nuances in emotion perception and machine learning model effectiveness across languages.",https://doi.org/10.48550/arXiv.2503.19642 (2025),,https://doi.org/10.48550/arXiv.2502.10973 (2025); https://www.semanticscholar.org/paper/d8e6c45b1504089cdde501164d0bb557ac544dfb (2025)
7,Akan,Akan UGSpeechData,Speech,Speech Recognition/Understanding,"The Akan UGSpeechData dataset is used to train an Akan base model for standard speech recognition, utilizing 100 hours of transcribed Akan speech comprising 18,787 samples. This dataset enables researchers to develop and refine speech recognition systems specifically tailored for the Akan language, enhancing accuracy and performance in Akan speech processing applications.",https://www.sciencedirect.com/science/article/pii/S2352340925006043,https://www.scidb.cn/en/detail?dataSetId=bbd6baee3acf43bbbc4fe25e21077c8a,https://www.semanticscholar.org/paper/d8e6c45b1504089cdde501164d0bb557ac544dfb (2025)
8,Akan,EmotionLines,Text,Emotion Detection,"EmotionLines is the first dataset with emotions labeling on all utterances in each dialogue only based on their textual content. Dialogues in EmotionLines are collected from Friends TV scripts and private Facebook messenger dialogues. Then one of seven emotions, six Ekman’s basic emotions plus the neutral emotion, is labeled on each utterance by 5 Amazon MTurkers. A total of 29,245 utterances from 2,000 dialogues are labeled in EmotionLines.",https://aclanthology.org/L18-1252/ (2018),,https://doi.org/10.48550/arXiv.2502.10973 (2025)
12,Akan,wordsim-353,Text,Lexicon/Dictionary,"The wordsim-353 dataset is used to evaluate word similarity in African languages, specifically Yoruba and Twi, by translating and adapting the original English dataset. Researchers employ this adapted dataset to assess the performance of computational models in capturing semantic similarities between words in these languages. This enables the development and refinement of natural language processing tools tailored for African linguistic contexts.",https://doi.org/10.1109/ICDARW.2019.40090 (2019),http://www.cs.technion.ac.il/~gabr/resources/data/wordsim353/,https://www.semanticscholar.org/paper/4e96e6d2abc54bc55d5489a9e5a666f273b69410 (2019)
132,Assamese,"8,000 Tourism domain parallel sentences",Text,Machine Translation,"The 8,000 Tourism domain parallel sentences dataset is used to train and evaluate Assamese to English statistical machine translation systems. Research focuses on assessing the impact of dataset size and domain specificity on translation performance. This dataset enables researchers to investigate how domain-specific data influences the accuracy and effectiveness of machine translation models.",https://doi.org/10.5120/17522-8084 (2014),,https://doi.org/10.1145/3469721 (2021)
133,Assamese,AHTID-MW (2015),Text,Handwriting Recognition,"The AHTID-MW (2015) dataset is used to train and evaluate machine learning models for Assamese language processing, specifically focusing on handwriting recognition and text classification tasks. This dataset enables researchers to develop and test algorithms that can accurately recognize handwritten Assamese text and classify Assamese text into various categories, enhancing the performance and reliability of Assamese language processing systems.",https://www.semanticscholar.org/paper/05582b1f331e736677f601625ef8668032984ea2 (2005),,https://doi.org/10.1109/ACCESS.2023.3301564 (2023)
134,Assamese,Aksharantar,Text,Transliteration,"The Aksharantar dataset is used to train and evaluate a multilingual transliteration model for 21 Indian languages, including Assamese. It focuses on achieving state-of-the-art results using a transformer-based model. The dataset's multilingual nature and comprehensive coverage of Indian languages enable researchers to develop and test advanced transliteration systems.",https://doi.org/10.48550/arXiv.2205.03018 (2022),https://huggingface.co/datasets/ai4bharat/Aksharantar,https://doi.org/10.1145/3639565 (2024)
135,Assamese,ALT,Text,Machine Translation,"The ALT dataset is primarily used to collate parallel data for machine translation, focusing on Indian languages, particularly Assamese. It serves as a training set for developing and evaluating translation models, enhancing their performance for under-resourced and low-resource languages. This dataset supports the creation of more accurate and robust machine translation systems, specifically addressing the needs of Assamese and other Indian languages.",,https://www2.nict.go.jp/astrec-att/member/mutiyama/ALT/,https://doi.org/10.1162/tacl_a_00452 (2021)
136,Assamese,AsNER,Text,Named Entity Recognition,"The AsNER dataset is used to develop and evaluate Named Entity Recognition (NER) models for the Assamese language, focusing on entity extraction from text. It provides annotated data for training and evaluating NER systems, supporting research in Assamese language processing and NLP tasks. This dataset enables researchers to improve the accuracy and performance of NER models specific to Assamese, addressing the need for robust language resources in this domain.",https://doi.org/10.48550/arXiv.2207.03422 (2022),,https://doi.org/10.1109/RAIT65068.2025.11089369 (2025); https://doi.org/10.48550/arXiv.2410.11291 (2024)
137,Assamese,Assamese caption dataset,Multimodal,Image Caption Generation,"The Assamese caption dataset is used to generate image captions in Assamese by translating English captions from Flickr30K and MSCOCO using Microsoft Azure translation service. It addresses the lack of resources in the low-resource Assamese language, enhancing training data availability for natural language processing tasks, particularly in image caption generation.",https://www.semanticscholar.org/paper/b51ce2126eadf25586b118b284cc5dfa0065b557 (2022),,https://doi.org/10.1109/IALP61005.2023.10337310 (2023); https://doi.org/10.1145/3717612 (2025)
140,Assamese,Assamese language dataset,Text,Parsing and Tagging,"The Assamese language dataset is used to extract event information from Facebook posts by leveraging reports from Assamese news portals. This involves detecting and analyzing events from social media content, employing natural language processing techniques to identify and categorize events. The dataset's relevance lies in its ability to bridge social media data with traditional news sources, enhancing the accuracy of event detection in regional languages.; The Assamese language dataset is used to study morphological patterns and train a morphological tagger, specifically utilizing a large text corpus from the Assamese daily Asomiya Pratidin. This dataset enables researchers to analyze morphological structures and develop tagging models tailored to the genre of daily newspaper articles.","https://doi.org/10.1007/978-3-030-42363-6_15 (2019), https://doi.org/10.1145/1386869.1386871 (2008)",,https://doi.org/10.1088/1757-899X/1070/1/012055 (2021); https://doi.org/10.3115/1667583.1667595 (2009)
141,Assamese,Assamese OCR corpus,Text,OCR,"The Assamese OCR corpus is used to develop and improve OCR systems for the Assamese language. It focuses on collecting data for 182 unique, frequently occurring words to enhance OCR accuracy. Researchers analyze the frequency of selected BU sets in Assamese text, which helps in refining the OCR system's performance on common linguistic elements. This dataset enables targeted improvements in Assamese language processing and recognition.",https://doi.org/10.1145/2432553.2432566 (2012),,https://doi.org/10.1109/ICFHR-2018.2018.00063 (2018)
144,Assamese,Assamese UPoS Tagged Dataset,Text,Parsing and Tagging,"The Assamese UPoS Tagged Dataset serves as a gold standard resource, supporting various NLP tasks for the Assamese language. It enables the training of machine learning models, facilitating research in areas such as part-of-speech tagging and other linguistic analyses. This dataset's annotated tags provide essential data for developing and evaluating NLP systems tailored to Assamese.",https://doi.org/10.52783/jes.1506 (2024),,https://doi.org/10.48550/arXiv.2410.11291 (2024)
145,Assamese,Assamese WordNet,Text,Machine Translation,"The Assamese WordNet dataset is used to enhance the quality of bilingual machine translation systems and document classification in Assamese Natural Language Processing (NLP). It provides essential lexical and semantic information, which improves the accuracy and context understanding in these NLP tasks. This dataset enables researchers to develop more effective and culturally relevant NLP applications for the Assamese language.",https://www.semanticscholar.org/paper/01d99bfa62e7cc66ee70115ea5d6e4fc471d5c96 (2014),https://www.tezu.ernet.in/~nlp/paper/nwdaa_11.pdf,https://doi.org/10.5815/ijem.2016.03.04 (2016)
138,Assamese,Assamese-English corpus,Text,Machine Translation,"The Assamese-English corpus is used for evaluating and training neural machine translation (NMT) models, specifically in the context of low-resource Assamese-English translation. Researchers employ this dataset to compare the performance of different NMT systems, including a sequence-to-sequence RNN with attention and a transformer model. The dataset's focus on low-resource settings enables the assessment of these models' effectiveness in handling less common language pairs.",https://doi.org/10.1007/978-981-33-4084-8_4 (2021),,https://doi.org/10.1109/GCAT55367.2022.9972085 (2022)
146,Assamese,COCO-Assamese,Multimodal,Image Captioning,"The COCO-Assamese dataset is used to develop and evaluate image caption synthesis models for the Assamese language. Researchers employ a bilinear attention mechanism to enhance the performance of these models, focusing on improving translation accuracy through manual corrections. This dataset enables the assessment of model performance and the refinement of caption generation techniques specific to the Assamese language.",https://www.semanticscholar.org/paper/0b6df9e9b7d3ca332600bb8ac24ff2f957b80768 (2023),,https://doi.org/10.48550/arXiv.2503.01453 (2025)
147,Assamese,CommonVoice corpora,Speech,Speech Recognition/Understanding,"The CommonVoice corpora are used to train and evaluate speech recognition models, particularly for Assamese and other Indian languages. Researchers focus on improving the performance and accuracy of these models in recognizing speech in less-resourced languages. The dataset's diverse and multilingual nature enables robust testing and validation, enhancing the generalizability of the models.",https://www.semanticscholar.org/paper/63a71de0dafc90910e37a2b07169ff486d9b5fe5 (2019),https://commonvoice.mozilla.org/en/datasets,https://doi.org/10.1109/APSIPAASC63619.2025.10848811 (2024)
148,Assamese,Dakshina dataset,Text,Machine Translation,"The Dakshina dataset is primarily used for training and evaluating machine translation, transliteration, and script conversion systems for Assamese and other Indic languages. It supports research on linguistic features, script characteristics, and information retrieval tasks. The dataset facilitates the development and evaluation of language processing tools, focusing on low-resource languages and cross-script conversion accuracy. It is also utilized for analyzing morphological and phonological features, enhancing model performance, and compiling datasets for processing South Asian languages written in the Latin script.",https://doi.org/10.3115/v1/N15-3017 (2015),https://github.com/google-research-datasets/dakshina,https://doi.org/10.48550/arXiv.2205.03018 (2022); https://doi.org/10.18653/v1/2023.findings-emnlp.4 (2022)
149,Assamese,EnAsCorp1.0,Text,Machine Translation,"The EnAsCorp1.0 dataset is used to compile and develop English-Assamese parallel and monolingual corpora, focusing on bilingual text alignment and translation quality. It enhances machine translation systems and linguistic resources, specifically addressing the improvement of translation accuracy and linguistic alignment in the context of English-Assamese translation.; The EnAsCorp1.0 dataset is used to compile an English-Assamese corpus for language research, focusing on bilingual text alignment and translation quality. It is also utilized to study linguistic patterns in Assamese, particularly phonetic and morphological structures. The dataset supports the development and evaluation of English-Assamese translation systems by providing parallel and monolingual data for training and evaluation.",https://doi.org/10.18653/v1/2020.loresmt-1.9 (2020),,https://doi.org/10.18653/v1/2023.wmt-1.56 (2023); https://doi.org/10.18653/v1/2024.wmt-1.54 (2024)
150,Assamese,English-Assamese (eng-asm),Text,Machine Translation,"The English-Assamese (eng-asm) dataset is used to compile a bilingual corpus for language research, focusing on text alignment and translation quality. It also supports studies on linguistic patterns in Assamese, particularly phonetic and morphological structures. This dataset enables researchers to analyze and improve bilingual text processing and understand the unique characteristics of the Assamese language.",https://www.semanticscholar.org/paper/bfdc43beebd1f0d2b24b8f1564a9072bb21a6a64 (2021),,https://doi.org/10.18653/v1/2023.wmt-1.56 (2023)
151,Assamese,GUIT Assamese Corpus,Text,Parsing and Tagging,"The GUIT Assamese Corpus is used to provide 30,000 sequences of Assamese text for linguistic analysis, focusing on the structure and usage of the Assamese language. Researchers employ this dataset to examine linguistic patterns and features, enabling detailed studies on the grammatical and syntactical aspects of Assamese.",,,https://doi.org/10.1109/ICMLANT59547.2023.10372865 (2023)
152,Assamese,HASOC 2023 test set,Text,Sentiment Analysis,"The HASOC 2023 test set is used to evaluate specialized models like BengaliSBERT, GujaratiSBERT, and assamese-bert, focusing on state-of-the-art performance in hate speech detection and offensive content classification. This dataset enables researchers to assess the effectiveness of these models in identifying and classifying harmful content, contributing to the development of more robust and culturally sensitive natural language processing systems.",https://doi.org/10.48550/arXiv.2211.11418 (2022),https://hasocfire.github.io/hasoc/2023/task1.html,https://doi.org/10.48550/arXiv.2310.02249 (2023)
154,Assamese,IndicCorp,Text,Transliteration,"The IndicCorp dataset is primarily used for training and evaluating models on Assamese language tasks, focusing on transliteration accuracy, consistency, and readability. It provides a large corpus of Indic language data, including parallel and monolingual texts, which supports the development of transliteration systems and enhances performance in language processing tasks. The dataset is also utilized for mining word pairs and creating lexical resources, contributing to multilingual text processing and machine translation, especially for low-resource languages like Assamese.",,https://opendatalab.com/OpenDataLab/IndicCorp,https://doi.org/10.18653/v1/2023.findings-emnlp.4 (2022)
155,Assamese,IndicTTS database,Speech,Speech Synthesis,"The IndicTTS database is used to select neutral-like utterances across a diverse range of domains, contributing to the creation of a comprehensive dataset for Indian languages. This methodology ensures a broad representation, enabling research in speech synthesis and natural language processing for multiple Indian languages.",https://doi.org/10.18653/v1/2024.acl-long.843 (2024),https://huggingface.co/collections/SPRINGLab/indictts-datasets-6757d20ec68d32dbcd3e3951,https://doi.org/10.48550/arXiv.2407.14056 (2024)
157,Assamese,L3Cube-IndicQuest,Text,Question Answering,"The L3Cube-IndicQuest dataset is used to evaluate the performance of large language models on question answering tasks specific to Indic languages. It focuses on assessing context sensitivity and knowledge accuracy, enabling researchers to analyze how well these models handle linguistic nuances and factual information in Indic languages.",https://doi.org/10.48550/arXiv.2409.08706 (2024),,https://doi.org/10.1109/RAIT65068.2025.11089369 (2025)
158,Assamese,Leipzig Corpora Collection (WikiDump),Text,Linguistic Analysis,"The Leipzig Corpora Collection (WikiDump) is used to provide a multi-lingual dataset consisting of Wikipedia content, enabling researchers to compare and analyze Assamese language data. This dataset facilitates linguistic analysis by offering a rich, structured resource that supports cross-linguistic studies and comparisons, enhancing understanding of the Assamese language within a broader multilingual context.",https://doi.org/10.1007/978-3-642-20128-8_8 (2013),https://wortschatz.uni-leipzig.de/en/download/Assamese,https://doi.org/10.1109/I3CS58314.2023.10127567 (2023)
159,Assamese,linked Indian Wordnets,Lexical,Lexicon/Dictionary,"The linked Indian Wordnets dataset is used to generate true cognate data, which is essential for creating a cognate dataset. This dataset specifically aids in improving the accuracy of phylogenetic trees for Indian languages, including Assamese. The methodology involves leveraging the structured lexical relationships within the Wordnets to identify and validate cognates, enhancing the precision of linguistic evolutionary studies.",https://doi.org/10.1145/3297001.3297045 (2019),https://github.com/cfiltnlp/IWN-En,https://www.semanticscholar.org/paper/f126edb612d87fe5b68b5170d242a2f2f31a2e0f (2020)
160,Assamese,Mann Ki Baat test set,Speech,Machine Translation,"The Mann Ki Baat test set is used to evaluate the translation quality and consistency of models translating the Indian Prime Minister’s speeches into 8 Indic languages, including Assamese. This dataset facilitates the assessment of translation accuracy and coherence, enabling researchers to compare model performance across different languages.",https://www.semanticscholar.org/paper/d0986c1792bb6565804985e3ecfd2cae4509a5c3 (2020),https://quiz.mygov.in/quiz/mann-ki-baat-100-quiz/,https://doi.org/10.1162/tacl_a_00452 (2021)
161,Assamese,Mozilla Common Voice,Speech,Speech Recognition/Understanding,"The Mozilla Common Voice dataset is used to evaluate the performance of pre-trained models combined with machine learning classifiers, specifically focusing on voice recognition accuracy. This dataset enables researchers to assess and improve the effectiveness of voice recognition systems by providing a diverse set of audio samples.",https://doi.org/10.1109/cvpr.2016.90 (2015),https://commonvoice.mozilla.org/en/datasets,https://doi.org/10.1109/ACCESS.2023.3316142 (2023)
162,Assamese,online handwritten Assamese characters dataset,Handwriting,Character Recognition,"The online handwritten Assamese characters dataset is used to collect and analyze samples of 121 conjunct consonants, 10 numeric characters, and 52 basic alphabetic characters. This dataset focuses on character recognition and analysis, employing methodologies that involve collecting online handwritten samples. It enables research into the accurate identification and classification of Assamese characters, supporting advancements in handwriting recognition technology.",,https://archive.ics.uci.edu/dataset/208/online+handwritten+assamese+characters+dataset,https://doi.org/10.3745/JIPS.02.0008 (2015)
163,Assamese,OPUS3,Text,Linguistic Research,"The OPUS3 dataset is used to collect sentence-aligned corpora for linguistic research. It has been utilized to gather data specifically for the Assamese language, enhancing linguistic studies by providing aligned sentences. The dataset, collected on 21 March 2021, supports research into language structure and usage, facilitating detailed analysis and comparison.",https://www.semanticscholar.org/paper/f4af3fe736b616452424d50cbd47d52f0a210582 (2020),https://opus.nlpl.eu/Samanantar/corpus/version/Samanantar,https://doi.org/10.1162/tacl_a_00452 (2021)
164,Assamese,"parallel corpus 20,000 (approx) sentences",Unknown,Not specified,"The dataset 'parallel corpus 20,000 (approx) sentences' is mentioned in the citation context but lacks detailed descriptions of its usage in specific research. Therefore, there is no evidence to describe its application, methodology, research questions, or enabling capabilities in any particular study.",https://www.semanticscholar.org/paper/c794da8601b9d77635d7204b49aa10decd4cacd7 (2015),,https://doi.org/10.1145/3469721 (2021)
166,Assamese,PMIndia,Text,Machine Translation,"The PMIndia dataset is used to explore parallel corpora of Indian languages, particularly Assamese, supporting language processing tasks and resource development. It provides parallel data for Assamese and other Indian languages, facilitating machine translation and cross-lingual research. This dataset enables researchers to develop and improve language technologies by leveraging its rich parallel text resources.; The PMIndia dataset is used to provide parallel data for Assamese and other Indian languages, enabling research in multilingual natural language processing and machine translation. It facilitates the development and evaluation of models that can handle multiple Indian languages, enhancing the accuracy and efficiency of translation systems.",https://www.semanticscholar.org/paper/81ed0e757ae2d66a43d73407ad6f7e0359adf6d7 (2020),,https://doi.org/10.18653/v1/2023.wmt-1.56 (2023); https://doi.org/10.18653/v1/2020.loresmt-1.9 (2020)
170,Assamese,Xlit-IITB-Par,Text,Machine Translation,"The Xlit-IITB-Par dataset is primarily used for transliteration research, focusing on improving the accuracy and consistency of transliteration models for Indian languages. It is applied to evaluate machine translation systems, compare parallel corpora, and enhance transliteration models by providing a diverse set of examples. The dataset is also used to study the readability and accuracy of transliterated content, particularly in children's stories.",https://www.semanticscholar.org/paper/a4a7467a02f9eef2e26dfec7efa01da936e8aa54 (2014),https://www.cfilt.iitb.ac.in/iitb_parallel/,https://doi.org/10.18653/v1/2023.findings-emnlp.4 (2022)
171,Assamese,XORQA,Text,Question Answering,"The XORQA dataset is used to develop and evaluate context-grounded question-answering (QA) systems for 11 Indic languages, including Assamese. It focuses on assessing the performance and capabilities of QA models in understanding and generating answers within specific linguistic contexts, thereby enabling researchers to improve multilingual QA systems for Indian languages.",https://doi.org/10.48550/arXiv.2407.13522 (2024),https://github.com/AkariAsai/XORQA,https://doi.org/10.1109/RAIT65068.2025.11089369 (2025)
172,Bavarian,automatically aligned German–Alemannic/Bavarian bitext,Text,Machine Translation,"The Bavarian dataset is used to create automatically aligned German–Alemannic/Bavarian bitexts, focusing on cross-lingual annotation and alignment for low-resource languages. This methodology involves aligning sentences between German and Bavarian/Alemannic dialects, enabling research in linguistic resource development and improving machine translation capabilities for under-resourced languages.",https://aclanthology.org/2023.nodalida-1.39 (2023),https://github.com/mainlp/dialect-BLI,https://doi.org/10.48550/arXiv.2304.09805 (2023)
173,Bavarian,Bavarian language dataset,Text,Parsing and Tagging,"The Bavarian language dataset is used for training and evaluating models in named entity recognition (NER) and part-of-speech tagging, particularly in non-standard German genres such as historical, chat, spoken, learner, and literary prose. It supports multilingual NER, enhancing cross-lingual performance. This dataset enables researchers to develop and test models that can accurately process and recognize entities in the Bavarian language, contributing to advancements in natural language processing for under-resourced languages.",,,https://doi.org/10.48550/arXiv.2403.12749 (2024)
175,Bavarian,Bavarian Treebank,Text,Parsing and Tagging,"The Bavarian Treebank is used to create a syntactically annotated corpus of Bavarian, which supports linguistic analysis and natural language processing tasks. It is employed to study the Bavarian language, focusing on linguistic features and dialectal variations. The dataset's syntactic annotations enable detailed examination of grammatical structures, enhancing understanding of the language's unique characteristics.",https://www.semanticscholar.org/paper/70026982e00bc01bec76148bfb7f14c982c4ab85 (2021),https://github.com/UniversalDependencies/UD_Bavarian-MaiBaam,https://doi.org/10.48550/arXiv.2304.09805 (2023)
176,Bavarian,bilingual Bavarian-German lexicon,Text,Machine Translation,"The bilingual Bavarian-German lexicon is used to train and evaluate translation systems, specifically focusing on the accuracy and coverage of the lexicon. This dataset enables researchers to assess the performance of translation models in converting between Bavarian and German, ensuring that the lexicon's comprehensive vocabulary supports high-quality translations.",https://www.semanticscholar.org/paper/56051929213235139795ed282f1ad0b30c549ac8 (2016),,https://doi.org/10.48550/arXiv.2304.09957 (2023)
177,Bavarian,BIOfid,Text,Named Entity Recognition,"The BIOfid dataset is used to analyze historical biodiversity literature in the Bavarian language, focusing on named entity recognition. Researchers employ natural language processing techniques to identify and categorize entities within the texts. This enables detailed analysis of historical biological data, enhancing understanding of biodiversity over time. The dataset's focus on Bavarian language sources provides unique insights into regional biodiversity history.; The BIOfid dataset is used to train models for NLP tasks, specifically focusing on the Bavarian language. It enables the analysis of linguistic patterns and entity recognition in historical biodiversity literature. This dataset supports research into the linguistic structure and content of historical texts, enhancing understanding and processing of specialized historical documents.",https://www.semanticscholar.org/paper/ed20e4ca1741b8b3a74a049010435cb6bf815c2d (2016),,https://doi.org/10.48550/arXiv.2403.12749 (2024)
180,Bavarian,DBÖ,Text,Lexicon/Dictionary,"The DBÖ dataset is used as a knowledge base for a comprehensive, joint approach combining dictionary and atlas data, specifically for the Bavarian language. It is utilized to curate, enrich, interlink, and publish Bavarian linguistic data in the LLOD platform, enhancing data management and interoperability. This enables detailed linguistic research and resource integration.",,"https://euralex.org/publications/database-of-bavarian-dialects-dbo-electronically-mapped-dboema-a-system-for-archiving-maintaining-and-field-mapping-of-heterogeneous-dialect-data-for-the-compilation-of-dialect-lexicons/#:~:text=Dialect%20Lexicons%20%E2%80%93%20Euralex-,Database%20of%20Bavarian%20Dialects%20(DB%C3%96)%20Electronically%20Mapped%20(dbo@,the%20Compilation%20of%20Dialect%20Lexicons&text=dbo@ema%20is%20a%20system,to%20the%20project%20dbo@ema.",https://www.semanticscholar.org/paper/a6653831335ca1101160c8959e1c622302c6a81f (2020)
181,Bavarian,DCK,Unknown,Not specified,"The dataset 'DCK' is mentioned in the citation context but lacks detailed descriptions of its usage, methodology, research questions, or specific characteristics. Therefore, there is insufficient evidence to provide a comprehensive description of how this dataset is actually used in research.",https://doi.org/10.1515/ZGL-2013-0009 (2013),https://www.uni-due.de/germanistik/beisswenger/aktivitaeten.php,https://www.semanticscholar.org/paper/56051929213235139795ed282f1ad0b30c549ac8 (2016)
183,Bavarian,German NoSta-D,Text,Named Entity Recognition,"The German NoSta-D dataset is used for Named Entity Recognition (NER) annotations in non-standard German genres. It includes historical, chat, spoken, learner, and literary prose data. Researchers employ this dataset to enhance NER models, addressing the challenges of varied and non-standard language forms. This enables more accurate entity recognition in diverse textual contexts, improving the robustness of natural language processing systems.",,https://www.linguistik.hu-berlin.de/de/institut/professuren/korpuslinguistik/forschung/nosta-d,https://doi.org/10.48550/arXiv.2403.12749 (2024)
184,Bavarian,GermEval 2014,Text,Named Entity Recognition,"The GermEval 2014 dataset is used to guide Named Entity Recognition (NER) annotations in Bavarian, aligning with German annotation guidelines and dataset structure. This facilitates consistent and standardized NER tasks, enabling researchers to develop and evaluate NER models specifically for the Bavarian language. The dataset's structured format supports the creation of annotated corpora, enhancing the accuracy and reliability of NER systems in Bavarian.; The GermEval 2014 dataset is used to study the Bavarian language by applying fine-grained annotations to derived and partially-contained named entities. Researchers adapt this dataset to enhance the precision of named entity recognition, focusing on linguistic nuances specific to Bavarian. This approach aids in developing more accurate natural language processing models for under-resourced languages.","https://www.semanticscholar.org/paper/0a1cf8dbb859c13cbdb40788d7e69060155f9d77 (2014), https://www.semanticscholar.org/paper/9b644bf5262e0d02d7ac25dab509d07d240b263a (2014)",https://sites.google.com/site/germeval2014ner/,https://doi.org/10.48550/arXiv.2403.12749 (2024)
186,Bavarian,Kontatti corpus,Speech,Linguistic Analysis,"The Kontatti corpus is used to analyze Bavarian speech data, focusing on multidialectal variations within the Bavarian language. It contributes to linguistic studies by eliciting comparable spoken data in minor languages, enabling researchers to make detailed observations about linguistic features and variations.",https://doi.org/10.22210/suvlin.2019.088.07 (2020),https://kontatti.projects.unibz.it/category/corpus/,https://doi.org/10.48550/arXiv.2403.10293 (2024)
189,Bavarian,NoStaD,Unknown,Not specified,"The dataset 'NoStaD' is mentioned in the citation context but lacks detailed descriptions of its usage, methodology, research questions, or specific characteristics. Therefore, there is insufficient evidence to provide a comprehensive description of how it is actually used in research.",https://www.semanticscholar.org/paper/0a1cf8dbb859c13cbdb40788d7e69060155f9d77 (2014),,https://doi.org/10.48550/arXiv.2403.12749 (2024)
193,Bavarian,XSID,Speech,Intent Classification and Slot Filling,"The xSID dataset is primarily used to test and enhance prediction accuracy in Bavarian dialects, particularly for slot and intent detection in digital assistant queries. It serves as a benchmark for comparing performance across different Bavarian dialects, such as South Tyrolean and Upper Bavarian. The dataset has been extended with additional dialectal data from various regions, including Upper Bavaria, Bernese Swiss German, Neapolitan, and Norwegian dialects, to support multilingual spoken language understanding tasks. This extension aids in evaluating the generalizability of models and studying the variability and standardization of Upper German dialects.; The XSID dataset is used to train and evaluate cross-linguistic models, particularly for Bavarian language tasks, including intent classification and slot filling. It focuses on the Austro-Bavarian German dialect, with 800 sentences per language, totaling 10,000 sentences. This dataset supports research in natural language processing, enabling the analysis and improvement of model performance on low-resource dialects like South Tyrolean (de-st).","https://www.semanticscholar.org/paper/d2dac0f91d12e2aa0c2471052fb8887cd81aa2ad (2024), https://doi.org/10.1109/ICASSP.2013.6639292 (2013)",https://huggingface.co/datasets/SEACrowd/xsid,https://doi.org/10.48550/arXiv.2501.03863 (2025); https://doi.org/10.48550/arXiv.2403.10293 (2024); https://doi.org/10.18653/V1/2021.NAACL-MAIN.197 (2021); https://www.semanticscholar.org/paper/733f61bfa5bffa1cebeceb0d22dfc654b3a7b911 (2024)
715,Bhojpuri,Bhojpuri,Unknown,Not specified,"The Bhojpuri dataset is mentioned in research citations but lacks detailed descriptions of its usage. There is no explicit information on specific methodologies, research questions, or characteristics of the dataset. Therefore, it cannot be accurately described how this dataset is used in research based on the provided evidence.",https://doi.org/10.1162/tacl_a_00065 (2016),https://huggingface.co/datasets/ankur02/bhojpuri,https://www.semanticscholar.org/paper/71a88ba9a07a7a290755430c2c6282008b85db12 (2019)
716,Bhojpuri,Bhojpuri UD,Text,Parsing and Tagging,"The Bhojpuri UD dataset is used to evaluate the performance of part-of-speech (POS) tagging in Bhojpuri, specifically focusing on the accuracy of universal dependency annotations. Researchers employ this dataset to assess and improve the precision of linguistic tagging tools, contributing to the development of more reliable natural language processing systems for the Bhojpuri language.",https://www.semanticscholar.org/paper/cc58ebb219feb0f6da5c0f52bed1721dcc4068a1 (2020),https://github.com/UniversalDependencies/UD_Bhojpuri-BHTB,https://doi.org/10.18653/v1/2024.findings-acl.857 (2024)
717,Bhojpuri,IITKGP-MLILSC,Speech,Language Identification,"The IITKGP-MLILSC dataset is used to develop and evaluate language identification systems, focusing on 27 Indian languages, including Bhojpuri. It employs speech data to enhance the accuracy of language recognition models. This dataset enables researchers to address the challenge of distinguishing between closely related Indian languages, contributing to advancements in multilingual speech processing and language technology.",https://doi.org/10.1109/NCC.2012.6176831 (2012),,https://doi.org/10.21437/s4sg.2022-1 (2022)
718,Bhojpuri,IndicVoices,Speech,Speech Recognition/Understanding,"The IndicVoices dataset is used to improve Automatic Speech Recognition (ASR) systems for Bhojpuri, a low-resource Indian language. It provides a large-scale, curated collection of audio and text pairs, which are leveraged to enhance ASR performance through web-mined data. This dataset supports ASR development by offering a diverse and rich set of audio and text pairs, thereby improving ASR accuracy and system robustness.",https://doi.org/10.1109/ICASSP49357.2023.10096933 (2022),https://github.com/AI4Bharat/IndicVoices,https://www.semanticscholar.org/paper/3a67a93afc0b0c3caf580ebb73d66d9a1b575c21 (2025)
a,Bhojpuri,SpeeS-IA,Unknown,Not specified,No feature description available.,https://doi.org/10.48550/arXiv.2206.12931 (2022),https://github.com/kmi-linguistics/SpeeD-IA,https://www.semanticscholar.org/paper/3a67a93afc0b0c3caf580ebb73d66d9a1b575c21 (2025)
722,Bhojpuri,ULCA NewsOnAir,Speech,Speech Recognition/Understanding,"The ULCA NewsOnAir dataset is used to train monolingual Bhojpuri models, focusing on enhancing speech recognition and language modeling. It provides 133.4 hours of news broadcast data, which improves the model's understanding of spoken language and robustness in diverse speech contexts, particularly in conversational speech. This dataset contributes to advancing the performance of Bhojpuri speech recognition systems by offering rich, varied speech data.",,https://github.com/Open-Speech-EkStep/ULCA-asr-dataset-corpus,https://www.semanticscholar.org/paper/3a67a93afc0b0c3caf580ebb73d66d9a1b575c21 (2025)
a,Bhojpuri,Vaani,Unknown,Not specified,No feature description available.,,https://vaani.iisc.ac.in/,https://www.semanticscholar.org/paper/3a67a93afc0b0c3caf580ebb73d66d9a1b575c21 (2025)
758,Burmese,Basic Travel Expression Corpus (BTEC),Speech,Speech Recognition/Understanding,"The Basic Travel Expression Corpus (BTEC) is used to construct foundational travel-related expressions for the Myanmar language, specifically for the PBC. It is employed to train and evaluate neural network-based TTS systems and ASR models for Burmese, focusing on phonetic balance, coverage, and accuracy in speech recognition and synthesis.",https://doi.org/10.21437/Eurospeech.2003-150 (2003),,https://www.semanticscholar.org/paper/fdb63df962f8411726d277480699564321a2648d (2020)
759,Burmese,high-quality in-house Burmese speech dataset,Speech,Speech Synthesis,"The high-quality in-house Burmese speech dataset is used to develop the first statistical parametric Burmese text-to-speech (TTS) system based on Hidden Markov Models (HMMs). This dataset focuses on enhancing the quality of speech synthesis, enabling researchers to improve the naturalness and intelligibility of synthesized Burmese speech. The dataset's high quality and in-house nature provide essential acoustic data for training and refining HMM-based TTS models.",https://doi.org/10.21437/Interspeech.2015-132 (2015),https://www.openslr.org/80/,https://www.semanticscholar.org/paper/fdb63df962f8411726d277480699564321a2648d (2020)
760,Burmese,in-house diphone database,Speech,Speech Recognition/Understanding,"The in-house diphone database is used to develop diphone-based concatenative synthesis systems for Burmese TTS applications, focusing on enhancing speech synthesis quality and naturalness through phonetic units and concatenation techniques. It also serves as a speech corpus for training and evaluating automatic speech recognition (ASR) models in Burmese, facilitating advancements in both TTS and ASR technologies.",https://www.semanticscholar.org/paper/901b36e56d80f2e36eab150d85d631450b23785e (2013),,https://www.semanticscholar.org/paper/fdb63df962f8411726d277480699564321a2648d (2020)
761,Burmese,Myanmar Language Commission (MLC),Text,Script Analysis and Normalization,"The Myanmar Language Commission (MLC) dataset is used to obtain standard graphemes for Burmese language processing. Researchers focus on linguistic data for script analysis and normalization, employing the dataset to ensure consistency and accuracy in representing Burmese script. This enables precise linguistic analysis and supports the development of computational tools for Burmese language processing.",,https://en.wikipedia.org/wiki/Myanmar%E2%80%93English_Dictionary,https://www.semanticscholar.org/paper/fdb63df962f8411726d277480699564321a2648d (2020)
762,Burmese,myNER corpus,Text,Named Entity Recognition,"The myNER corpus is used for named entity recognition (NER) experiments, focusing on evaluating the performance of NER models on Burmese language data. This dataset enables researchers to test and refine NER algorithms, addressing specific challenges in identifying and classifying named entities within the Burmese language.",https://doi.org/10.1016/j.heliyon.2022.e10375 (2022),https://github.com/ye-kyaw-thu/myNER,https://doi.org/10.1109/ICCI64209.2025.10987237 (2025)
763,Burmese,myPOS,Text,Parsing and Tagging,"The 'myPOS' dataset is used to train and evaluate a Myanmar POS tagger, specifically extending the existing corpus with a standardized set of 15 POS tags. This dataset enables researchers to develop and refine POS tagging models for the Burmese language, enhancing the accuracy and robustness of natural language processing tools in this linguistic domain.",,https://github.com/ye-kyaw-thu/myPOS,https://doi.org/10.1016/j.heliyon.2022.e10375 (2022)
764,Burmese,speech corpus for Myanmar language,Speech,Not specified,"The 'speech corpus for Myanmar language' dataset is mentioned in research citations but lacks detailed descriptions of its usage. There is no explicit information on specific methodologies, research questions, or characteristics of the dataset. Therefore, based on the provided evidence, it cannot be accurately described how this dataset is used in research.",https://doi.org/10.1109/ICSDA.2017.8384451 (2017),,https://doi.org/10.11591/ijece.v9i4.pp3194-3202 (2019)
765,Burmese,UCSY-SC1,Speech,Speech Recognition/Understanding,"The UCSY-SC1 dataset is used for automatic speech recognition (ASR) in Burmese, serving as a speech corpus to train and evaluate ASR models. This dataset enables researchers to develop and refine ASR systems specifically tailored for the Burmese language, enhancing accuracy and performance in speech-to-text applications.",https://doi.org/10.11591/ijece.v9i4.pp3194-3202 (2019),,https://www.semanticscholar.org/paper/fdb63df962f8411726d277480699564321a2648d (2020)
766,Burmese,Wikipedia Burmese data,Text,Word Embedding,"The Wikipedia Burmese data dataset is used to train fastText embeddings, specifically focusing on subword information to enhance word vectors in the Burmese language. This methodology leverages the dataset's rich textual content to improve the representation of Burmese words, enabling more nuanced and contextually accurate natural language processing tasks.",https://doi.org/10.1162/tacl_a_00051 (2016),https://www.kaggle.com/datasets/myominhtet/burmese-wikipedia-articles144k,https://doi.org/10.1109/ICCI64209.2025.10987237 (2025)
770,Cameroon Pidgin,Spoken Corpus of Cameroon Pidgin English,Speech,Linguistic Analysis,"The 'Spoken Corpus of Cameroon Pidgin English' is used to analyze the grammatical structure and linguistic features of spoken Cameroon Pidgin English. Researchers focus on syntactic patterns, morphological features, and usage patterns in natural speech. This dataset enables detailed linguistic analysis by providing authentic spoken data, facilitating a deeper understanding of the language's structure and usage.",,https://sussex.figshare.com/articles/online_resource/A_spoken_corpus_of_Cameroon_Pidgin_English_pilot_study/23436653?file=41148716,https://doi.org/10.1163/19552629-01201003 (2019)
818,Cebuano,Bible in Cebuano,Text,Translation and Textual Analysis,"The 'Bible in Cebuano' dataset is used to study linguistic aspects of the Cebuano language, particularly through the translation and textual analysis of biblical passages. Researchers employ this dataset to examine the nuances and complexities of Cebuano translations, focusing on how religious texts are rendered in the language. This analysis helps in understanding the linguistic and cultural adaptations in Cebuano biblical translations.",https://doi.org/10.1007/s10579-014-9287-y (2014),https://github.com/Jaden-J/OfflineBible-Data,https://doi.org/10.1145/3342827.3342833 (2019)
820,Central Kurdish,"15,000 text documents",Text,Sentiment Analysis,"The dataset of 15,000 text documents is used to develop sentiment analyzers for Kurdish, specifically focusing on social network texts. Researchers employ a naive Bayes classifier with a bag-of-words approach, using 8000 positive and 7000 negative reviews to train the model. This enables the analysis of sentiment in Kurdish online communications, enhancing understanding of public opinion and social dynamics.",https://doi.org/10.21928/juhd.v1n4y2015.pp393-397 (2015),,https://doi.org/10.48550/arXiv.2304.04703 (2023)
821,Central Kurdish,An extensive dataset of handwritten central Kurdish isolated characters,Handwriting,Character Recognition,"The dataset of handwritten central Kurdish isolated characters is used to develop and evaluate deep learning models for character recognition. It focuses on enhancing e-government services through automation, specifically by improving the accuracy and efficiency of processing handwritten documents. The dataset's extensive coverage of isolated characters supports robust model training and evaluation.",https://doi.org/10.1016/j.dib.2021.107479 (2021),,https://doi.org/10.11591/ijeecs.v35.i3.pp1865-1875 (2024)
822,Central Kurdish,annotated corpus for abstractive Kurdish text summarization,Text,Summarization,"The annotated corpus for abstractive Kurdish text summarization is used to develop and evaluate models that generate concise summaries from longer texts in the Kurdish language. This dataset enables researchers to focus on improving the accuracy and coherence of abstractive summarization techniques, specifically tailored for the linguistic nuances of Kurdish.",,,https://doi.org/10.48550/arXiv.2504.14630 (2025)
823,Central Kurdish,AsoSoft corpus,Text,Parsing and Tagging,"The AsoSoft corpus is used for Central Kurdish language research, particularly in evaluating linguistic rules and processing. It contains 188M words from news, books, and magazines, enabling the assessment of rule consistency, word selection, and context extraction. The dataset supports experiments in language processing, morphological analysis, and the identification of standard and nonstandard forms through tagging and frequency analysis.; The AsoSoft corpus is used in research to analyze and process the Central Kurdish language, focusing on identifying standard and nonstandard forms, and evaluating language models. It contains 188M tokens from various sources, enabling training and evaluation of NLP tasks like tokenization, part-of-speech tagging, and parsing. The corpus supports linguistic experiments, morphological analysis, and the development of text corpora, addressing specific challenges in Central Kurdish language processing.",https://doi.org/10.1093/LLC/FQY074 (2019),https://asosoft.github.io/resources/TextCorpus.html,https://doi.org/10.1007/s42803-022-00062-7 (2021)
826,Central Kurdish,BD-4SK-ASR,Speech,Speech Recognition/Understanding,"The BD-4SK-ASR dataset is used to develop and evaluate speech recognition systems for Sorani Kurdish, focusing on the linguistic and phonetic features of the Central Kurdish language. It includes primary school texts from Iraq’s Kurdistan Region, containing 200 sentences, which are utilized to enhance the accuracy and robustness of speech recognition models.",https://www.semanticscholar.org/paper/72dd600355084dc51d1ebc6d0b5cac26ec9e09ec (2019),https://github.com/KurdishBLARK/BD-4SK-ASR,https://doi.org/10.21928/uhdjst.v6n2y2022.pp117-125 (2022)
827,Central Kurdish,Central Kurdish-English parallel corpus,Multimodal,Machine Translation,"The Central Kurdish-English parallel corpus is used to study translation quality and linguistic features in Central Kurdish, particularly in domains like TED Talks, digital books, and academic content. It is also utilized to build a speech recognition system, focusing on pronunciation lexicon and speech data. Additionally, the dataset is employed to correct common text errors using before-and-after pairs and to analyze and process textual data for linguistic research.",https://www.semanticscholar.org/paper/602db1616942b9d4d408b4934c766da8e67854f4 (2021),https://kailab.org/datasets/dataset-3/,https://www.semanticscholar.org/paper/9ca17bf6931ddae814ad440557377107bc334195 (2021)
828,Central Kurdish,CK verb database,Text,Lexicon/Dictionary,"The CK verb database is used to compile a comprehensive and accurate list of Central Kurdish verbs, leveraging dictionary entries and linguistic studies. It provides about 7K main entries and 18.9K subentries, serving as an essential resource for linguistic research by enabling the collection of a robust Central Kurdish lexicon. This dataset supports research requiring precise and extensive verb data, enhancing the accuracy and completeness of linguistic analyses.; The CK verb database is used to compile a comprehensive list of Central Kurdish verbs, focusing on their linguistic structure and usage within the Central Kurdish language. This dataset enables researchers to analyze and document the verb system, contributing to linguistic studies and the understanding of Central Kurdish grammar.",https://www.semanticscholar.org/paper/4ddb51690435785cdadbe3ce3907a5f3495acb46 (1966),,https://doi.org/10.1007/s42803-022-00062-7 (2021)
829,Central Kurdish,"dataset containing 14,881 comments from various Facebook pages",Text,Sentiment Analysis,"The dataset containing 14,881 comments from various Facebook pages is used for sentiment analysis of Kurdish comments. Researchers focus on creating and evaluating this dataset to understand public opinion and emotional responses. The methodology involves analyzing the textual content to gauge sentiments, providing insights into how the public reacts to various topics on social media.",https://doi.org/10.37652/juaps.2022.176501 (2022),https://www.philstat.org/index.php/MSEA/article/view/890,https://doi.org/10.48550/arXiv.2304.04703 (2023)
832,Central Kurdish,Jira speech corpus,Speech,Speech Recognition/Understanding,"The Jira speech corpus is utilized in various aspects of Kurdish language processing. It is employed to design and build speech recognition systems, correct common text errors, and construct a parallel corpus for Central Kurdish-English translation. Additionally, it is used to train GloVe embeddings and collect textual data for NLP experiments, leveraging its extensive content from diverse sources such as TED Talks, digital books, and academic texts.",https://www.semanticscholar.org/paper/602db1616942b9d4d408b4934c766da8e67854f4 (2021),,https://www.semanticscholar.org/paper/9ca17bf6931ddae814ad440557377107bc334195 (2021)
833,Central Kurdish,KSLexicon,Text,Parsing and Tagging,"The KSLexicon dataset is used to support linguistic analysis and natural language processing tasks in the Central Kurdish language, specifically the Sorani dialect. It involves tagging 35,000 Sorani entries with 28 part-of-speech tags and annotating data according to six categories. This enables detailed linguistic research and enhances the development of NLP tools for Central Kurdish.",,,https://www.semanticscholar.org/paper/364d25c670ab7d8cab8a05e7521aae0e342f23b0 (2022)
838,Central Kurdish,Kurdish (Sorani) Named Entities,Text,Named Entity Recognition,"The Kurdish (Sorani) Named Entities dataset is used to enhance the Kurdish-BLARK Named Entities dataset, specifically focusing on improving named entity recognition in the Sorani Kurdish dialect. This involves refining the identification and classification of named entities, which aids in developing more accurate natural language processing tools for the Sorani Kurdish language.",https://doi.org/10.48550/arXiv.2301.04962 (2023),https://kurdishblark.github.io/,https://doi.org/10.1016/j.dib.2025.111839 (2025)
835,Central Kurdish,Kurdish Corpus,Text,Parsing and Tagging,"The Kurdish Corpus is used for developing and evaluating tools for text pre-processing, tokenization, stemming, transliteration, and lemmatization in Central Kurdish language processing. These methodologies focus on enhancing the accuracy and efficiency of linguistic tools, addressing specific challenges in Central Kurdish, such as morphological complexity and script variations. The dataset enables researchers to test and refine algorithms, improving natural language processing capabilities for this under-resourced language.",https://doi.org/10.1177/0165551516683617 (2018),,https://doi.org/10.37652/juaps.2022.176501 (2022)
836,Central Kurdish,Kurdish Language (2100 words),Speech,Speech Recognition/Understanding,"The Kurdish Language (2100 words) dataset is used to develop a text-to-speech (TTS) system for the Kurdish language. Researchers focus on the phonetic and quality aspects of the data, employing methodologies that enhance the accuracy and naturalness of TTS output. This dataset enables the creation of more effective and realistic speech synthesis for Kurdish, addressing the need for high-quality TTS systems in this language.",https://doi.org/10.1109/ICDT.2009.29 (2009),,https://doi.org/10.24271/psr.2022.351832.1149 (2022)
839,Central Kurdish,Kurdish Textbook Corpus (KTC),Text,Language Documentation and Preservation,"The Kurdish Textbook Corpus (KTC) is used to develop parallel corpora for the Central Kurdish language, specifically focusing on K-12 school textbooks from the Kurdistan Region of Iraq. This dataset enables researchers to create linguistic resources for less-resourced languages, enhancing the availability of educational materials and supporting language documentation and preservation efforts.",https://www.semanticscholar.org/paper/6ad3ffae7d0f087f04b20434fbd4d91e5ea5b7b7 (2019),https://sinaahmadi.github.io/resources/ktc.html,https://doi.org/10.48550/arXiv.2305.06747 (2023)
842,Central Kurdish,Pewan text corpus,Text,Linguistic Analysis,"The Pewan text corpus is used to analyze and compare Central Kurdish and Northern Kurdish texts, focusing on linguistic differences and similarities. Collected from online news agencies, the dataset enables researchers to introduce and examine these dialects using textual analysis methods, providing insights into their structural and lexical variations.; The Pewan text corpus is used to introduce and analyze Central Kurdish and Northern Kurdish languages, focusing on linguistic features and linguistic comparisons. Researchers employ the dataset to explore specific linguistic characteristics, enabling detailed analyses and comparisons between these Kurdish dialects. This corpus facilitates a deeper understanding of the structural and functional aspects of these languages.",https://www.semanticscholar.org/paper/2fb97d01e987a798958472d384ecbb533a321996 (2013),https://sinaahmadi.github.io/resources/pewan.html,https://www.semanticscholar.org/paper/602db1616942b9d4d408b4934c766da8e67854f4 (2021); https://doi.org/10.1007/s10579-022-09594-4 (2022)
843,Central Kurdish,raw corpus of Sorani Kurdish,Unknown,Not specified,"The 'raw corpus of Sorani Kurdish' dataset is mentioned in research citations but lacks detailed descriptions of its usage. There is no explicit information on specific methodologies, research questions, or applications. The dataset's role in enabling research is not clearly defined based on the provided evidence.",https://www.semanticscholar.org/paper/b103e1ec19f19780c2b172be85b2f0863fa20c8b (2010),,
844,Central Kurdish,small corpus of size 590K tokens,Text,Morphological Analysis,"The small corpus of 590K tokens is used to develop a morphological lexicon for Central Kurdish, focusing on linguistic features. It is employed in training a semi-supervised method, enabling researchers to enhance the accuracy and coverage of morphological analysis in Central Kurdish. This dataset's size and focus on linguistic features make it suitable for building robust morphological models.; The dataset 'small corpus of size 590K tokens' is mentioned in the citation context but lacks detailed descriptions of its usage. Therefore, there is no specific evidence to describe its application, methodology, research questions, or enabling capabilities in any particular research area.",https://www.semanticscholar.org/paper/b103e1ec19f19780c2b172be85b2f0863fa20c8b (2010),https://shs.hal.science/halshs-00751634v1/document,https://www.semanticscholar.org/paper/602db1616942b9d4d408b4934c766da8e67854f4 (2021)
847,Central Pashto,Central Pashto Corpus,Text,Parsing and Tagging,"The Central Pashto Corpus is used to develop and evaluate natural language processing (NLP) models for the Central Pashto language. Specifically, it focuses on text normalization and tokenization tasks. This dataset enables researchers to improve the accuracy and efficiency of NLP models tailored for Central Pashto, addressing challenges unique to the language's structure and usage.",https://doi.org/10.1117/12.2003731 (2013),https://www.spiedigitallibrary.org/conference-proceedings-of-spie/8658/1/A-segmentation-free-approach-to-Arabic-and-Urdu-OCR/10.1117/12.2003731.short,https://doi.org/10.1155/2021/3543816 (2021)
848,Central Pashto,Gold-Standard Pashto Dataset,Text,Parsing and Tagging,"The Gold-Standard Pashto Dataset is used to develop and evaluate segmentation algorithms for Central Pashto text. It consists of 300 text-line images from three Pashto books, enabling researchers to test and refine algorithms specifically tailored for the segmentation of Pashto text. This dataset facilitates the advancement of text processing techniques for the Central Pashto language.",https://doi.org/10.6017/ITAL.V40I1.12553 (2021),https://ital.corejournals.org/index.php/ital/article/view/12553,https://doi.org/10.1109/ACCESS.2022.3216881 (2022)
849,Central Pashto,KPTI,Multimodal,Character Recognition,"The KPTI dataset is used to provide a text imagebase and deep learning benchmark for the Pashto language, focusing on character recognition and text analysis. It contains real Pashto calligraphic contents and is employed in deep learning benchmarking and text image analysis, enabling researchers to develop and evaluate algorithms for processing and recognizing Pashto script.",https://doi.org/10.1109/ICFHR.2016.0090 (2016),,https://doi.org/10.1109/ICDAR.2017.359 (2017)
850,Central Pashto,Pashto characters database,Text,Optical Character Recognition,The Pashto characters database is used for simulation and experimental work focused on handwritten Pashto character recognition. Researchers apply Zernike Moments and Linear Discriminant Analysis to this dataset to develop and test algorithms for recognizing handwritten Pashto characters. This enables advancements in optical character recognition technology specific to the Pashto script.,https://doi.org/10.22581/MUET1982.2101.14 (2021),https://www.techrxiv.org/doi/full/10.36227/techrxiv.13713337.v1,https://doi.org/10.1155/2021/3543816 (2021)
851,Central Pashto,POLD,Text,Offensive Detection,"A benchmark dataset called the Pashto Offensive Language Dataset (POLD), which comprises tweets collected from Twitter and manually classified into two categories: “offensive” and “not offensive”.",https://doi.org/10.7717/peerj-cs.1617 (2023),https://zenodo.org/record/8195797,
852,Central Pashto,synthetic dataset,Text,OCR,"The synthetic dataset is used to analyze the shape of Pashto script ligatures, focusing on 1000 unique ligatures across four different font sizes. This dataset supports OCR development by providing a structured set of ligatures, enabling researchers to test and improve recognition algorithms specifically for the Pashto script.",https://doi.org/10.1109/ICET.2009.5353160 (2009),,https://doi.org/10.1109/ACCESS.2022.3216881 (2022)
853,Chichewa,CMU Wilderness dataset,Speech,Speech Recognition/Understanding,"The CMU Wilderness dataset provides high-quality, single-speaker speech data for several African languages, including Chichewa. Despite containing noisy alignments and not being publicly available, it is utilized in research to enhance speech recognition and processing systems for under-resourced languages. The dataset's specific characteristics, such as its single-speaker nature, support the development and evaluation of speech models tailored to African languages.",https://doi.org/10.1109/ICASSP.2019.8683536 (2019),http://festvox.org/cmu_wilderness/,https://doi.org/10.48550/arXiv.2207.03546 (2022)
1719,Chittagonian,Chittagonian-Bangla Dataset,Text,Linguistic Analysis,"The Chittagonian-Bangla Dataset, comprising over 5000 samples, is used to validate linguistic distinctions between Chittagonian and Bangla languages. This dataset fills a gap in the availability of resources for these languages, enabling researchers to conduct empirical analyses and contribute to the understanding of their unique linguistic features.",https://doi.org/10.1109/icccnt45670.2019.8944868 (2019),,https://doi.org/10.3390/electronics13091677 (2024)
1975,Dholuo,Autshumato,Text,Machine Translation,"The Autshumato dataset is used for machine translation research, specifically to improve the translational accuracy between official South African languages. It focuses on evaluating language pairs, which may include Dholuo, to enhance the quality and reliability of translations. This dataset enables researchers to test and refine machine translation models, addressing the specific challenges of translating between less commonly studied languages.",https://www.semanticscholar.org/paper/feed9002765ede951407801628ab5e4cdc96b60b (2009),https://repo.sadilar.org/items/c6b36522-9531-4ec0-9565-17c7524404a0,https://doi.org/10.21248/jlcl.36.2023.243 (2022)
1977,Dholuo,Dholuo,Text,Question Answering,"The Dholuo dataset is used to investigate question answering in the Dholuo language, specifically focusing on information-seeking queries. Researchers employ this dataset to explore typological diversity in language processing, utilizing it to analyze and improve the handling of diverse linguistic structures in computational models. This enables more effective and culturally relevant information retrieval systems for under-resourced languages like Dholuo.",https://doi.org/10.1162/tacl_a_00317 (2020),,https://doi.org/10.21248/jlcl.36.2023.243 (2022)
1978,Dholuo,SAWA corpus,Text,Machine Translation,"The SAWA corpus is used to construct a trilingual parallel corpus (English-Luo-Swahili) for computational and linguistic analysis. It leverages chapter and verse indications for paragraph alignment, facilitating cross-linguistic studies, particularly focusing on the New Testament data. This enables detailed morphological and linguistic analyses across the three languages.",https://doi.org/10.5788/18-0-488 (2009),,https://www.semanticscholar.org/paper/ead82aa52dd095cede73531344a382b2b867c79b (2010)
2135,Eastern Oromo,K-MHaS,Text,Hate Speech Detection,"The K-MHaS dataset is used for multi-label hate speech recognition in the Eastern Oromo language, specifically focusing on intersectionality and subjectivity in news comments. Researchers employ this dataset to analyze and classify hate speech, considering the nuanced contexts and overlapping identities present in the data. This enables a deeper understanding of how hate speech manifests in online discourse within the Eastern Oromo community.",https://doi.org/10.48550/arXiv.2208.10684 (2022),https://github.com/adlnlp/K-MHaS,https://doi.org/10.1109/CCET56606.2022.10080837 (2022)
2137,Eastern Oromo,Unsupervised OPDO official Facebook page,Text,Sentiment Analysis,"The Unsupervised OPDO official Facebook page dataset is used for unsupervised opinion mining to analyze sentiments in Afaan Oromoo, specifically focusing on positive, negative, and neutral reviews from the OPDO official Facebook page. This methodology involves extracting and categorizing textual data to understand public opinions and reactions to political content. The dataset's relevance lies in its ability to capture real-time, unfiltered public sentiment, enabling researchers to study the dynamics of political discourse and public perception in the Afaan Oromoo-speaking community.",,,https://doi.org/10.7176/nmmc/92-01 (2020)
2138,Eastern Punjabi,benchmark dataset of Gurumukhi offline handwritten Tehsil and Sub-tehsil names from Punjab,Text,Not specified,"The 'benchmark dataset of Gurumukhi offline handwritten Tehsil and Sub-tehsil names from Punjab' is mentioned in research citations but lacks detailed descriptions of its usage. No specific methodologies, research questions, or applications are provided, and the dataset's characteristics and research-enabling capabilities are not explicitly outlined in the available information.",,https://sites.google.com/view/gurmukhi-benchmark/,https://doi.org/10.1145/3593024 (2023)
2139,Eastern Punjabi,FakeNewsIndia,Text,Information Retrieval,"The FakeNewsIndia dataset is used to study fake news incidents in India, with a focus on collection methodology and impact assessment in social media. It is particularly relevant for understanding misinformation in the Eastern Punjabi language. Researchers use this dataset to analyze the spread and effects of fake news, employing methods that assess its impact on social media platforms.",https://doi.org/10.1016/j.comcom.2022.01.003 (2022),https://github.com/rishabhkaushal/fakenewsincidentsIndia,https://doi.org/10.48550/arXiv.2410.10407 (2024)
2141,Eastern Punjabi,NER corpus for the Shahmukhi,Unknown,Not specified,"The 'NER corpus for the Shahmukhi' dataset is mentioned in research citations but lacks detailed descriptions of its usage. There is no explicit information on specific methodologies, research questions, or applications. Therefore, based on the provided evidence, it cannot be definitively stated how this dataset is used in research.",https://doi.org/10.1145/3383306 (2020),,https://doi.org/10.4018/IJORIS.20210701.OA1 (2021)
4403,Gujarati,"10,000 pictures",Image,Character Recognition,"The '10,000 pictures' dataset is used to train and evaluate CNN and MLP models for recognizing handwritten Gujarati characters. It achieves success rates of 97.21% and 64.48%, respectively, highlighting its effectiveness in machine learning applications for character recognition. The dataset's large size and diverse set of images enable robust model training and evaluation, facilitating advancements in Gujarati language processing.",,,https://doi.org/10.62441/nano-ntp.v20is6.27 (2024)
4404,Gujarati,5000 images,Image,Character Recognition,"The '5000 images' dataset is used for classifying Gujarati alphabets using KNN and SVM classifiers. The primary focus is on achieving high accuracy in character recognition. This dataset enables researchers to develop and evaluate machine learning models specifically tailored for recognizing Gujarati characters, contributing to advancements in optical character recognition (OCR) technology for the Gujarati language.",https://doi.org/10.1007/s40012-014-0059-z (2015),,https://doi.org/10.1109/CISCT55310.2022.10046543 (2022)
4405,Gujarati,bilingual corpus,Text,Language Identification,"The bilingual corpus is used to perform language identification in English and Gujarati code-mixed data. Researchers focus on developing methods for accurate language detection in mixed-language texts, employing techniques that leverage the dataset's code-mixed characteristics to enhance the precision of language identification algorithms.",https://doi.org/10.1109/ic-ETITE47903.2020.410 (2020),,https://doi.org/10.1109/iSSSC50941.2020.9358837 (2020)
4407,Gujarati,custom speech corpus,Speech,Speech Recognition/Understanding,"The custom speech corpus is used to train and evaluate an HMM-based Automatic Speech Recognition (ASR) system for Gujarati, containing 650 regular Gujarati words. It supports research in Gujarati speech recognition by enabling the assessment of system performance, as evidenced by achieving a Word Error Rate (WER) of 12.7%. This dataset facilitates the development and refinement of ASR models tailored for the Gujarati language.",https://doi.org/10.1007/978-981-10-3920-1_46 (2018),,https://doi.org/10.1145/3483446 (2021)
4431,Gujarati,data set provided by Goswami et. al,Handwriting,Recognition,"The dataset provided by Goswami et al. is used to evaluate the performance of a proposed model on recognizing variable length numeral strings in Gujarati, specifically focusing on offline handwritten numeral recognition. It employs synthetically generated samples to test the model's accuracy and robustness in this domain. This dataset enables researchers to assess the effectiveness of their models in handling handwritten numerals, contributing to advancements in Gujarati language processing and recognition technologies.",https://doi.org/10.1504/IJAPR.2015.075955 (2015),,https://doi.org/10.1109/ICAITPR51569.2022.9844182 (2022)
4427,Gujarati,dataset of 3000 images,Image,Classification,"The dataset of 3000 images is used to classify Gujarati handwritten numerals. Researchers employ projection profiles and a neural network classifier, achieving 81.66% accuracy. This dataset specifically supports the development and evaluation of machine learning models for recognizing Gujarati numerals, enhancing the accuracy and reliability of numeral classification systems.",https://doi.org/10.1016/j.patcog.2010.01.008 (2010),,https://doi.org/10.1109/CISCT55310.2022.10046543 (2022)
4408,Gujarati,DeitY Datasets,Text,Linguistic Analysis,"The DeitY Datasets are used to provide resources for Indian languages, with a specific focus on Gujarati. These datasets support language processing tasks and linguistic analysis in Gujarati, enabling researchers to develop and evaluate computational tools and methods tailored to the Gujarati language. The dataset's comprehensive coverage of linguistic features facilitates in-depth analysis and enhances the accuracy of language processing systems.",https://www.semanticscholar.org/paper/1d480a2ae449ee625aa543610ed2574e3c87643e (2016),,https://www.semanticscholar.org/paper/c5ccc4128f8746a765bdd4478f9b63893b5e6bb6 (2020)
4409,Gujarati,EMILLE corpus,Text,Corpus Construction,"The EMILLE corpus is used to construct a corpus for South Asian language processing, focusing on minority languages including Gujarati. It facilitates collaborative research between Lancaster University and CIIL, Mysore, enabling the development of linguistic resources and tools for under-represented languages. This dataset supports the creation of annotated corpora, enhancing computational linguistics and natural language processing capabilities for these languages.",https://www.semanticscholar.org/paper/6569c9b81b7721fff588ee58c7607367045e9af0 (2003),https://www.lancaster.ac.uk/fass/projects/corpus/emille/,https://www.semanticscholar.org/paper/c5ccc4128f8746a765bdd4478f9b63893b5e6bb6 (2020)
4411,Gujarati,Free Spoken Gujarati Digit Dataset (FSGDD(12)),Speech,Speech Recognition/Understanding,"The Free Spoken Gujarati Digit Dataset (FSGDD(12)) is primarily used to train and evaluate models for spoken digit recognition in Gujarati. Research focuses on classifying Gujarati digits using various machine learning models, including bi-directional LSTM, Naïve Bayes, and CNN. The dataset's regional diversity and speaker variability are key characteristics that enhance its utility for developing and testing spoken Gujarati language processing systems.",https://doi.org/10.1007/978-981-15-4828-4_18 (2019),https://github.com/Jakobovski/free-spoken-digit-dataset,https://doi.org/10.1145/3597494 (2023)
4413,Gujarati,"Gujarati (Google, 2019a)",Text,Parsing and Tagging,"The Gujarati (Google, 2019a) dataset is used to provide a structured resource for Gujarati language research, facilitating the development of models for various Gujarati language processing tasks. This dataset enables researchers to build and test models that can handle Gujarati-specific linguistic challenges, enhancing the accuracy and effectiveness of language processing technologies for this language.",,http://www.openslr.org/78,https://www.semanticscholar.org/paper/c5ccc4128f8746a765bdd4478f9b63893b5e6bb6 (2020)
4412,Gujarati,Gujarati Corpus,Text,Discourse Analysis,"The Gujarati Corpus is used to analyze open-ended conversations in Gujarati, focusing on lexical and discourse patterns in online chat dialog. It serves as a resource for understanding conversational dynamics and linguistic features in digital communication, enabling researchers to explore how language is used in informal, interactive settings.",https://www.semanticscholar.org/paper/6ab992162e4ba22c99c4e21b5d9854353462aef5 (2018),https://github.com/sumanbanerjee1/Code-Mixed-Dialog,
4414,Gujarati,Gujarati Handwritten Dataset,Handwriting,Character Recognition,"The Gujarati Handwritten Dataset is used to extract features from Gujarati handwritten characters using pre-trained deep learning models such as VGG-16, VGG-19, ResNet50, ResNet101, InceptionV3, and EfficientNet. This methodology supports research focused on improving character recognition accuracy and enhancing the performance of machine learning models in recognizing Gujarati handwriting. The dataset's relevance lies in its provision of a diverse set of handwritten samples, enabling researchers to train and validate their models effectively.",https://doi.org/10.1109/ICSSIT53264.2022.9716483 (2022),,
4415,Gujarati,Gujarati language dataset,Speech,Speech Recognition/Understanding,"The Gujarati language dataset is used to train Hidden Markov Model (HMM)-based Automatic Speech Recognition (ASR) systems, specifically focusing on recognizing 650 regular Gujarati words. The primary research goal is to improve speech recognition performance, targeting a Word Error Rate (WER) of 12.7%. This dataset enables researchers to evaluate and enhance ASR accuracy for Gujarati, contributing to advancements in speech technology for this language.",https://doi.org/10.1007/978-981-10-3920-1_46 (2018),,https://doi.org/10.1145/3483446 (2021)
4418,Gujarati,IIIT-INDIC-HW,Text,Handwriting Recognition,"The IIIT-INDIC-HW dataset is used for recognizing handwritten text in Gujarati and other Indic scripts. It provides a large annotated dataset for training and evaluating CNN and transformer-based models, specifically focusing on handwritten text recognition for regional languages. This dataset enables researchers to develop and test algorithms that improve the accuracy of recognizing diverse Indic scripts.",https://doi.org/10.1007/978-3-030-86337-1_30 (2021),https://www.kaggle.com/datasets/himanshukumarrajak/indic-data,https://doi.org/10.1109/SPIN57001.2023.10117106 (2023)
4423,Gujarati,Linguistic Data Consortium for Indian Languages (LDC-IL),Unknown,"Machine Translation, Speech Recognition/Understanding","The Linguistic Data Consortium for Indian Languages (LDC-IL) serves as a repository of linguistic resources for various Indian languages, including Gujarati. It supports research and development in language technology, particularly for under-resourced languages. The dataset provides linguistic data essential for natural language processing tasks such as machine translation and speech recognition, enabling researchers to develop and improve algorithms and models for these languages.",https://doi.org/10.1007/s10579-020-09523-3 (2021),https://www.ldcil.org/publications.aspx,https://doi.org/10.1007/s11277-022-09549-6 (2022)
4433,Gujarati,Samanantar,Text,Machine Translation,"The Tanzil dataset is primarily used to train neural machine translation models for Gujarati, focusing on a variety of multilingual text types including TED talk transcripts, Wikipedia articles, legal and administrative texts, Quranic and religious texts, blog posts, articles, movie and TV subtitles, and sentence-level parallel data. This dataset enables researchers to develop and refine translation models across diverse domains, enhancing the accuracy and contextual relevance of Gujarati translations.",https://doi.org/10.1162/tacl_a_00452 (2021),https://huggingface.co/datasets/ai4bharat/samanantar,
4436,Gujarati,VoxForge Indian,Speech,Speech Recognition/Understanding,"The VoxForge Indian dataset is used to evaluate the performance of a unidirectional RNN-CTC model for Gujarati speech recognition. Researchers focus on assessing the accuracy and robustness of the model, utilizing the dataset's speech samples to train and test the system. This enables the development and refinement of speech recognition technologies specifically tailored for the Gujarati language.",https://doi.org/10.1145/3483446 (2021),https://www.voxforge.org/home/audacity/indian-voice,https://doi.org/10.1051/itmconf/20235401016 (2023)
4459,Haitian Creole,Haitian Disaster Response Corpus,Text,Machine Translation,"The Haitian Disaster Response Corpus is used to develop machine translation systems specifically for Haitian Creole, with a focus on enhancing disaster response communications. This dataset enables researchers to improve translation accuracy and effectiveness in crisis situations, such as the 2010 earthquake, by providing real-world textual data relevant to emergency contexts.",https://doi.org/10.1007/s10791-012-9203-2 (2013),,https://doi.org/10.18653/v1/2021.conll-1.5 (2021)
4464,Hausa,AfriSenti corpora,Text,Sentiment Analysis,"The AfriSenti dataset is used for sentiment analysis in African languages, particularly focusing on Hausa. It serves as a benchmark for monolingual sentiment categorization, enabling researchers to analyze linguistic features, script variations, and textual data to understand nuances and biases in low-resource African languages. This dataset facilitates the development and evaluation of sentiment analysis models tailored to the unique characteristics of Hausa.; The AfriSenti corpora is used to train and evaluate multilingual models for sentiment analysis, specifically focusing on African languages including Hausa. It leverages translated corpora to English and addresses the linguistic nuances and cultural context of these languages. The dataset enables researchers to build and study sentiment analysis systems, enhancing understanding of contemporary language use in Hausa and other African languages.","https://doi.org/10.48550/arXiv.2302.08956 (2023), https://doi.org/10.1145/3580305.3599921 (2022)",https://afrisenti-semeval.github.io/,https://doi.org/10.1109/ICMI60790.2024.10585867 (2024); https://doi.org/10.48550/arXiv.2304.06845 (2023); https://doi.org/10.48550/arXiv.2302.08956 (2023)
4468,Hausa,Common Voice v.19,Speech,Speech Recognition/Understanding,"The Common Voice v.19 dataset is used to compare acoustic feature representations between Hausa and Yoruba recordings, focusing on acoustic diversity. Researchers sample 1,000 recordings from each language to analyze and compare their acoustic properties, enabling a detailed examination of linguistic and phonetic differences. This approach helps in understanding the acoustic characteristics and diversity within these languages.",https://www.semanticscholar.org/paper/63a71de0dafc90910e37a2b07169ff486d9b5fe5 (2019),https://huggingface.co/datasets/fsicoli/common_voice_19_0,https://doi.org/10.48550/arXiv.2505.20564 (2025)
4470,Hausa,enhanced Hausa dataset,Text,Sentiment Analysis,"The enhanced Hausa dataset is used to train and evaluate a classifier for sentiment analysis of Hausa language tweets. The dataset focuses on improving classification accuracy by incorporating acronyms and abbreviations, which are common in social media communications. This approach addresses the specific challenge of accurately analyzing sentiment in informal, abbreviated text, enhancing the robustness of sentiment analysis models for the Hausa language.",https://www.semanticscholar.org/paper/bbaa0815c38e1be942b64bf21b378e6c59f8d64a (2022),,https://doi.org/10.4314/swj.v19i1.13 (2024)
4478,Hausa,Hausa language lexicon,Text,Sentiment Analysis,"The Hausa language lexicon dataset is used to develop sentiment analysis resources for the Hausa language. It focuses on a lexicon containing 1000 negative and 1014 positive terms, with no neutral terms. Researchers employ this dataset to build and evaluate sentiment analysis models, addressing the need for linguistic resources in under-resourced languages like Hausa. The dataset's binary sentiment classification enables the creation of more nuanced and culturally relevant sentiment analysis tools.",https://doi.org/10.1016/j.dib.2024.110124 (2024),https://huggingface.co/datasets/mangaphd/hausa_aug_lex,
4475,Hausa,Hausa NER,Text,Topic Classification,"The Hausa and Yoruba datasets are used for news topic classification, focusing on multilingual text classification and analysis. Researchers employ these datasets to develop and evaluate algorithms that can accurately classify news articles into specific topics. This approach helps in understanding the performance of multilingual models and enhances the ability to process and categorize textual content in Hausa and Yoruba languages.",https://doi.org/10.18653/V1/2020.COLING-MAIN.480 (2020),https://github.com/uds-lsv/transfer-distant-transformer-african,https://www.semanticscholar.org/paper/2ac19d63e1adba20473a6d1122c598f81efc3c58 (2022)
4480,Hausa,Hausa summarization evaluation dataset,Text,Summarization,"The Hausa summarization evaluation dataset is used to assess the effectiveness of summarization methods, specifically on 113 Hausa news articles. Researchers employ the ROUGE evaluation toolkit to measure the quality of generated summaries, focusing on how well the summarization techniques capture essential information from the original texts. This dataset enables the evaluation and comparison of different summarization approaches in the Hausa language.; The Hausa summarization evaluation dataset is used to assess the effectiveness of summarization methods, specifically on 113 Hausa news articles. Researchers employ the ROUGE evaluation toolkit to measure the performance of their proposed summarization techniques, focusing on the accuracy and quality of generated summaries. This dataset enables the systematic evaluation and comparison of different summarization approaches in the Hausa language.",https://doi.org/10.1371/journal.pone.0285376 (2023),https://figshare.com/articles/dataset/S1_Data_-/22789581,
4469,Hausa,HausaVisualGenome,Multimodal,Machine Translation,"The English-Hausa dataset is used to evaluate machine translation performance, focusing on measuring improvements in BLEU scores for English-to-Hausa translations. This dataset enables researchers to assess the effectiveness of translation models and methodologies, providing quantitative metrics to compare different approaches in translating between these languages.",,https://github.com/hausanlp/HausaVisualGenome,https://doi.org/10.1155/2022/5483535 (2022)
4482,Hausa,HaVQA,Multimodal,Question Answering,"The HaVQA dataset is used for visual question answering and multimodal research in the Hausa language. It integrates text, images, and other modalities to enhance understanding of Hausa content. Researchers use it to develop and evaluate visual question answering systems, focusing on improving AI's comprehension of Hausa linguistic and visual contexts.",https://doi.org/10.1109/ACCESS.2021.3127140 (2021),https://github.com/shantipriyap/HausaVQA/,https://doi.org/10.48550/arXiv.2505.14311 (2025)
4485,Hausa,large scale collection of diverse Hausa language datasets,Text,Linguistic Research,"The large scale collection of diverse Hausa language datasets is used to provide a comprehensive resource for Hausa language research. It focuses on diverse linguistic aspects and enables various Natural Language Processing (NLP) tasks. This dataset supports research by offering a rich, varied corpus that facilitates the development and testing of NLP models and algorithms tailored to the Hausa language.; The large scale collection of diverse Hausa language datasets is used to provide a comprehensive resource for Hausa language research, supporting various linguistic studies and applications. This dataset enables researchers to conduct in-depth analyses and develop linguistic models, enhancing understanding and practical applications of the Hausa language.",https://www.semanticscholar.org/paper/6995aff0c181ef6c8236b7e9cc27af8ddcf935a1 (2021),https://github.com/ijdutse/hausa-corpus,https://doi.org/10.1109/ITED56637.2022.10051610 (2022)
4489,Hausa,MAFAND,Text,Machine Translation,"The MAFAND dataset is used for bilingual evaluation in the news domain, focusing on assessing translation quality in African languages, including Hausa. Researchers employ this dataset to evaluate the accuracy and fluency of translations, leveraging its news-specific content to ensure contextually relevant assessments. This enables the development and refinement of translation models tailored for African languages.",https://doi.org/10.48550/arXiv.2205.02022 (2022),https://github.com/masakhane-io/lafand-mt,https://doi.org/10.48550/arXiv.2409.00626 (2024)
4494,Hausa,MasakhaPOS,Multimodal,Part-of-Speech Tagging,"The MasakhaPOS dataset is used to develop and evaluate Part-of-Speech tagging models for 20 African languages, including Hausa, with a focus on linguistic diversity and accuracy. It is also utilized for sentiment analysis, visual question answering, and multimodal research in Hausa, enhancing understanding through integrated text and images. Additionally, the dataset supports the evaluation of machine translation systems, particularly for Hausa-English translations, both in general and news contexts, and assesses performance in low-resource and multilingual settings.",,https://github.com/masakhane-io/masakhane-pos,https://doi.org/10.48550/arXiv.2505.14311 (2025)
4496,Hausa,NaijaSenti corpus,Text,Sentiment Analysis,"The NaijaSenti dataset is used to train and evaluate sentiment analysis models for Nigerian languages, particularly Hausa. It supports the development of AfriBERTa and other multilingual models, focusing on low-resource settings. The dataset is utilized to address gaps in existing research by combining labeled data with efficient techniques like LoRA. It enables the categorization of sentiment in Hausa language texts, especially in social media posts, enhancing the robustness and accuracy of sentiment classification in these contexts.; The NaijaSenti corpus is used to train and evaluate multilingual models for sentiment analysis, particularly focusing on African languages like Hausa. It leverages translated corpora to English and fine-tunes models such as AfriBERT to address linguistic nuances and cultural contexts specific to Naija (Pidgin English). This dataset enables researchers to develop more accurate sentiment analysis tools by incorporating diverse linguistic data and cultural insights.","https://doi.org/10.18653/v1/2021.mrl-1.11 (2021), https://doi.org/10.18653/v1/2023.semeval-1.68 (2023)",https://github.com/hausanlp/NaijaSenti,https://www.semanticscholar.org/paper/ecd9168526d1a82ac2348c8de52bff6323322da9 (2022); https://doi.org/10.1109/UPCON62832.2024.10982868 (2024); https://doi.org/10.1109/ICMI60790.2024.10585876 (2024); https://doi.org/10.48550/arXiv.2304.06845 (2023)
4497,Hausa,NTREX-128,Text,Machine Translation,"The NTREX-128 dataset is used to train and evaluate models for multilingual tasks, particularly focusing on sentence-level translation across 200 languages. It is employed to benchmark low-resource and multilingual machine translation, assessing system performance across 101 and 128 language pairs. The dataset emphasizes low-resource scenarios, enhancing news dissemination and accessibility, especially for African languages. It enables researchers to evaluate and improve machine translation quality in diverse linguistic contexts.",https://doi.org/10.18653/v1/2020.nlpcovid19-2.5 (2020),https://huggingface.co/datasets/davidstap/NTREX,https://doi.org/10.48550/arXiv.2501.06374 (2025)
4474,Hausa,SemRel2024,Text,Linguistic Analysis,"The Hausa and Kinyarwanda datasets are used to collect pairs of sentences from news articles for linguistic analysis. Researchers focus on the sentence structure and content in these languages, employing methodologies that involve comparing and analyzing sentence pairs to understand linguistic patterns and features. This dataset enables detailed linguistic studies by providing authentic, context-rich textual data.",https://doi.org/10.48550/arXiv.2402.08638 (2024),https://huggingface.co/datasets/SemRel/SemRel2024,
4500,Hausa,Tanzil,Text,Machine Translation,"The 'Quran translation in Hausa' dataset is primarily used for machine translation tasks, serving as a multilingual resource that includes Hausa. It provides a wide-coverage parallel corpus, which aids in the development and enhancement of translation models for low-resource languages. This dataset enables researchers to improve translation quality and coverage, specifically addressing the challenges of translating into and from Hausa.; The 'Quran translation in Hausa' dataset is used as part of a wide-coverage parallel corpus for machine translation tasks, particularly in low-resource language settings. It contributes to the development and evaluation of translation models for diverse language pairs, enhancing the performance and accuracy of translations in under-resourced languages like Hausa.",https://doi.org/10.18653/v1/P19-1310 (2019),https://opus.nlpl.eu/Tanzil.php,https://doi.org/10.48550/arXiv.2205.01133 (2022)
4501,Hausa,ten Hausa news articles,Text,Text Summarization,"The 'ten Hausa news articles' dataset is used to train and test a Naïve-Bayes classifier for automatic text summarization in Hausa. This research focuses on evaluating the classifier's performance with limited data, highlighting the dataset's utility in developing summarization techniques for low-resource languages.; The 'ten Hausa news articles' dataset is used to train and test a Naïve-Bayes classifier for automatic text summarization in Hausa. This research focuses on evaluating the model's performance with a small dataset, highlighting the challenges and potential of using limited data for text summarization tasks in the Hausa language.",https://www.semanticscholar.org/paper/022bd7119eefbb248f8315b2546462bb6fb37627,,https://doi.org/10.1371/journal.pone.0285376 (2023)
5517,Indonesian,100-article dataset,Text,Text Summarization,"The 100-article dataset is used to train a naive Bayes model for extracting summary sentences in Indonesian text summarization. It focuses on improving the accuracy of summarizing article content, employing a machine learning approach to enhance the quality and relevance of generated summaries.; The 100-article dataset is used to train a naive Bayes model for extracting summary sentences in Indonesian text summarization. It focuses on enhancing the accuracy of summarizing article content, specifically by improving the model's ability to identify and extract relevant summary sentences. This dataset enables researchers to evaluate and refine summarization techniques tailored to the Indonesian language.",https://www.semanticscholar.org/paper/49917b77c8dbbaf55da7194f8b0b7b92edfa1690 (2015),,https://doi.org/10.18653/v1/2020.aacl-main.60 (2020)
5516,Indonesian,1000 news data in the Indonesian language,Text,Sentiment Analysis,"The '1000 news data in the Indonesian language' dataset is used to evaluate the performance of hoax news classification models. Researchers employ both deep learning and traditional machine learning algorithms, testing various parameter settings to assess model accuracy. This dataset enables the comparison of different methodologies in detecting hoaxes, contributing to the development of more effective classification systems.",https://doi.org/10.1016/J.PROCS.2021.01.059 (2021),,https://doi.org/10.1109/ICOIACT55506.2022.9972086 (2022)
5518,Indonesian,11 millions Indonesian News,Text,Language Modeling,"The '11 millions Indonesian News' dataset is used to pre-train bidirectional language models (bi-LMs) for monolingual ELMo, specifically focusing on the Indonesian language. It provides a large corpus of news articles, which enhances the language model's understanding of current events and formal language, thereby improving its overall performance and contextual awareness.",https://doi.org/10.21437/Interspeech.2014-564 (2013),,https://doi.org/10.1007/978-3-031-24337-0_29 (2019)
5519,Indonesian,"13,169 tweets",Text,Sentiment Analysis,"The dataset of 13,169 tweets is used in Indonesian social media research to detect and analyze abusive and hate speech. It employs machine learning models and annotation methods to identify offensive content and improve online safety. The dataset includes 7,608 non-hate speech tweets and 5,561 hate speech tweets, collected over two annotation phases, enabling robust experimentation and model training for hate speech detection.",https://doi.org/10.1016/J.PROCS.2018.08.169 (2018),,https://doi.org/10.18653/v1/W19-3506 (2019)
5520,Indonesian,14 new monolingual STR datasets,Text,Semantic Textual Similarity,"The 14 new monolingual STR datasets are curated to address gaps in monolingual semantic textual similarity, particularly for languages like Indonesian. These datasets enhance cross-lingual evaluation and model training by providing diverse and representative text samples, enabling researchers to improve the performance and robustness of natural language processing models across different languages.",https://doi.org/10.48550/arXiv.2402.08638 (2024),https://huggingface.co/datasets/SemRel/SemRel2024,
5522,Indonesian,"2,000 sentences from a news portal",Text,Named Entity Recognition,"The dataset of 2,000 sentences from a news portal is used for named entity recognition in Indonesian, focusing on annotating person, location, and organization entities within news text. This involves labeling specific terms to identify and categorize named entities, enabling research in natural language processing and improving the accuracy of entity recognition models in Indonesian news articles.; The dataset of 2,000 sentences from a news portal is used for named entity recognition in Indonesian, focusing on annotating person, location, and organization entities within news text. This involves labeling specific terms to identify and classify named entities, enabling research in natural language processing and improving the accuracy of entity recognition systems in Indonesian news articles.",https://doi.org/10.1007/11563983_7 (2005),,https://doi.org/10.18653/V1/2020.COLING-MAIN.66 (2020)
5524,Indonesian,400 twitter posts,Text,Parsing and Tagging,"The '400 twitter posts' dataset is used to normalize abbreviations and acronyms in Indonesian microtext. Researchers employ dictionary-based and Longest Common Subsequence (LCS) approaches to enhance text processing accuracy. This dataset specifically supports research aimed at improving the handling of abbreviated and acronymic content in Indonesian social media text, facilitating more effective natural language processing tasks.",https://doi.org/10.1016/j.procs.2019.11.155 (2019),,https://doi.org/10.1109/IALP51396.2020.9310514 (2020)
5525,Indonesian,4139 sentences from Wikipedia,Text,Named Entity Recognition,"The '4139 sentences from Wikipedia' dataset is used to train and evaluate a hybrid BLSTM-CNN model for named-entity recognition in Indonesian. It focuses on identifying entities within a large corpus of Wikipedia sentences, enabling researchers to improve the accuracy of entity recognition in natural language processing tasks.",https://doi.org/10.1016/J.PROCS.2018.08.193 (2018),,https://doi.org/10.11591/eei.v12i2.4529 (2023)
5526,Indonesian,457 online news data from: Detiknews,Text,Named Entity Recognition,"The '457 online news data from: Detiknews' dataset is used to build an Indonesian Named Entity Recognition (NER) system for newspaper articles. It focuses on 15 entity classes and employs ensemble supervised learning methods. This dataset enables researchers to develop and evaluate NER models specifically tailored for Indonesian news content, enhancing the accuracy of entity identification in this linguistic context.",https://doi.org/10.1016/J.PROCS.2016.04.053 (2016),,https://doi.org/10.11591/eei.v12i2.4529 (2023)
5528,Indonesian,"5,700 hate speech tweets",Text,Sentiment Analysis,"The '5,700 hate speech tweets' dataset is used to study and detect abusive language in Indonesian social media. It involves a two-phase annotation process to identify and classify offensive content, including both hate speech and non-hate speech tweets. This dataset helps researchers analyze abusive language patterns and improve detection methods across various social media genres.",https://doi.org/10.1016/J.PROCS.2018.08.169 (2018),,https://doi.org/10.18653/v1/W19-3506 (2019)
5527,Indonesian,50k formal words of KBBI,Text,Phonetic Processing,"The '50k formal words of KBBI' dataset is primarily used to develop, train, and evaluate algorithms for syllabification and grapheme-to-phoneme (G2P) conversion in Indonesian language processing. Researchers employ this dataset to enhance phonemic accuracy through modified grapheme encoding, phonemic rules, and cross-validation techniques. Specific applications include improving syllable segmentation in personal names, evaluating phonemic syllabification performance, and comparing graphemic and phonemic methods. The dataset's formal nature and structured five-fold division facilitate robust model training and evaluation, particularly in PNNR-based G2P systems.",https://doi.org/10.14569/IJACSA.2016.070358 (2016),,https://doi.org/10.1007/s10772-018-09569-3 (2018)
5529,Indonesian,"591 sentence reviews and 8,574",Text,Sentiment Analysis,"The dataset, comprising 591 sentence reviews and 8,574 CRF and HMM models, is used for aspect and opinion extraction on Indonesian lipstick product reviews. Researchers employ Conditional Random Fields (CRF) and Hidden Markov Models (HMM) to identify and classify aspects and opinions within the reviews, enabling detailed sentiment analysis and understanding of consumer feedback.",https://doi.org/10.1109/KST51265.2021.9415829 (2021),,https://doi.org/10.11591/eei.v12i2.4529 (2023)
5530,Indonesian,5W1H-style news extraction and corpus,Text,Information Extraction,"The 5W1H-style news extraction and corpus dataset is used to extract key news elements (who, what, where, when, why, and how) from Indonesian articles. It employs a structured extraction method to identify these elements, though it does not include geoparsed toponyms or detailed event semantics. This dataset enables researchers to analyze and categorize news content systematically, facilitating studies on media reporting and information dissemination in Indonesian contexts.",https://doi.org/10.1109/ICAICTA.2015.7335365 (2015),,https://doi.org/10.3390/ijgi9120712 (2020)
5532,Indonesian,"7,440 Twitter data",Text,Sentiment Analysis,"The 7,440 Twitter data dataset is used for classifying complaint tweets in Indonesian, employing natural language processing (NLP) techniques and sentiment analysis. This dataset enables researchers to analyze and categorize tweets based on their content and emotional tone, specifically addressing the identification and classification of complaints. The dataset's focus on the Indonesian language and its large volume support robust NLP models and sentiment analysis algorithms.",https://doi.org/10.1109/ICAICTA.2016.7803103 (2016),,https://doi.org/10.11591/eei.v12i2.4529 (2023)
5531,Indonesian,"72,212 Twitter data",Text,Information Extraction,"The 72,212 Twitter data dataset is used to train and evaluate machine learning models, including Naive Bayes, random forest, SVM, logistic regression, and CRF, for information extraction in flood monitoring. This dataset enables researchers to develop and test algorithms that can effectively extract relevant information from social media posts, enhancing real-time flood monitoring and response efforts.",https://doi.org/10.1109/AGERS51788.2020.9452770 (2020),,https://doi.org/10.11591/eei.v12i2.4529 (2023)
5533,Indonesian,800 Twitter data,Text,Information Retrieval,"The '800 Twitter data' dataset is used to extract and analyze information about Indonesian tourist attractions from social media posts. It employs content analysis and information retrieval techniques to structure and categorize the data, enhancing semantic understanding. This dataset enables researchers to gain insights into tourist attraction data, improving its organization and interpretation.",https://doi.org/10.1109/ICIMCIS48181.2019.8985194 (2019),,https://doi.org/10.11591/eei.v12i2.4529 (2023)
5537,Indonesian,900K Indonesian tweets,Text,Sentiment Analysis,"The Adikara (2015) dataset is used to collect 900K Indonesian tweets for sentiment analysis, specifically focusing on applying sentiment classification techniques in the Indonesian language. This dataset enables researchers to develop and evaluate algorithms for classifying sentiments in social media content, enhancing the accuracy of sentiment analysis in the Indonesian context.; The Adikara (2015) dataset is used to collect 900K Indonesian tweets for sentiment analysis, specifically focusing on the Indonesian language. This dataset enables researchers to analyze public opinion and emotional trends by employing natural language processing techniques. The large volume of tweets provides a robust sample for understanding nuanced linguistic patterns and sentiment in social media contexts.",https://etd.repository.ugm.ac.id/penelitian/detail/128633 (2017),,https://doi.org/10.18653/v1/D19-5554 (2019)
5536,Indonesian,A Dataset and Preliminaries Study for Abusive Language Detection in Indonesian Social Media,Text,Sentiment Analysis,"The dataset is used to detect abusive language in Indonesian social media, specifically focusing on identifying offensive content to improve online safety. Machine learning models are employed to analyze the data, enabling researchers to develop more effective methods for recognizing and mitigating abusive language.; The dataset is used to detect and classify abusive language in Indonesian social media, focusing on offensive content across various social media genres. Researchers employ this dataset to develop and evaluate models for identifying abusive language, enhancing the understanding and management of online toxicity in Indonesian social media platforms.",https://doi.org/10.1109/SocialCom-PASSAT.2012.55 (2012),https://github.com/okkyibrohim/id-abusive-language-detection,https://doi.org/10.18653/v1/W19-3506 (2019)
5534,Indonesian,abusive words lexicon,Text,Sentiment Analysis,"The abusive words lexicon dataset is primarily used to enhance the detection of hate speech in Indonesian social media. It serves as both an implicit and explicit lexicon, providing a structured list of abusive terms and a dictionary of harmful words. This lexicon is integrated into machine learning models to improve their accuracy in identifying hate speech. Additionally, the dataset has been expanded to include abusive language specific to Betawi, Madurese, Sundanese, and Javanese dialects, further refining hate speech detection in these regional languages.",https://doi.org/10.20473/jisebi.6.1.9-17 (2020),https://e-journal.unair.ac.id/JISEBI/article/view/17372,https://doi.org/10.1145/3639233.3639247 (2023)
5535,Indonesian,AC-IQuAD,Text,Question Answering,"The AC-IQuAD dataset is used to construct an Indonesian question answering (QA) dataset by leveraging Wikidata. It focuses on the automatic construction and evaluation of QA systems, enabling researchers to develop and test algorithms for generating and assessing QA pairs in the Indonesian language. This dataset facilitates the creation of robust QA models tailored to Indonesian linguistic nuances.",https://doi.org/10.1109/SIBIRCON56155.2022.10017011 (2022),https://huggingface.co/datasets/SEACrowd/ac_iquad,https://doi.org/10.1109/ICTIIA61827.2024.10761325 (2024)
5540,Indonesian,AM2iCo,Multimodal,Cross-lingual Understanding,"The AM2iCo dataset is used to evaluate word meaning in context and visually grounded reasoning across multiple languages, including Indonesian. It incorporates adversarial examples to assess model robustness and employs an ImageNet-style hierarchy to represent diverse linguistic and cultural contexts. This dataset enables researchers to evaluate cross-lingual performance and multicultural reasoning, specifically focusing on 14 language pairs and diverse cultural settings.; The AM2iCo dataset is used to evaluate word meaning in context and visually grounded reasoning across multiple languages, including Indonesian. It incorporates adversarial examples to assess model robustness and cross-lingual performance. The dataset employs an ImageNet-style hierarchy to represent diverse linguistic and cultural contexts, enabling research on multicultural reasoning over vision and language. Specifically, it evaluates the ability of representation models to understand word meaning in cross-lingual contexts for 14 language pairs, including Indonesian.",https://doi.org/10.18653/v1/2021.emnlp-main.571 (2021),https://github.com/cambridgeltl/AM2iCo,https://doi.org/10.48550/arXiv.2212.09648 (2022)
5545,Indonesian,Barasa,Text,Sentiment Analysis,"The Barasa Barasa dataset is primarily used for sentiment analysis in Indonesian, serving as a SentiWordNet resource that provides sentiment scores for words and phrases. It is utilized in both general sentiment analysis and aspect-based sentiment analysis, particularly for car reviews. The dataset, which includes around a thousand car reviews from Indonesian online platforms, aids in detecting aspects and classifying sentiments using deep neural networks. Its 16 MB size and lack of specified dataset splits are notable characteristics.; The Barasa Barasa dataset is primarily used for sentiment analysis in Indonesian, particularly for aspect-based sentiment analysis of car reviews. It consists of around a thousand car reviews and provides sentiment scores for words and phrases. Researchers use it to train and evaluate models, often employing deep neural networks to detect aspects and classify sentiments. The dataset, which is 16 MB and lacks a predefined split, serves as a valuable resource for enhancing sentiment classification accuracy in Indonesian text.",https://doi.org/10.1109/IALP.2018.8629181 (2018),https://github.com/neocl/barasa,https://doi.org/10.48550/arXiv.2212.09648 (2022)
5549,Indonesian,BPPT Medical Speech Corpus,Speech,Speech Recognition/Understanding,"The BPPT Medical Speech Corpus is used to train and evaluate Automatic Speech Recognition (ASR) models specifically for transcribing medical records in Indonesian. Researchers assess the corpus's effectiveness in enhancing ASR accuracy within medical contexts, focusing on the unique linguistic and technical challenges of medical speech data. This dataset enables the development and refinement of ASR systems tailored to the Indonesian healthcare sector.; The BPPT Medical Speech Corpus is used to evaluate Automatic Speech Recognition (ASR) systems for medical record transcription, specifically focusing on the accuracy and performance of speech recognition in Indonesian medical contexts. This dataset enables researchers to assess how well ASR systems can transcribe medical speech, providing insights into their effectiveness in real-world healthcare settings.",https://doi.org/10.1109/ICoICT52021.2021.9527450 (2021),,https://doi.org/10.11591/ijai.v13.i2.pp1762-1772 (2024); https://doi.org/10.1109/CENIM56801.2022.10037479 (2022)
5552,Indonesian,CASA,Text,Sentiment Analysis,"The CASA dataset is primarily used for aspect-based sentiment analysis and part-of-speech (POS) tagging in Indonesian text. It is employed to train and evaluate models for detecting aspects and classifying sentiments in reviews, particularly car reviews, using deep neural networks. Additionally, it enhances fine-grained sentiment analysis and improves syntactic analysis, supporting various downstream NLP tasks.; The CASA dataset is primarily used for training and evaluating natural language processing (NLP) models in Indonesian. It supports POS tagging, enhancing syntactic analysis, and is applied for aspect-based sentiment analysis in reviews, particularly car reviews. Deep neural networks are used to detect aspects and classify sentiments, improving fine-grained and overall sentiment analysis. The dataset enables researchers to develop more accurate and contextually relevant NLP models for Indonesian text.",https://doi.org/10.1109/IALP.2018.8629181 (2018),,https://doi.org/10.18653/v1/2020.aacl-main.85 (2020)
5554,Indonesian,Cendana,Text,Parsing and Tagging,"The Cendana dataset is used to create a dictionary of informal Indonesian words and to build a treebank, focusing on word-level standardization without sentence-level context. It is also utilized for training, validating, and testing models, including grammatical analyses such as parts-of-speech, phrases, entity relations, and meaning representations. This dataset enables detailed linguistic analysis and model development for informal Indonesian language processing.; The Cendana dataset is used for linguistic analysis of informal Indonesian, employing methodologies that focus on parts-of-speech tagging, phrase identification, entity relations, and meaning representations. This dataset enables researchers to explore the structural and semantic aspects of informal language use, providing insights into how linguistic elements interact in natural, everyday communication.",https://www.semanticscholar.org/paper/68c1f36518e1e4f99197f894adea2284f5b7aca1 (2019),https://github.com/davidmoeljadi/INDRA/tree/master/tsdb/gold/Cendana,https://doi.org/10.1109/IALP51396.2020.9310459 (2020); https://doi.org/10.48550/arXiv.2212.09648 (2022)
5556,Indonesian,CLICK-ID,Text,Classification,"The CLICK-ID dataset is primarily used for training and evaluating models to detect clickbait in Indonesian news headlines. Researchers employ various deep learning models, including IndoBERT, Bi-LSTM, and CNN, to classify headlines as clickbait or non-clickbait. The dataset, consisting of 15,000 annotated headlines from 12 online news publishers, enables detailed analysis of clickbait patterns and linguistic features, focusing on the performance and accuracy of these models in identifying sensationalist content.; The CLICK-ID dataset is used for training and evaluating classifiers to detect Indonesian clickbait headlines. Research focuses on the accuracy and effectiveness of models, employing deep learning techniques to analyze and classify clickbait data. This dataset enables researchers to develop and test algorithms specifically tailored for identifying clickbait in Indonesian content.",https://doi.org/10.1016/j.dib.2020.106231 (2020),https://data.mendeley.com/datasets/k42j7x2kpn/1,https://doi.org/10.25139/inform.v7i2.4686 (2022); https://doi.org/10.1109/ICAICTA59291.2023.10389952 (2023); https://doi.org/10.1016/j.dib.2020.106231 (2020)
5558,Indonesian,collection of Bible verses,Text,Machine Translation,"The collection of Bible verses is used as mid-resource training data to fine-tune the mT5 model for translating Indonesian languages. This dataset introduces additional languages not present in the pre-training data, enhancing the model's multilingual capabilities. It specifically enables research focused on improving translation accuracy and expanding language coverage in machine translation systems.",https://doi.org/10.18653/V1/2021.NAACL-MAIN.41 (2020),https://www.kaggle.com/datasets/williammulianto/indonesia-bible-tb,https://doi.org/10.1109/ACCESS.2023.3308818 (2023)
5564,Indonesian,COPAL,Text,Comprehension and Reasoning,"The COPAL-ID dataset is used to evaluate language models on Indonesian primary school exams and cultural nuances, focusing on regional topics like Minangkabau and Sundanese cultures. It incorporates native speaker insights, enhancing cultural relevance and enabling researchers to assess model comprehension and reasoning tasks related to these specific cultural contexts.",https://doi.org/10.48550/arXiv.2310.04928 (2023),https://huggingface.co/datasets/haryoaw/COPAL,https://doi.org/10.48550/arXiv.2402.17302 (2024)
5565,Indonesian,COVID-19 KG Bahasa Indonesia,Text,Information Retrieval,"The 'COVID-19 KG Bahasa Indonesia' dataset is used to represent and query domain-specific knowledge about COVID-19 in the Indonesian language. It focuses on constructing a knowledge graph to facilitate the semantic representation and retrieval of pandemic-related data, enabling researchers to effectively manage and access information pertinent to the COVID-19 context in Bahasa Indonesia.",https://doi.org/10.1109/IBITeC59006.2023.10390908 (2023),,https://doi.org/10.48550/arXiv.2409.00061 (2024)
5567,Indonesian,cross-domain dataset for health misinformation detection in Bahasa Indonesia,Text,Misinformation Detection,"The cross-domain dataset for health misinformation detection in Bahasa Indonesia is used to develop a comprehensive resource that encompasses diverse health topics. This dataset enables researchers to build and test models for detecting health misinformation, facilitating broader generalization across various health-related contexts. The dataset's diversity in health topics enhances its utility in addressing the complex landscape of health misinformation in the Indonesian language.",https://doi.org/10.1109/CITSM52892.2021.9589004 (2021),,https://doi.org/10.14569/ijacsa.2025.01601117 (2025)
5568,Indonesian,customer complaint data from Twitter,Text,Text Classification,"The customer complaint data from Twitter is used to optimize training data for multiclass text classification, enhancing classifier performance using Naïve Bayes and Support Vector Machine algorithms. This dataset enables researchers to improve the accuracy and efficiency of text classification models, specifically in handling and categorizing customer complaints.",https://doi.org/10.1109/ICOICT.2017.8074652 (2017),,https://doi.org/10.1109/ICoICT55009.2022.9914902 (2022)
5557,Indonesian,data collected by [8],Text,Named Entity Recognition,"The dataset collected by [8] is used to evaluate feature performance in Indonesian named-entity recognition (NER). It consists of 1500 sentences, 126,820 tokens, and 15 named entity (NE) classes. Researchers employ ensemble supervised learning methods to assess the effectiveness of different features in NER tasks, focusing on improving recognition accuracy and robustness.",https://doi.org/10.1016/J.PROCS.2016.04.053 (2016),,https://doi.org/10.1109/ICAICTA.2016.7803103 (2016)
5570,Indonesian,data corpus from Fachri,Text,Named Entity Recognition,"The 'data corpus from Fachri' is used for training and testing Named Entity Recognition (NER) systems. It contains 894 sentences labeled as DIRECT and 315 sentences labeled as INDIRECT, enabling researchers to evaluate NER performance on different sentence types. This structured dataset supports the development and assessment of NER models, particularly in handling varied linguistic structures.",,,https://doi.org/10.1109/ISITIA.2016.7828656 (2016)
5594,Indonesian,data from reviews on Google Playstore,Text,Sentiment Analysis,"The dataset from Google Playstore reviews is used to gauge customer satisfaction, particularly for Shopee account holders. Researchers analyze the content of these reviews to assess user experience and sentiment. The methodology involves sentiment analysis and content analysis to extract insights from the textual data. This dataset enables researchers to understand user perceptions and identify areas for improvement in the app's functionality and user interface.",https://doi.org/10.31294/instk.v2i1.419 (2021),,https://doi.org/10.25139/inform.v9i1.5465 (2023)
5710,Indonesian,data in the form of text from Indonesian language,Text,Not specified,"The dataset 'data in the form of text from Indonesian language' is mentioned in research citations but lacks detailed descriptions of its usage. There is no explicit information on specific methodologies, research questions, or applications. Therefore, based on the provided evidence, no detailed usage can be accurately described.",https://doi.org/10.1166/ASL.2018.10675 (2018),,https://doi.org/10.1145/3330482.3330494 (2019)
5778,Indonesian,data opini di Twitter,Text,Sentiment Analysis,"The 'data opini di Twitter' dataset is used for sentiment analysis of opinions on Indonesian marketplace services. Researchers employ the Naive Bayes algorithm to classify sentiments, achieving high accuracy rates (93% to 93.33%). This dataset enables the evaluation of customer perceptions and satisfaction levels in online marketplaces, providing insights into service quality and user experience.",,,https://doi.org/10.30864/EKSPLORA.V10I1.390 (2020)
5572,Indonesian,Data Tweet Lazada,Text,Sentiment Analysis,"The 'Data Tweet Lazada' dataset is used to analyze public sentiment towards Lazada by employing text mining and machine learning techniques. It focuses on customer opinions and feedback expressed in Indonesian tweets. This dataset enables researchers to understand consumer perceptions and sentiments, providing insights into customer satisfaction and areas for improvement.",,,https://doi.org/10.36080/idealis.v5i2.2961 (2022)
5566,Indonesian,"dataset created by Barik, Mahendra & Adriani (2019)",Text,Language Identification,"The dataset created by Barik, Mahendra & Adriani (2019) is primarily used for studying code-mixed Indonesian-English social media content. It is employed in language identification experiments using CRF, achieving an F1 score of 89.58%, and in text normalization tasks to address the challenges of processing such content. Additionally, it is used to investigate the impact of code-mixed normalization on emotion classification, specifically on Twitter data. The dataset's focus on code-mixed content makes it valuable for these specialized linguistic and computational tasks.",https://doi.org/10.18653/v1/D19-5554 (2019),,https://doi.org/10.7717/peerj-cs.1312 (2023)
5571,Indonesian,Dataset for Indonesian Texts,Text,Semantic Role Labeling,"The 'Dataset for Indonesian Texts' is used for Semantic Role Labeling in Indonesian text sentences, focusing on information extraction. Researchers employ this dataset to analyze problem domains, methods, challenges, and opportunities in the field. This dataset enables detailed examination of semantic roles within Indonesian texts, enhancing understanding and improving natural language processing techniques.",https://doi.org/10.14236/EWIC/EASE2006.10 (2006),,https://doi.org/10.1109/ISITIA59021.2023.10221008 (2023)
5794,Indonesian,dataset provided from [18],Text,Sentiment Analysis,"The dataset provided from [18] is used to conduct experiments on hoax news detection in the Indonesian language. It consists of 600 news articles collected from various web sources. Researchers employ this dataset to analyze and develop methods for identifying hoax news, focusing on the linguistic and contextual features of the articles. This dataset enables the evaluation of different detection models and algorithms, contributing to the development of more effective hoax news identification systems.",https://doi.org/10.1109/ICTS.2017.8265649 (2017),,https://doi.org/10.1109/IAICT50021.2020.9172020 (2020)
5775,Indonesian,datasets on existing Independent Learning Independent Campus (MBKM) programs,Text,Question Answering,"The dataset on existing Independent Learning Independent Campus (MBKM) programs is used to develop and evaluate an Indonesian automatic question-and-answer system. It focuses on the content and structure of MBKM programs, enabling researchers to enhance the system's performance in generating accurate and contextually relevant answers.",https://doi.org/10.31219/osf.io/ujmte (2020),,https://doi.org/10.37385/jaets.v6i1.4746 (2024)
5827,Indonesian,datasets that combine Javanese-Indonesian and Sundanese-Indonesian text,Text,Sentiment Analysis,"The dataset combining Javanese-Indonesian and Sundanese-Indonesian text is used to detect hate speech in code-mixed Indonesian social media. Researchers employ an abusive words lexicon to analyze the integration of these languages, focusing on identifying and characterizing abusive content. This approach helps in understanding the nuances of multilingual hate speech, enhancing the accuracy of detection models.",https://doi.org/10.1145/3582768.3582771 (2022),,https://doi.org/10.1109/SIML65326.2025.11081166 (2025)
5574,Indonesian,DBPedia Indonesia,Text,Information Retrieval,"The DBPedia Indonesia dataset is used to extract and organize structured information from Wikipedia Indonesia, supporting research on Indonesian language and knowledge representation. It facilitates the development of applications that require organized data, enhancing the extraction and utilization of information for various research purposes.",https://doi.org/10.1016/J.WEBSEM.2009.07.002 (2009),,https://doi.org/10.1109/ISCBI.2015.15 (2015); https://doi.org/10.1109/IALP.2014.6973520 (2014)
5575,Indonesian,Desrul and Romadhony dataset,Text,Sentiment Analysis,"The Desrul and Romadhony dataset is primarily used for detecting abusive language in Indonesian online news comments. It is employed to evaluate model performance, particularly in addressing underperformance issues and adapting to diverse annotation styles. The dataset facilitates systematic collection and extraction of user comments, enabling researchers to train and assess models for abusive language detection.",https://doi.org/10.1109/ISRITI48646.2019.9034620 (2019),https://doi.org/10.1109/ISRITI48646.2019.9034620,https://doi.org/10.11591/ijeecs.v33.i1.pp450-462 (2024)
5576,Indonesian,Dinakaramani corpus,Text,Parsing and Tagging,"The Dinakaramani corpus is primarily used for Indonesian part-of-speech (POS) tagging in natural language processing research. It provides a manually tagged corpus and a standardized tagset, enabling the creation and evaluation of probabilistic and neural network-based models. This dataset enhances the accuracy and consistency of POS tagging models, contributing to advancements in Indonesian language processing.",https://doi.org/10.1109/IC3INA.2018.8629519 (2018),,https://doi.org/10.1109/ICAICTA59291.2023.10390353 (2023)
5577,Indonesian,disaster data,Text,Sentiment Analysis,"The 'disaster data' dataset is used to conduct sentiment analysis on social media posts during disasters, focusing on public reactions and information dissemination. Researchers employ natural language processing techniques to analyze the sentiment of these posts, which helps in understanding how the public responds to and shares information during crisis events. This dataset enables researchers to identify patterns and trends in public communication, aiding in the development of more effective disaster response strategies.",https://doi.org/10.1109/ICEEIE47180.2019.8981479 (2019),,https://doi.org/10.1109/ICCSAI53272.2021.9609781 (2021)
a5552,Indonesian,EmoT,Unknown,Not specified,No feature description available.,https://doi.org/10.1109/IALP.2018.8629262 (2018),https://github.com/meisaputri21/Indonesian-Twitter-Emotion-Dataset,https://doi.org/10.18653/v1/2020.aacl-main.85 (2020)
5580,Indonesian,EmoT dataset,Text,Sentiment Analysis,"The EmoT dataset is primarily used for emotion classification and sentiment analysis tasks, specifically focusing on Indonesian tweets and social media posts. It is employed to train and evaluate models on identifying emotional content and sentiments in text, including single-label multi-class classification and multi-label hate speech detection. This dataset enables researchers to analyze public sentiment and emotional responses in online platforms, providing insights into social dynamics and public opinion.; The EmoT dataset is used for emotion classification tasks, specifically to analyze and classify emotional content in Indonesian tweets and other social media posts. It is employed to train and evaluate natural language understanding models, focusing on sentiment analysis and emotional content. The dataset supports research by enabling the assessment of model performance using metrics like the macro F1 score.",https://doi.org/10.1109/IALP.2018.8629262 (2018),https://huggingface.co/datasets/SEACrowd/emot,https://doi.org/10.48550/arXiv.2212.09648 (2022); https://doi.org/10.29207/resti.v7i4.5035 (2023); https://doi.org/10.18653/v1/2021.emnlp-main.833 (2021)
5581,Indonesian,Emotion dataset from Indonesian public opinion,Text,Sentiment Analysis,"The 'Emotion dataset from Indonesian public opinion' is used to analyze and classify emotions in Indonesian tweets, categorizing posts into six emotion values: anger, fear, joy, love, sadness, and neutrality. It consists of 582 annotated sentences and is employed to train and evaluate emotion classification models, enhancing the understanding of emotional expressions in social media and public forums. Additionally, the dataset supports multilingual NLP research, covering 12 languages across various tasks, including emotion classification and sentiment analysis.; The Emotion dataset from Indonesian public opinion is used to train and evaluate emotion classification models, particularly for public opinion analysis in Indonesian social media. It supports multilingual NLP research, covering 12 languages, and includes 582 annotated sentences. The dataset is employed to classify emotions such as anger, fear, joy, love, sadness, and neutrality, enhancing the understanding of emotional expressions in online public forums.",https://doi.org/10.1016/j.dib.2022.108465 (2022),https://github.com/Ricco48/Emotion-Dataset-from-Indonesian-Public-Opinion,https://doi.org/10.48550/arXiv.2212.09648 (2022)
5584,Indonesian,FacQA,Text,Question Answering,"The FacQA dataset is primarily used to develop and evaluate Indonesian question answering systems, focusing on extracting answers from news articles using machine learning techniques. It is utilized to assess the impact of dataset size on model performance, ranging from small (around 3K samples) to moderate (around 5K samples). The dataset includes real-world, non-synthetic data and contains multilingual content, particularly English terms and entity names, which is crucial for improving and evaluating the performance of both monolingual and multilingual models in Indonesian Natural Language Understanding tasks.; The FacQA dataset is used to develop and evaluate Indonesian question answering systems, particularly focusing on extracting answers from news articles. It highlights the challenges of working with a small dataset size of around 3K samples, which impacts the performance and training of machine learning models. This dataset enables researchers to address the limitations of small-scale QA datasets in the Indonesian language, contributing to the improvement of QA systems despite data scarcity.",https://www.semanticscholar.org/paper/57dff08efcb9e2d6417a1e851a23109e03bf0c56 (2007),,https://doi.org/10.1109/ICoICT55009.2022.9914847 (2022); https://doi.org/10.48550/arXiv.2212.09648 (2022); https://doi.org/10.48550/arXiv.2210.13778 (2022)
5585,Indonesian,FactQA,Text,Question Answering,"The FactQA dataset is used to evaluate and benchmark machine reading comprehension and question-answering systems in Indonesian, focusing on factual questions over news and Wikipedia documents. It assesses model accuracy, the ability to handle complex questions, and cross-lingual transfer, enabling researchers to compare performance across typologically diverse languages.; The FactQA dataset is primarily used to assess and benchmark machine reading comprehension and question-answering systems in Indonesian, focusing on factual questions and context understanding. It is applied over news and Wikipedia documents to evaluate cross-lingual performance and information extraction capabilities, enabling researchers to test complex question types and multilingual model performance.","https://doi.org/10.1162/tacl_a_00317 (2020), https://www.semanticscholar.org/paper/57dff08efcb9e2d6417a1e851a23109e03bf0c56 (2007)",,https://doi.org/10.48550/arXiv.2310.04928 (2023)
5587,Indonesian,Financial Phrasebank,Text,Sentiment Analysis,"The Financial Phrasebank dataset is translated and used alongside IndoFinSent for sentiment analysis, serving as a comparative benchmark for financial sentiment detection. It is specifically applied to analyze the sentiment of Indonesian financial news article titles, focusing on detecting sentiment towards particular financial institutions. This usage highlights its role in enhancing the accuracy and reliability of financial sentiment analysis in the Indonesian context.",https://doi.org/10.1002/asi.23062 (2013),https://huggingface.co/datasets/takala/financial_phrasebank,https://doi.org/10.1109/ICEEI59426.2023.10346625 (2023)
5595,Indonesian,GCP corpus,Text,Machine Translation,"The GCP corpus is extensively used in cross-lingual and machine translation research, providing multilingual parallel texts for training and evaluating translation models. It supports the development of large monolingual dictionaries and linguistic analysis, particularly for Asian languages, including Indonesian. The dataset's wide coverage of over 20 languages, including low-resource languages, enhances translation quality and coverage, making it valuable for both high-resource and under-resourced language pairs. Its annotated parallel texts facilitate syntactic and semantic analysis, crucial for improving machine translation systems.",https://www.semanticscholar.org/paper/1b560f892432fb853d233c92f9294640bc91de3c (2012),,https://doi.org/10.48550/arXiv.2205.15960 (2022)
5596,Indonesian,GEN-X,Text,Commonsense Reasoning,"The GEN-X dataset is used to fine-tune models for handling colloquial texts, enhancing their robust performance. It serves as a substitute for training data in XCOPA-ID and COPAL-ID, focusing on multilingual augmented commonsense reasoning tasks generated by GPT-4. This dataset enables researchers to improve model performance in understanding and processing colloquial language and complex reasoning tasks.",https://doi.org/10.48550/arXiv.2305.14288 (2023),https://github.com/mbzuai-nlp/Gen-X,https://doi.org/10.48550/arXiv.2311.01012 (2023)
5597,Indonesian,Gigaspeech2,Speech,Speech Recognition/Understanding,"The Gigaspeech dataset is used to train Automatic Speech Recognition (ASR) models, demonstrating their effectiveness compared to competitive systems. It supports multilingual speech recognition, enhancing model performance across multiple languages. This dataset enables researchers to improve ASR accuracy and robustness, particularly in multilingual contexts.",https://doi.org/10.48550/arXiv.2406.11546 (2024),https://github.com/SpeechColab/GigaSpeech2,
5600,Indonesian,Global Communication Plan (GCP) corpus,Text,Machine Translation,"The Global Communication Plan (GCP) corpus is used to support machine translation studies by providing multilingual parallel texts. It is specifically utilized for training and evaluating translation models across multiple languages, including Indonesian. This dataset enables researchers to develop and assess the performance of translation systems, enhancing their accuracy and effectiveness in handling diverse linguistic data.; The Global Communication Plan (GCP) corpus is used in research to support machine translation studies, particularly focusing on multilingual parallel texts. It is employed for training and evaluating translation models, enabling researchers to improve the accuracy and fluency of translations across multiple languages. The dataset's multilingual nature is a key characteristic that facilitates these research efforts.",https://www.semanticscholar.org/paper/38142195ecbeda00b25108e435183c87a7a76ac3 (2018),,https://doi.org/10.48550/arXiv.2205.15960 (2022)
5603,Indonesian,Google Maps User Code-Mixed Reviews,Text,Sentiment Analysis,"The Google Maps User Code-Mixed Reviews dataset is used for sentiment analysis across various sectors, including tourist attractions, airline services, and healthcare. Researchers employ language representation models and web scraping tools to handle dynamic content. Specific applications include analyzing user opinions and experiences at sites like Borobudur and Prambanan Temples, and testing BERT's performance on Indonesian language reviews. This dataset facilitates multilingual context analysis and enhances understanding of customer feedback.",https://doi.org/10.1016/j.procs.2023.01.221 (2023),,https://doi.org/10.37859/jf.v13i02.5170 (2023)
5614,Indonesian,Hate speech detection in the Indonesian language dataset,Text,Sentiment Analysis,"The 'Hate speech detection in the Indonesian language dataset' is used to train and evaluate models for detecting hate speech in Indonesian social media. Research focuses on linguistic features and context-specific indicators of abusive language, providing a preliminary study and dataset for this purpose. The dataset enables researchers to develop and refine hate speech detection algorithms tailored to the Indonesian language.; The dataset is used to detect and classify hate speech in Indonesian social media, focusing on offensive, abusive, and politically charged content. It provides labeled instances for training and evaluating machine learning models, with studies employing techniques like unigram and SMOTE to enhance classification accuracy. Research questions address linguistic patterns, context-specific indicators, and the impact of political issues on hate speech. The dataset's labeled instances (260 hate, 430 non-hate) enable robust model development and evaluation.","https://doi.org/10.18653/v1/N16-2013 (2016), https://doi.org/10.1109/ICACSIS.2017.8355039 (2017)",,https://doi.org/10.11591/IJEECS.V11.I1.PP294-299 (2018); https://doi.org/10.18653/v1/W19-3506 (2019); https://doi.org/10.1109/ICoICT49345.2020.9166251 (2020); https://doi.org/10.1109/ICACSIS.2018.8618182 (2018); https://doi.org/10.30534/IJATCSE/2019/6481.32019 (2019); https://doi.org/10.1088/1757-899X/830/3/032006 (2020)
5615,Indonesian,hate speech in Indonesian,Text,Sentiment Analysis,"The 'hate speech in Indonesian' dataset is used to detect hate speech and abusive language in Indonesian Twitter. Research focuses on multi-label classification and classifying tweets into hate speech and non-hate speech categories. The dataset enables the analysis of linguistic features of hate speech, supporting the development of models to identify and categorize abusive content.",https://doi.org/10.18653/v1/W19-3506 (2019),,https://doi.org/10.18280/jesa.580102 (2025)
5616,Indonesian,Hate Speech Twitter Expert Manual,Text,Sentiment Analysis,"The 'Hate Speech Twitter Expert Manual' dataset is used to detect hate speech on Twitter in Indonesia. Researchers employ GloVe embeddings for feature expansion to enhance classification accuracy. This dataset specifically supports the development and evaluation of machine learning models aimed at identifying hate speech, leveraging its annotated content to improve model performance.",https://doi.org/10.29207/resti.v5i6.3521 (2021),,https://doi.org/10.14569/ijacsa.2023.01406125 (2023)
5617,Indonesian,HoASA,Text,Sentiment Analysis,"The HoASA dataset is primarily used for aspect-based sentiment analysis and part-of-speech tagging in Indonesian text. It is applied to identify and classify sentiments associated with specific aspects in reviews, using methods like convolutional neural networks and extreme gradient boosting. Additionally, it trains and evaluates sentiment analysis models for classifying positive, negative, and neutral sentiments, as well as POS taggers for accurate labeling of parts of speech.; The HoASA dataset is primarily used for aspect-based sentiment analysis of hotel reviews in Indonesian, employing methodologies such as convolutional neural networks and extreme gradient boosting to categorize aspects and sentiments. It is also utilized for training and evaluating POS tagging and NER systems, enhancing the accuracy of part-of-speech labeling and named entity recognition in Indonesian text. This dataset supports research in improving sentiment analysis, aspect categorization, and linguistic processing for Indonesian language applications.",https://doi.org/10.1109/ICEEI47359.2019.8988898 (2019),,https://doi.org/10.18653/v1/2020.aacl-main.85 (2020); https://doi.org/10.48550/arXiv.2212.09648 (2022)
5618,Indonesian,HoASA (IndoNLU Split),Text,Sentiment Analysis,"The HoASA (IndoNLU Split) dataset is used for aspect-based sentiment analysis of hotel reviews, specifically focusing on categorizing aspects and sentiments in user-generated content from AiryRooms. It is split into training, development, and test sets to facilitate the development and evaluation of models that can accurately identify and classify aspects and their associated sentiments in review texts.",https://doi.org/10.1109/ICEEI47359.2019.8988898 (2019),https://github.com/annisanurulazhar/absa-playground,https://doi.org/10.48550/arXiv.2212.09648 (2022)
5621,Indonesian,Ibrohim and Budi (2018) dataset,Text,Sentiment Analysis,"The Ibrohim and Budi (2018) dataset is used to detect and classify abusive language in Indonesian social media. It provides additional annotations for implicit hate, enhancing its utility for hate speech analysis. Researchers use this dataset to train and evaluate models, focusing on identifying and classifying abusive content. The dataset's detailed annotations enable more nuanced and accurate detection of abusive language.",https://doi.org/10.1016/J.PROCS.2018.08.169 (2018),,https://doi.org/10.18653/v1/2023.acl-long.711 (2023)
5623,Indonesian,ID Abusive,Text,Sentiment Analysis,"The 'ID Abusive' dataset is used to detect abusive language in Indonesian social media, primarily focusing on Twitter and comments from top news stories in 2019 from sources like Kompas, Kaskus, and Detik. It is employed to train and evaluate models for detecting various forms of hate speech and abusive content, with a focus on categorizing specific types of abusive language. The dataset is annotated and contains 39,246 documents, enabling researchers to develop and refine abusive language detection systems.; The 'ID Abusive' dataset is used for detecting and classifying abusive language in Indonesian social media, particularly on platforms like Twitter and in comments from online news and forums. It employs a labeled dataset with a detailed label scheme to identify and categorize various types of abusive content, including hate speech. This dataset enables researchers to train and evaluate models for the detection and classification of abusive language, focusing on improving the accuracy and reliability of such systems in the Indonesian context.",https://doi.org/10.1016/J.PROCS.2018.08.169 (2018),https://github.com/okkyibrohim/id-multi-label-hate-speech-and-abusive-language-detection,https://doi.org/10.48550/arXiv.2212.09648 (2022)
5627,Indonesian,ID Multilabel HS,Text,Classification,"The 'ID Multilabel HS' dataset is used to detect multi-label hate speech and abusive language in Indonesian Twitter. Research focuses on classification and annotation methodologies, employing machine learning techniques to identify and categorize various forms of offensive content. This dataset enables researchers to develop and evaluate models that can accurately classify multiple types of hate speech, enhancing the understanding and management of abusive language in social media.",https://doi.org/10.18653/v1/W19-3506 (2019),,https://doi.org/10.48550/arXiv.2212.09648 (2022)
5629,Indonesian,ID Stance,Text,Sentiment Analysis,"The ID Stance dataset is used to classify stances towards political figures in blog writing, specifically by analyzing Kompasiana articles that mention predefined Indonesian politicians. The dataset supports research in sentiment and opinion analysis, employing methods to categorize stances expressed in the articles. This enables detailed examination of public opinions and sentiments towards specific political figures.; The ID Stance dataset is used to classify stances towards political figures in blog writing, specifically by analyzing Kompasiana articles. It supports research in sentiment and opinion analysis, focusing on detecting stances towards predefined Indonesian politicians. The dataset enables researchers to employ classification methodologies to understand public opinions and sentiments expressed in online articles.",https://doi.org/10.1109/IALP.2018.8629144 (2018),,https://doi.org/10.48550/arXiv.2212.09648 (2022)
5631,Indonesian,ID-WOZ,Speech,Dialogue Modeling,"The ID-WOZ dataset is primarily used for task-oriented dialogue modeling in the Indonesian language, focusing on domains such as restaurants, hotels, taxis, attractions, police, hospitals, planes, movies, and wear. It is employed to conduct extensive experiments on dialogue system performance, intention classification, and slot-filling tasks. The dataset is often compared with MultiWOZ and other local datasets to evaluate model effectiveness in both low-resource and culturally specific contexts. It supports the adaptation and evaluation of dialogue models in the Indonesian language, enhancing their performance in multi-domain scenarios.",,,https://doi.org/10.1155/2022/8407713 (2022); https://doi.org/10.1145/3575803 (2022)
a5585,Indonesian,IDK-MRC,Unknown,Not specified,No feature description available.,https://doi.org/10.18653/v1/2022.emnlp-main.465 (2022),https://github.com/rifkiaputri/IDK-MRC,https://doi.org/10.48550/arXiv.2310.04928 (2023)
5626,Indonesian,IDK-MRC test set,Text,Question Answering,"The IDK-MRC dataset is primarily used to evaluate machine reading comprehension (MRC) models in Indonesian, focusing on both answerable and unanswerable questions. It is applied to assess the models' ability to handle complex and factual questions over news and Wikipedia documents, as well as to conduct unanswerability error analysis. This dataset enables researchers to test and improve the performance of question-answering systems, particularly in handling unanswerable queries and cross-lingual generalization.; The IDK-MRC test set is used to evaluate machine reading comprehension models on Indonesian text, focusing on both answerable and unanswerable questions. It enables researchers to assess model performance and conduct unanswerability error analysis, specifically in the context of handling unanswerable questions in Indonesian language models. This dataset provides a standardized test set for evaluating and improving the capabilities of machine reading comprehension systems in handling unanswerability.","https://doi.org/10.48550/arXiv.2210.13778 (2022), https://doi.org/10.18653/v1/2020.acl-main.442 (2020)",https://github.com/rifkiaputri/IDK-MRC,https://doi.org/10.48550/arXiv.2310.04928 (2023); https://doi.org/10.48550/arXiv.2210.13778 (2022); https://doi.org/10.1109/ICAICTA59291.2023.10390123 (2023); https://doi.org/10.48550/arXiv.2212.09648 (2022)
5628,Indonesian,IDN Tagged Corpus,Text,Parsing and Tagging,"The IDN Tagged Corpus is primarily used for training and evaluating part-of-speech (POS) taggers for Indonesian. It contains manually labeled tokens ranging from 14,165 to 355,000, which are utilized to develop and assess rule-based, bidirectional LSTM, and CRF models. This dataset serves as a standard resource in Indonesian language research, enabling the comparison of different tagging methods and focusing on metrics such as F1 scores and POS tagging accuracy.",https://doi.org/10.1109/IALP.2014.6973521 (2014),https://github.com/famrashel/idn-tagged-corpus,https://doi.org/10.26418/jlk.v2i2.20 (2019)
5814,Indonesian,idner-news-2k,Text,Named Entity Recognition,"The Standardized Dataset on Indonesian Named Entity Recognition is used to develop and evaluate named entity recognition models specifically for the Indonesian language. It focuses on standardizing annotations to improve model performance. This dataset enables researchers to address the challenge of consistent annotation standards, enhancing the accuracy and reliability of NER models in Indonesian language processing tasks.",https://www.semanticscholar.org/paper/574453271bf9dbce7df005e9e1c2e0bb77eb1c6d (2018),https://github.com/khairunnisaor/idner-news-2k,https://doi.org/10.1186/s40537-024-00987-6 (2024)
5633,Indonesian,INARTE,Text,Parsing and Tagging,"The INARTE dataset is used to train and evaluate natural language inference models in Indonesian, focusing on textual entailment recognition. It contains 10,000 sentence pairs for various NLP tasks, enabling researchers to assess model accuracy in understanding and reasoning about textual relationships. Studies employ this dataset to improve and test the performance of models in recognizing entailment, contributing to advancements in Indonesian NLP.; The INARTE dataset is used to evaluate textual entailment models on Indonesian data, primarily from Wikipedia. It includes a larger set of approximately 1.5k example pairs and a smaller set of 400 pairs, both with binary labels. Researchers use this dataset to assess model performance and explore semi-supervised methods for enhancing entailment recognition.","https://doi.org/10.1109/ICSTC.2018.8528283 (2018), https://doi.org/10.1007/978-3-031-23793-5_34 (2018)",,https://doi.org/10.1016/j.dib.2023.109998 (2023); https://doi.org/10.18653/v1/2021.emnlp-main.821 (2021)
5821,Indonesian,IndoAbbr,Text,Parsing and Tagging,"The dataset, containing 42,207 abbreviations from Indonesian news media, is used to train and evaluate abbreviation identification algorithms. It enhances models' ability to recognize and expand abbreviations in Indonesian text, specifically addressing the challenge of abbreviation handling in news articles. This dataset supports research in natural language processing, focusing on improving the accuracy and reliability of abbreviation recognition systems in Indonesian language contexts.",https://doi.org/10.1109/IALP51396.2020.9310514 (2020),,
5637,Indonesian,IndoBERTweet,Text,Pretraining,"The IndoBERTweet dataset is used to train a pretrained language model specifically tailored for Indonesian Twitter data. It focuses on initializing domain-specific vocabulary effectively to enhance the model's performance on Indonesian tweets. This dataset enables researchers to address challenges unique to Indonesian social media content, improving the accuracy and relevance of natural language processing tasks in this domain.",https://doi.org/10.18653/v1/2020.emnlp-demos.2 (2020),https://github.com/indolem/IndoBERTweet,https://doi.org/10.14569/ijacsa.2023.0141053 (2023)
5635,Indonesian,IndoLem,Text,Pre-training,"The Indo4B Indonesian corpus is used for pre-training the indoBERT model, specifically to enhance performance in Indonesian NLP tasks. This involves leveraging large-scale language data to improve the model's capabilities in handling Indonesian-specific linguistic challenges. The dataset's extensive size and focus on Indonesian content enable researchers to develop more effective and contextually accurate NLP models for Indonesian applications.",https://doi.org/10.18653/V1/2020.COLING-MAIN.66 (2020),https://indolem.github.io/,https://doi.org/10.23887/janapati.v12i2.62582 (2023)
5639,Indonesian,IndoLEM sentiment,Text,Sentiment Analysis,"The IndoLEM sentiment dataset is primarily used for sentiment and emotion analysis in the Indonesian language, drawing data from Twitter and hotel reviews. It is employed to train and evaluate models on sentiment and emotion classification, contributing to the development and benchmarking of Indonesian NLP models. The dataset includes 5048 sentiment-labeled and 4401 emotion-labeled samples, enhancing the robustness and performance of these models in understanding and classifying emotional and sentiment content in Indonesian text.",https://doi.org/10.1109/IALP.2017.8300625 (2017),https://github.com/indolem/indolem,https://doi.org/10.48550/arXiv.2309.10661 (2023)
5640,Indonesian,IndoMMLU,Text,Evaluation and Assessment,"The IndoMMLU dataset is used to evaluate the performance of models across various educational and cultural tasks in Indonesia. It assesses problem-solving skills, language understanding, and the impact of safety fine-tuning on downstream tasks such as career-related and primary school exams. The dataset follows the format of English MMLU and is employed to investigate educational assessment and cultural aspects through exam questions, enabling researchers to analyze the effectiveness of fine-tuned models in an Indonesian context.",https://doi.org/10.18653/v1/2020.emnlp-main.700 (2020),https://huggingface.co/datasets/indolem/IndoMMLU,https://doi.org/10.48550/arXiv.2310.04928 (2023); https://doi.org/10.15587/1729-4061.2024.309972 (2024); https://doi.org/10.48550/arXiv.2506.02573 (2025)
5645,Indonesian,Indonesia Named Entity Recognition (NER) dataset,Text,Named Entity Recognition,"The Indonesia Named Entity Recognition (NER) dataset is used to categorize formal type sentences in Indonesian, specifically focusing on named entity recognition within the context of Indonesian language processing. This dataset enables researchers to develop and evaluate NER models tailored for the Indonesian language, enhancing the accuracy of identifying and classifying named entities in formal Indonesian text.",https://doi.org/10.1109/IC2IE60547.2023.10331336 (2023),,
5657,Indonesian,Indonesia news online dataset,Text,Entity Recognition,"The Indonesia news online dataset is used to extract location entities from Indonesian online news articles about forest fires. Researchers employ bidirectional LSTM-CNNs for entity recognition, leveraging the dataset's textual content to identify and locate geographical references related to forest fire incidents. This methodology aids in understanding the spatial distribution and impact of forest fires as reported in the media.",https://doi.org/10.34123/SEMNASOFFSTAT.V2020I1.601 (2021),,https://doi.org/10.1109/ICERA66156.2025.11087367 (2025)
5642,Indonesian,Indonesia-English code-mixed Tweets,Text,Hate Speech Detection,"The 'Indonesia-English code-mixed Tweets' dataset is utilized for normalizing and detecting multi-label hate speech and abusive language in code-mixed content. Research focuses on the linguistic and contextual aspects of mixed-language tweets, employing methods to normalize the data and identify abusive language. This dataset enables detailed analysis of code-mixed language in social media, enhancing understanding of linguistic characteristics and the prevalence of hate speech in Indonesian-English tweets.; The Indonesia-English code-mixed Tweets dataset is primarily used for detecting and normalizing multi-label hate speech and abusive language in Indonesian-English mixed content on Twitter. Researchers employ this dataset for collecting and classifying tweets, focusing on linguistic and contextual aspects to improve normalization techniques and enhance multi-label classification models. This dataset supports studies on code-mixed language in social media, addressing specific challenges in hate speech and abusive language detection.",https://doi.org/10.1109/I2CT57861.2023.10126234 (2023),,
5660,Indonesian,Indonesian (IND),Text,Morphological Segmentation,"The Indonesian (IND) dataset is used to train and evaluate morphological segmentation models. It consists of 8000 training, 1000 development, and 1000 test examples, enabling researchers to develop and assess algorithms that accurately segment words into their constituent morphemes. This dataset supports research focused on improving natural language processing techniques for the Indonesian language.",https://doi.org/10.18653/v1/P16-1156 (2016),https://www.repository.cam.ac.uk/items/ed4a71ef-7c11-4958-ae34-4fb1cde891e2/full,https://doi.org/10.18653/v1/2020.emnlp-main.423 (2020)
5663,Indonesian,Indonesian - Lampung Nyo corpus,Text,Lexicon/Dictionary,"The Indonesian - Lampung Nyo corpus is used to construct a parallel corpus from Lampung language books for elementary and junior high school levels, specifically focusing on the Lampung Nyo dialect. This dataset enables researchers to develop educational materials and linguistic resources, supporting the preservation and teaching of the Lampung Nyo dialect.",https://doi.org/10.1088/1742-6596/1751/1/012036 (2021),https://huggingface.co/datasets/SEACrowd/parallel_id_nyo,https://doi.org/10.48550/arXiv.2212.09648 (2022)
5646,Indonesian,Indonesian and English dataset,Text,Language Understanding and Generation,"The Indonesian and English dataset is used to pretrain Transformer models for multilingual tasks, specifically focusing on enhancing language understanding and generation capabilities in Indonesian. This dataset enables researchers to develop models that can effectively process and generate text in both languages, contributing to advancements in multilingual natural language processing.",https://www.semanticscholar.org/paper/a70fd36953d654cd585046c43815fa9ce5187172 (2020),https://github.com/gunnxx/indonesian-mt-data,
5648,Indonesian,Indonesian Common Crawl (CC-ID),Text,Word Embeddings/Text Classification,"The Indonesian Common Crawl (CC-ID) dataset is primarily used to train fastText models for word embeddings, specifically focusing on the Indonesian language. These models are employed to enhance performance in Indonesian text classification tasks and to conduct large-scale self-supervised learning. The dataset facilitates comparisons between different training approaches, enabling researchers to evaluate and improve model effectiveness in handling Indonesian text data.; The Indonesian Common Crawl (CC-ID) dataset is used to train fastText models for word embeddings, specifically focusing on the Indonesian language. It serves as a benchmark to evaluate and compare model performance in Indonesian text classification tasks. The dataset provides a large-scale resource that enhances the accuracy and effectiveness of these models, facilitating advancements in Indonesian language processing.",https://www.semanticscholar.org/paper/5feb32a73dd1bd9e13f84a7b3344497a5545106b (2016),https://data.statmt.org/cc-100/,https://doi.org/10.18653/v1/2020.aacl-main.85 (2020)
5649,Indonesian,Indonesian Corpora for Automatic Abstractive and Extractive Chat Summarization,Text,Summarization,"The Indonesian Corpora for Automatic Abstractive and Extractive Chat Summarization dataset is used to develop and evaluate summarization systems for the Indonesian language, focusing on both abstractive and extractive techniques. It is applied to conversational data from WhatsApp and online news content, supporting research into summarization models tailored for Indonesian linguistic structures. This dataset enables the creation and assessment of chat and news summarization models, enhancing the accuracy and relevance of summaries in Indonesian.",https://www.semanticscholar.org/paper/e0e68cedb8d1cd2643da97fe223b096ad851aa4c (2016),,https://doi.org/10.1080/09540091.2021.1937942 (2021); https://doi.org/10.15676/ijeei.2021.13.4.10 (2021)
5653,Indonesian,Indonesian emotion classification dataset,Text,Sentiment Analysis,"The Indonesian emotion classification dataset is used to classify emotions in Indonesian colloquial language tweets, focusing on five distinct emotional categories. Collected from Twitter over two weeks in June 2018, the dataset enables researchers to analyze and categorize emotional content in social media posts, employing methods tailored to the nuances of informal online communication. This supports research into sentiment analysis and emotional expression in digital contexts.",https://doi.org/10.1109/IALP.2018.8629262 (2018),https://github.com/meisaputri21/Indonesian-Twitter-Emotion-Dataset,https://doi.org/10.1109/ACCESS.2024.3402809 (2024)
5654,Indonesian,Indonesian Emotion Words List,Text,Sentiment Analysis,"The Indonesian Emotion Words List dataset is used to classify and analyze 94 Indonesian emotion words into five main categories: love, joy, anger, sadness, and fear. It supports research on the structure of the Indonesian emotion lexicon by forming significant features in combination with Bag-of-Words and FastText models. This enables detailed analysis of emotional content in Indonesian text, focusing on the presence and distribution of emotion-related words.; The Indonesian Emotion Words List dataset is used to categorize 94 emotion words into five main classes: love, joy, anger, sadness, and fear. It supports research on the structure of the Indonesian emotion lexicon and analyzes the emotional content in Indonesian text by examining the presence and frequency of these emotion-related words in various contexts. This dataset enables detailed studies on emotional expression and categorization in the Indonesian language.",https://doi.org/10.1111/1467-839X.00086 (2001),,https://doi.org/10.1109/IALP.2018.8629262 (2018)
5652,Indonesian,Indonesian Emotional Speech Corpus (IDESC),Speech,Emotion Recognition,"The Indonesian Emotional Speech Corpus (IDESC) is used to enhance emotion recognition in Indonesian television talk shows. It forms the first Indonesian emotional speech corpus, contributing to affective computing by providing essential linguistic resources. The dataset enables researchers to develop and test algorithms for recognizing emotions in spoken language, specifically tailored to the Indonesian context.",https://doi.org/10.1109/SLT.2014.7078619 (2014),,https://doi.org/10.14569/IJACSA.2021.0120422 (2021)
5659,Indonesian,Indonesian Hoax News Detection Dataset,Text,Classification,"The Indonesian Hoax News Detection Dataset is used to train and evaluate machine learning models for detecting fake news in Indonesian-language online media. Research focuses on improving classification accuracy and model performance, utilizing the dataset's specific characteristics to enhance the reliability of fake news detection systems.",https://doi.org/10.1109/ICIMCIS56303.2022.10017528 (2022),,https://doi.org/10.1109/SIML61815.2024.10578272 (2024)
5662,Indonesian,Indonesian Labor Strike Tweets,Text,Named Entity Recognition,"The Indonesian Labor Strike Tweets dataset is used to train and evaluate a supervised entity tagger for named entity recognition in low-resource settings, specifically focusing on labor strike tweets in Indonesian. This dataset enables researchers to improve the accuracy of identifying key entities in tweets related to labor strikes, enhancing the understanding and analysis of social movements and labor dynamics in Indonesia.",https://doi.org/10.1145/2348283.2348380 (2012),,https://doi.org/10.1088/1757-899X/403/1/012067 (2018)
5664,Indonesian,Indonesian language data in the hotel domain,Text,Natural Language Understanding and Generation,"The Indonesian language data in the hotel domain is used to train, validate, and test models on Indonesian language processing tasks. Comprising 5000 texts, the dataset is split into training, validation, and test sets, enabling researchers to develop and evaluate models specifically for the hotel domain. This dataset facilitates the improvement of natural language understanding and generation in Indonesian, focusing on applications such as customer service, review analysis, and automated response systems.",,,https://doi.org/10.1109/ICEEI59426.2023.10346852 (2023)
5665,Indonesian,Indonesian language stop word list,Text,Information Retrieval,"The Indonesian language stop word list is used for stop word removal in the preprocessing phase of text data, specifically to enhance information retrieval tasks. This dataset aids in refining text data by eliminating common words that do not contribute to the meaning, thereby improving the efficiency and accuracy of information retrieval systems.; The Indonesian language stop word list is used for stop word removal in text preprocessing, specifically to enhance the accuracy of information retrieval systems handling Indonesian text. This dataset facilitates the removal of common words that do not contribute to the meaning, improving the efficiency and effectiveness of text analysis in Indonesian language research.",https://www.semanticscholar.org/paper/8ed9c7d54fd3f0b1ce3815b2eca82147b771ca8f (2003),,https://doi.org/10.1109/ICIMCIS56303.2022.10017528 (2022)
5666,Indonesian,Indonesian language trial results documents,Text,Named Entity Recognition,"The Indonesian language trial results documents dataset is used to evaluate the effectiveness of deep learning models, specifically Bi-LSTM and CRF approaches, in recognizing entities within Indonesian court decision documents. This evaluation focuses on the accuracy and performance of these models, providing insights into their applicability for processing legal texts in the Indonesian language.",https://doi.org/10.1109/ICACSIS51025.2020.9263157 (2020),,https://doi.org/10.21456/vol14iss4pp311-320 (2024)
5667,Indonesian,Indonesian Lyrics Dataset (ILD),Text,Information Retrieval,"The Indonesian Lyrics Dataset is used for lyrics classification in Music Information Retrieval, specifically to enhance music genre detection accuracy through feature level fusion. This approach involves combining various features extracted from the lyrics to improve classification performance. The dataset's relevance lies in its ability to provide a rich source of textual data for training and testing machine learning models aimed at genre detection.",https://doi.org/10.1109/ic2ie47452.2019.8940826 (2019),,
5669,Indonesian,Indonesian multi-label hate speech and abusive dataset,Text,Sentiment Analysis,"The Indonesian multi-label hate speech and abusive dataset is used to detect and classify multi-label hate speech and abusive language in Indonesian Twitter and other social media platforms. Machine learning models are employed to address the complexity of overlapping labels, classify various types of offensive content, and analyze linguistic patterns. Research focuses on developing classification and annotation methodologies to improve the detection and understanding of hate speech and abusive language in Indonesian online contexts.",https://doi.org/10.18653/v1/W19-3506 (2019),https://github.com/okkyibrohim/id-multi-label-hate-speech-and-abusive-language-detection,https://www.semanticscholar.org/paper/1ec9cab33a92a80e22ccb49bb1655a9a2342658d (2020)
5670,Indonesian,Indonesian NER corpus,Text,Named Entity Recognition,"The Indonesian NER corpus is used for training and evaluating named entity recognition (NER) models in the Indonesian language. It contains approximately 600 instances and focuses on linguistic, orthographic, and lookup list features. This dataset enables researchers to develop and test NER models, addressing specific challenges in recognizing named entities within Indonesian text.",https://doi.org/10.1109/IALP.2016.7876005 (2016),,
5672,Indonesian,Indonesian News Sentences,Text,Summarization,"The Indonesian News Sentences dataset is utilized for multi-document summarization and semantic role labeling. Researchers apply semantic graph techniques and focus on syntactic and semantic structures to generate summarization templates. This dataset enables the analysis and synthesis of Indonesian news articles, enhancing the accuracy and relevance of automated summarization systems.",https://doi.org/10.1109/ICOICT.2016.7571935 (2016),,https://doi.org/10.1109/ISITIA59021.2023.10221008 (2023)
5676,Indonesian,Indonesian sentiment dictionary,Text,Sentiment Analysis,"The Indonesian sentiment dictionary is used to label datasets with sentiment scores, primarily for developing and applying lexicon-based techniques in Indonesian sentiment analysis. This dataset enables researchers to focus on the nuances of the Indonesian language, enhancing the accuracy of sentiment classification in text data.",https://doi.org/10.1109/IALP.2017.8300625 (2017),https://huggingface.co/datasets/SEACrowd/inset_lexicon,https://doi.org/10.29207/resti.v7i3.4726 (2023)
5677,Indonesian,Indonesian sentiment lexicon,Text,Sentiment Analysis,"The Indonesian sentiment lexicon dataset is used to calculate the frequency of sentiment words in Indonesian text, primarily for sentiment analysis in opinion mining. Researchers employ this dataset to quantify positive, negative, and neutral sentiments, enabling them to analyze public opinions and attitudes in various contexts. This lexicon facilitates the identification and measurement of sentiment frequencies, enhancing the accuracy of sentiment analysis tasks.",https://doi.org/10.1109/CDAN.2016.7570949 (2016),,https://doi.org/10.1109/ISITIA.2017.8124100 (2017)
5678,Indonesian,Indonesian short answer dataset,Text,Automatic Essay Scoring,"The Indonesian short answer dataset is used to assess short answers and predict scores in Indonesian, primarily through the application of Word2Vec embeddings and a Siamese Manhattan LSTM model for automatic essay scoring. This dataset enables researchers to develop and evaluate algorithms that can automatically score short answers, enhancing the efficiency and consistency of educational assessments.",https://doi.org/10.1109/ICECCE52056.2021.9514223 (2021),,https://doi.org/10.18280/ria.370502 (2023)
5683,Indonesian,Indonesian Text Morphing Viseme,Multimodal,Speech Recognition/Understanding,"The Indonesian Text Morphing Viseme dataset is used to enhance pronunciation learning in Indonesian visual speech synthesis. It combines morphing viseme and syllable concatenation techniques to improve the accuracy and naturalness of synthesized speech, supporting educational applications in language learning. This dataset enables researchers to develop more effective visual speech models by providing detailed viseme data aligned with syllabic structures.",https://doi.org/10.3991/IJET.V13I08.8084 (2018),,https://doi.org/10.14569/ijacsa.2022.0130950 (2022)
5684,Indonesian,Indonesian Translation of Holy Qur’an,Text,Question Answering,"The Indonesian Translation of Holy Qur’an dataset is used for developing rule-based question answering systems, with a focus on improving performance through semantic annotation. This approach enhances the system's ability to accurately respond to queries by leveraging the structured content of the translation. The dataset's detailed and contextually rich text supports the creation of more sophisticated and context-aware question answering models.",https://doi.org/10.1109/CITSM.2016.7577585 (2016),,https://doi.org/10.1109/ICAICTA59291.2023.10390123 (2023)
5686,Indonesian,Indonesian Treebank in the ParGram Parallel Treebank (ParGramBank),Text,Parsing and Tagging,"The Indonesian Treebank in the ParGram Parallel Treebank (ParGramBank) is used to study Lexical Functional Grammar in Indonesian, focusing on syntactic structures within a limited set of 79 sentences and 433 words. This dataset enables detailed analysis of Indonesian syntax, providing a structured resource for linguistic research. The small, curated size of the dataset facilitates in-depth examination of specific grammatical features and syntactic patterns.",https://www.semanticscholar.org/paper/bd295c8fdf638141cfab227c9692b2fbdc5c2146 (2013),,https://www.semanticscholar.org/paper/68c1f36518e1e4f99197f894adea2284f5b7aca1 (2019)
5687,Indonesian,Indonesian tweet on Twitter sentiment regarding the use of public land transport,Text,Sentiment Analysis,"The dataset 'Indonesian tweet on Twitter sentiment regarding the use of public land transport' is used to analyze sentiment towards public land transport in Indonesia. Researchers employ Support Vector Machine (SVM) for classification, focusing on understanding public opinion and perceptions. This dataset enables the examination of specific issues and sentiments expressed by users, providing insights into the effectiveness and user satisfaction of public transport systems.",https://www.semanticscholar.org/paper/1540afe9197e371b64d157bf3614fcef709ad292 (2015),,https://doi.org/10.1109/ICODSE.2017.8285860 (2017)
5612,Indonesian,Indonesian Tweets,Text,Sentiment Analysis,multi-label hate speech and abusive language detection in the Indonesian Twitter.,https://doi.org/10.18653/v1/W19-3506 (2019),https://github.com/okkyibrohim/id-multi-label-hate-speech-and-abusive-language-detection,https://doi.org/10.1145/3625821 (2023)
5688,Indonesian,Indonesian tweets,Text,Sentiment Analysis,"The 'Indonesian tweets' dataset is used to analyze sentiment towards public figures in Indonesian social media. Researchers employ SVM and Naive Bayes classifiers with a bag-of-words approach to categorize and classify tweets. This methodology helps in understanding public opinion and emotional responses, enabling detailed sentiment analysis in the context of Indonesian social media.",https://www.semanticscholar.org/paper/33b9c2c8411276a7f565a1af8beff509fccd0a9a (2014),,https://doi.org/10.1109/ICODSE.2017.8285860 (2017)
5693,Indonesian,Indonesian voice-to-text data set,Speech,Speech Recognition/Understanding,"The Indonesian voice-to-text dataset is used to train a Time Delay Neural Network Factorization (TDNNF) model for automatic speech recognition. This focuses on enhancing the accuracy of transcribing Indonesian audio, leveraging the dataset's specific characteristics to improve speech recognition performance in the Indonesian language.",https://doi.org/10.1109/ICELTICs50595.2020.9315538 (2020),,https://doi.org/10.14569/IJACSA.2021.0120327 (2021)
5694,Indonesian,Indonesian Wikipedia,Text,Language Modeling,"The Indonesian Wikipedia dataset is primarily used to train BERT-based models, such as I NDO BERT and BERT-Base, by providing large volumes of Indonesian text (ranging from 55M to 90M words). This text, sourced from web and news articles, enhances the models' understanding and representation of the Indonesian language, improving their performance in language-related tasks.; The Indonesian Wikipedia dataset is primarily used to train BERT-Base models, contributing between 55M to 90M words of Indonesian text from web and news sources. This dataset enhances language understanding and representation, specifically supporting the development of I NDO BERT through language modeling. The large volume of text enables robust training, improving the model's performance in various natural language processing tasks.","https://www.semanticscholar.org/paper/2c08e64edebbeafd4e85d68c08ba272a2455f75e (2003), https://www.semanticscholar.org/paper/6aa8282509e14ad793a3a800aca00d079b9913fb (2017)",,https://doi.org/10.18653/V1/2020.COLING-MAIN.66 (2020); https://doi.org/10.18653/v1/2020.aacl-main.60 (2020)
5696,Indonesian,Indonesian Wikipedia dump data,Text,Information Retrieval,"The Indonesian Wikipedia dump data is used to precompute Term Frequency (TF) and Inverse Document Frequency (IDF) tables for information retrieval in Bahasa Indonesia. The dataset focuses on evaluating the impact of stemming techniques on retrieval performance, enabling researchers to optimize search algorithms and improve the accuracy of information retrieval systems in the Indonesian language.",https://www.semanticscholar.org/paper/2c08e64edebbeafd4e85d68c08ba272a2455f75e (2003),,https://doi.org/10.1109/IALP.2018.8629109 (2018)
5697,Indonesian,Indonesian WordNet,Unknown,Lexicon/Dictionary,"The Indonesian WordNet is an ongoing project aimed at developing a lexical database for the Indonesian language. While it is mentioned in various research contexts, no specific usage or application within current studies is described. This indicates that the dataset is primarily in development rather than actively employed in research methodologies or addressing specific research questions.",https://www.semanticscholar.org/paper/bb2ffb3da76c4e7d74288209e49b7a97c16c4f6c (2008),https://github.com/open-language/wordnets,https://doi.org/10.1007/978-3-642-23138-4_8 (2011)
5698,Indonesian,Indonesian WSD,Text,Word Sense Disambiguation,"The Indonesian WSD dataset is used for word sense disambiguation (WSD) in Indonesian, focusing on supervised learning methods. It is automatically collected using the CrossLingual WSD (CLWSD) approach, leveraging WordNet and the parallel corpus GIZA++. This dataset enables researchers to develop and evaluate WSD models specifically tailored for the Indonesian language, enhancing the accuracy of natural language processing tasks in this linguistic context.; The Indonesian WSD dataset is used for word sense disambiguation in Indonesian, focusing on improving supervised learning methods. It is automatically collected using the CrossLingual WSD (CLWSD) approach, leveraging WordNet and the parallel corpus GIZA++. This dataset enables researchers to enhance the accuracy of supervised learning models for Indonesian WSD tasks.",https://www.semanticscholar.org/paper/41713cdd3af12f4fe8e50fee0d71ffb1a904a49e (2018),,https://doi.org/10.48550/arXiv.2212.09648 (2022)
5656,Indonesian,Indonesian-English Code-Mixed Twitter Data,Text,Language Normalization,"The Indonesian-English Code-Mixed Twitter Data dataset is used to analyze and normalize code-mixed tweets, focusing on the use of slang and non-standard language in social media. Researchers employ this dataset to understand linguistic phenomena in multilingual online environments, specifically addressing how users blend Indonesian and English in their tweets. This dataset enables detailed examination of language normalization techniques and the sociolinguistic aspects of code-switching in digital communication.",https://doi.org/10.18653/v1/D19-5554 (2019),,https://doi.org/10.30865/mib.v7i4.6816 (2023)
5661,Indonesian,Indonesian-Javanese code-mixed data,Text,Sentiment Analysis,"The Indonesian-Javanese code-mixed data dataset is utilized for sentiment analysis, particularly in low-resource language contexts. Researchers employ a Sentence BERT pre-trained model and compare lexicon-based and transformer-based approaches with an attention mechanism. This dataset enables the evaluation of these methods, highlighting its relevance in mixed linguistic contexts and facilitating advancements in sentiment analysis for under-resourced languages.",https://doi.org/10.18653/v1/2020.semeval-1.170 (2020),,https://doi.org/10.14569/ijacsa.2023.0141053 (2023)
5699,Indonesian,Indonesia’s PPKM Tweets,Text,Sentiment Analysis,"The 'Indonesia’s PPKM Tweets' dataset is used to analyze public sentiment towards the implementation of PPKM policies in Indonesia. Researchers employ various classification methods for sentiment analysis, comparing their effectiveness. This dataset enables the examination of public reactions and attitudes, providing insights into the social impact of PPKM measures.",https://doi.org/10.34123/icdsos.v2021i1.237 (2022),https://www.kaggle.com/code/mochkholil/ppkm-sentiment-classification/data,https://doi.org/10.1109/ICITISEE57756.2022.10057720 (2022)
5701,Indonesian,IndoNLU,Multimodal,Benchmarking and Evaluation,"The IndoNLU dataset is primarily used as a benchmark for evaluating Indonesian natural language understanding (NLU) across various NLP tasks, including emotion classification, text summarization, and sentiment analysis. It provides a comprehensive resource for assessing model performance, focusing on multilingual and low-resource language understanding. The dataset supports benchmarking and model comparison, offering annotated data for diverse linguistic challenges and tasks.; The IndoNLU dataset is primarily used to evaluate and benchmark the performance of natural language understanding (NLU) and language modeling tasks in Indonesian. It focuses on assessing pretrained multilingual models, particularly in low-resource settings, and evaluates their capabilities across various NLU tasks such as semantic parsing, part-of-speech tagging, and named entity recognition. The dataset also supports the creation and evaluation of multimodal datasets, incorporating text, speech, and image data, to address a wide range of NLP tasks.","https://doi.org/10.18653/v1/2020.aacl-main.85 (2020), https://www.semanticscholar.org/paper/8ae8e5e840c5f43d4d72cbc4595690fba01aa799 (2020)",https://github.com/IndoNLP/indonlu,https://doi.org/10.18653/v1/2021.emnlp-main.699 (2021); https://doi.org/10.18653/v1/2021.emnlp-main.833 (2021); https://doi.org/10.18653/v1/2021.emnlp-main.821 (2021); https://doi.org/10.48550/arXiv.2502.18148 (2025); https://doi.org/10.14569/ijacsa.2022.0131110 (2022); https://doi.org/10.1109/ICORIS56080.2022.10031483 (2022); https://doi.org/10.1109/ICoDSA58501.2023.10277136 (2023); https://doi.org/10.20532/cit.2022.1005478 (2023); https://doi.org/10.48550/arXiv.2212.09648 (2022)
5702,Indonesian,IndoSMD,Speech,Speech Recognition/Understanding,"The IndoSMD dataset is used to evaluate task-oriented dialog systems, particularly focusing on the Indonesian language. It is employed to assess the performance of the GALAXY model and framework in monolingual settings, addressing convergence issues and comparing results with the English Cam-Rest dataset. The dataset includes dialogues and utterances for restaurant reservation tasks, enabling researchers to analyze system performance in specific linguistic and task contexts.",https://doi.org/10.1609/aaai.v36i10.21320 (2021),https://huggingface.co/datasets/SEACrowd/indosmd,https://doi.org/10.48550/arXiv.2311.00958 (2023)
5703,Indonesian,IndoSum,Text,Text Summarization,"The IndoSum dataset is primarily used for benchmarking and evaluating text summarization models in Indonesian, particularly focusing on news articles. It provides a large corpus of articles and manually-written summaries, enabling researchers to assess the performance, quality, and coherence of both abstractive and extractive summarization techniques. As the largest Indonesian summarization dataset, it supports the development and comparison of summarization methods, emphasizing the importance of summarization accuracy and content quality.; The IndoSum dataset is primarily used for Indonesian text summarization research, focusing on both abstractive and extractive summarization methods. It is employed to train, test, and evaluate various models, including BertSum, Pointer Generator Network, and IndoBERT, using metrics like BERTScore and recall-oriented measures. The dataset consists of 19k document-summary pairs, enabling 5-fold cross-validation to assess model performance and robustness. It serves as a benchmark for comparing summarization models, particularly in generating concise and coherent summaries of Indonesian news articles.",https://doi.org/10.1109/IALP.2018.8629109 (2018),https://github.com/kata-ai/indosum,https://doi.org/10.1109/ICETSIS61505.2024.10459565 (2024); https://doi.org/10.1145/3341620.3341626 (2019); https://doi.org/10.33096/ilkom.v15i1.1532.124-131 (2023); https://doi.org/10.46799/jsa.v5i9.1483 (2024); https://doi.org/10.33795/jip.v10i4.5242 (2024); https://doi.org/10.12720/jait.14.4.656-667 (2023); https://doi.org/10.1109/ICAICTA59291.2023.10389952 (2023); https://doi.org/10.18653/v1/2020.aacl-main.60 (2020); https://doi.org/10.32890/jict2022.21.1.4 (2021); https://doi.org/10.1080/09540091.2021.1937942 (2021); https://doi.org/10.15676/ijeei.2021.13.4.10 (2021); https://www.semanticscholar.org/paper/330d74432b0f5171bdd900ea9093c6864a023b2a (2019)
5704,Indonesian,IndoWiki,Text,Parsing and Tagging,"The IndoWiki dataset is used to evaluate and train models for Indonesian language tasks. It supports benchmarking and comparison of models like IndoBERT, DistilBERT, and IndoKEPLER, focusing on performance in sequence labeling and factual knowledge recall. The dataset's specialized corpus enhances model training, enabling researchers to assess and improve model capabilities in handling Indonesian language-specific challenges.",https://www.semanticscholar.org/paper/a54b56af24bb4873ed0163b77df63b92bd018ddc (2019),https://huggingface.co/datasets/SEACrowd/indowiki,https://doi.org/10.1109/IWBIS56557.2022.9924844 (2022)
5705,Indonesian,INDspeech_NEWS_EthnicSR,Speech,Speech Recognition/Understanding,"The INDspeech_NEWS_EthnicSR dataset is extensively used for automatic speech recognition (ASR) and text-to-speech synthesis in Indonesian and its regional languages, such as Javanese, Sundanese, Batak, and Balinese. It enhances the accuracy and naturalness of speech processing in various contexts, including news broadcasts, telephone dialogues, and digit recognition. The dataset, containing 13,000 utterances from 9000 speakers, is also utilized for machine translation, sentiment analysis, part-of-speech tagging, and hate speech detection, focusing on preserving and analyzing the phonetic and linguistic characteristics of Indonesian ethnic languages.",https://doi.org/10.1109/ICSDA.2012.6422469 (2012),https://huggingface.co/datasets/SEACrowd/indspeech_news_ethnicsr,https://doi.org/10.48550/arXiv.2212.09648 (2022)
5707,Indonesian,INDspeech_NEWS_TTS,Speech,Speech Recognition/Understanding,"The INDspeech_NEWS_TTS dataset is extensively used for automatic speech recognition (ASR) and text-to-speech (TTS) synthesis, particularly in Indonesian and regional languages such as Javanese, Sundanese, Batak, and Balinese. It enhances speech-to-text accuracy, naturalness, and intelligibility in news broadcasts and telephone dialogues. The dataset supports large vocabulary continuous speech recognition, digit recognition, and speaker verification, improving voice-controlled applications and security. It also aids in hate speech detection, sentiment analysis, and machine translation, contributing to language preservation and cross-lingual communication. The dataset's diverse content, including 13,000 utterances from 9000 speakers, facilitates robust training and evaluation of speech technologies.",https://doi.org/10.1109/ICSDA.2012.6422469 (2012),https://huggingface.co/datasets/SEACrowd/indspeech_news_tts,https://doi.org/10.48550/arXiv.2212.09648 (2022)
5709,Indonesian,InSet Lexicon,Text,Sentiment Analysis,"The InSet Lexicon is used for sentiment analysis in Indonesian, specifically to analyze and classify sentiments in social media content such as microblogs. It provides high accuracy in distinguishing between negative and positive sentiments, supporting the evaluation and improvement of sentiment analysis models in Indonesian language datasets.; The InSet Lexicon is used in sentiment analysis research, specifically for classifying and evaluating sentiments in Indonesian text. It supports the development of classification models that categorize text into positive, negative, and neutral classes. The lexicon is particularly useful for analyzing social media content, such as microblogs, enabling researchers to focus on the nuances of negative and positive sentiments in online discussions.","https://doi.org/10.31098/cset.v1i1.397 (2021), https://doi.org/10.1109/IALP.2017.8300625 (2017)",https://github.com/fajri91/InSet,https://doi.org/10.31937/ti.v14i1.2540 (2022); https://doi.org/10.18653/v1/W19-3506 (2019); https://doi.org/10.31098/cset.v1i1.397 (2021)
5711,Indonesian,iSarcasmEval,Text,Sentiment Analysis,"The iSarcasmEval dataset is used to address class imbalance in sarcasm detection by balancing the ratio of sarcastic to non-sarcastic comments. It is also utilized for translating sarcastic texts from English to Indonesian, enhancing sarcasm detection in social media posts. Additionally, it serves as a reference for developing an Indonesian sarcasm detection dataset, emphasizing expert human annotation and intended sarcasm detection.",https://doi.org/10.18653/v1/2022.semeval-1.111 (2022),https://www.google.com/search?q=iSarcasmEval&rlz=1C5CHFA_enDE822DE822&oq=iSarcasmEval&gs_lcrp=EgZjaHJvbWUyBggAEEUYOTIJCAEQABgKGIAEMgkIAhAAGAoYgAQyCQgDEAAYChiABDIJCAQQABgKGIAEMgkIBRAAGAoYgAQyCQgGEAAYChiABDIJCAcQABgKGIAEMgkICBAAGAoYgAQyCQgJEAAYChiABNIBBzI1M2owajGoAgCwAgA&sourceid=chrome&ie=UTF-8,https://doi.org/10.1109/ACCESS.2024.3416955 (2024)
5714,Indonesian,JATI,Text,Parsing and Tagging,"The JATI dataset, built using the Indonesian Resource Grammar (INDRA), is primarily used as a reference for constructing other treebanks, with a focus on syntactic structures in Indonesian. It supports research in computational grammar, enabling the development and validation of linguistic resources and tools for Indonesian.",https://doi.org/10.18653/v1/W15-3302 (2015),https://github.com/davidmoeljadi/INDRA/tree/master/tsdb/gold/jati_edited,https://www.semanticscholar.org/paper/68c1f36518e1e4f99197f894adea2284f5b7aca1 (2019)
5718,Indonesian,Kamus Alay,Text,Lexicon/Dictionary,"The Kamus Alay dataset is used to provide a lexicon for text normalization, specifically mapping Indonesian colloquial words to their formal equivalents. This dataset enables researchers to develop and evaluate algorithms for converting informal language into standard Indonesian, enhancing the accuracy of natural language processing tasks such as sentiment analysis and machine translation.; The Kamus Alay dataset is used to provide a lexicon for text normalization of Indonesian colloquial words, supporting research in natural language processing and colloquial language understanding. It focuses on mapping informal to formal language, enabling more accurate processing and understanding of colloquial text in NLP applications.",https://doi.org/10.1109/IALP.2018.8629151 (2018),https://github.com/nasalsabila/kamus-alay,https://doi.org/10.48550/arXiv.2212.09648 (2022)
5719,Indonesian,Kamus Besar Bahasa Indonesia,Text,Lexicon/Dictionary,"The Kamus Besar Bahasa Indonesia dataset is used to verify the accuracy of generated words, ensuring they align with standard Indonesian vocabulary and usage. This involves comparing generated content against the dataset to check for correctness and adherence to linguistic norms. This methodology supports research focused on natural language generation and processing, enhancing the reliability and authenticity of generated text in Indonesian.",,https://kbbi.web.id/,https://doi.org/10.1109/ICEEI.2015.7352469 (2015)
5723,Indonesian,Karonese dataset,Speech,Speech Recognition/Understanding,"The Karonese dataset is primarily used for developing and enhancing speech technologies, including automatic speech recognition, text-to-speech synthesis, and speech-to-text translation, with a focus on Indonesian and regional languages like Sundanese, Javanese, Batak, and Balinese. It supports high-quality speech data for training and testing models, particularly in conversational and news broadcast contexts. Additionally, the dataset is utilized for machine translation, sentiment analysis, and hate speech detection, addressing cross-lingual communication, emotional content in text, and online content moderation. Its multilingual and code-mixed nature makes it valuable for improving natural language processing and preserving under-resourced languages.",https://doi.org/10.21437/SLTU.2018-14 (2018),,https://doi.org/10.48550/arXiv.2212.09648 (2022)
5605,Indonesian,KaWAT,Text,Lexicon/Dictionary,"The Google Word Analogy dataset is used to construct KaWAT, an Indonesian analogy task dataset, by providing a structured framework and examples for morphological and semantic relation tasks. This enables researchers to develop and evaluate models that can handle word analogies in the Indonesian language, enhancing natural language processing capabilities.",https://www.semanticscholar.org/paper/330d74432b0f5171bdd900ea9093c6864a023b2a (2019),https://huggingface.co/datasets/SEACrowd/kawat,
5725,Indonesian,KaWAT,Text,Word Representation Evaluation,The KaWAT dataset is used to evaluate word representation models in the Indonesian language by assessing their ability to capture semantic and syntactic relationships through a word analogy task. This dataset enables researchers to test and compare the effectiveness of different word embedding models in handling linguistic nuances specific to Indonesian.; The KaWAT dataset is used to evaluate word representation models in the Indonesian language by assessing their ability to capture semantic and syntactic relationships through a word analogy task. This dataset enables researchers to test and compare the effectiveness of different models in understanding linguistic nuances specific to Indonesian.,https://www.semanticscholar.org/paper/330d74432b0f5171bdd900ea9093c6864a023b2a (2019),https://github.com/kata-ai/kawat,https://doi.org/10.48550/arXiv.2212.09648 (2022)
5728,Indonesian,KOMPAS,Text,Information Retrieval,"The KOMPAS dataset is used to enhance information retrieval systems for Bahasa Indonesia by augmenting article datasets and improving stemming effects analysis. It is also utilized to gather text materials for creating multilingual Indonesian language datasets, specifically focusing on magazine and newspaper content for the ML-Superb Challenge. This dataset significantly increases the corpus size, enabling more robust research in information retrieval and multilingual language processing.; The 'kompas' dataset is used to identify quotations in Indonesian online news texts. It involves analyzing 2506 sentences to develop and evaluate a rule-based method for quotation detection. This dataset enables researchers to enhance the accuracy of quotation identification in news articles, contributing to natural language processing and text analysis methodologies.","https://www.semanticscholar.org/paper/8ed9c7d54fd3f0b1ce3815b2eca82147b771ca8f (2003), https://doi.org/10.1109/ISITIA.2016.7828656 (2016)",https://www.kompas.com,https://doi.org/10.1109/ASRU57964.2023.10389730 (2023); https://www.semanticscholar.org/paper/9e06d3e4109871999611cb886ebdaca62e505030 (2008); https://doi.org/10.11591/eei.v12i2.4529 (2023)
5729,Indonesian,Kompas newspaper,Text,Information Retrieval,"The Kompas newspaper dataset is used to derive text formats for Indonesian language processing, specifically focusing on the structural elements of news articles. This involves analyzing the layout and content structure of articles to enhance text processing methodologies. The dataset enables researchers to develop and refine techniques for handling and extracting information from Indonesian news texts, improving the accuracy and efficiency of language processing systems.",,https://github.com/kmkurn/id-nlp-resource,https://doi.org/10.14569/IJACSA.2021.0120327 (2021)
5730,Indonesian,Kompas online collection,Text,Information Retrieval,"The Kompas online collection is used as a training set for information retrieval in Bahasa Indonesia, specifically to study the effects of stemming on retrieval performance. This dataset enables researchers to evaluate and optimize stemming algorithms, enhancing the accuracy and efficiency of information retrieval systems in the Indonesian language.",https://www.semanticscholar.org/paper/8ed9c7d54fd3f0b1ce3815b2eca82147b771ca8f (2003),,https://www.semanticscholar.org/paper/da19f6f033257a7831f53f238e37b4e5768e9f43 (2006)
5732,Indonesian,Korpus Bahasa Indonesia untuk Deteksi Emosi dari Teks,Text,Sentiment Analysis,"The 'Korpus Bahasa Indonesia untuk Deteksi Emosi dari Teks' dataset is used for sentiment analysis and emotion recognition in Indonesian text. It focuses on detecting emotional content from reader responses, employing methodologies that analyze textual data to identify and categorize emotions. This dataset enables researchers to explore how emotional states are expressed in written form, enhancing understanding of emotional communication in digital contexts.",https://www.semanticscholar.org/paper/7562204c80b95b7d5dfb3d1138fda76d903e7e41 (2019),,https://doi.org/10.31937/ti.v14i1.2540 (2022)
5733,Indonesian,Korpus Nusantara,Multimodal,Machine Translation,"The Korpus Nusantara dataset is extensively used for machine translation, text-to-speech synthesis, and automatic speech recognition tasks, particularly for Indonesian and its regional languages. It supports the development and evaluation of NLP models, enhancing translation quality, speech synthesis, and transcription accuracy. The dataset is also utilized for hate speech detection, sentiment analysis, and part-of-speech tagging in Indonesian texts, focusing on improving the accuracy and fluency of these tasks. It includes speech data from various sources, such as news broadcasts and telephone dialogues, and employs techniques like deduplication and HMM-based models for training and testing.; The Korpus Nusantara dataset is extensively used for automatic speech recognition (ASR), text-to-speech synthesis, and machine translation, particularly for Indonesian and regional languages like Sundanese, Javanese, Batak, and Balinese. It supports ASR tasks in various contexts, including telephone dialogues, news broadcasts, and digit recognition, enhancing speech-to-text accuracy and voice-controlled applications. The dataset also aids in developing and evaluating NLP models, focusing on Indonesian language data from sources like Common Crawl and NLLB, with deduplication techniques. Additionally, it is used for hate speech detection, sentiment analysis, and speaker verification, improving security, emotional content understanding, and multilingual communication.","https://doi.org/10.21437/SLTU.2018-14 (2018), https://www.semanticscholar.org/paper/1a2e9fe815a3c2a5f02d3e169378240a56bdbff1 (2016)",https://huggingface.co/datasets/SEACrowd/korpus_nusantara,https://doi.org/10.48550/arXiv.2212.09648 (2022)
5735,Indonesian,Leipzig Indonesian Corpus,Text,Language Modeling,"The Leipzig Indonesian Corpus is used to build a bigram model for computing bigram probabilities in the Indonesian language. This involves analyzing a dataset of a million sentences sourced from web crawls, news, and Wikipedia entries. The corpus enables researchers to focus on linguistic patterns and statistical properties of word sequences in Indonesian, facilitating natural language processing tasks and language modeling.",https://www.semanticscholar.org/paper/1b560f892432fb853d233c92f9294640bc91de3c (2012),https://corpora.wortschatz-leipzig.de/en?corpusId=ind_mixed_2013,https://doi.org/10.1109/ICODSE.2017.8285846 (2017)
5736,Indonesian,lexicon that has been developed by Joice (2002),Unknown,Lexicon/Dictionary,"The lexicon developed by Joice (2002) is used as a reference lexicon for linguistic analysis. While the specific research contexts and methodologies are not detailed, the dataset provides a foundational resource for researchers conducting linguistic studies. Its primary role is to serve as a standardized reference, enabling consistent and reliable linguistic analysis across various research questions and applications.",,,https://doi.org/10.1109/ICoDSE56892.2022.9971944 (2022)
5737,Indonesian,Liputan6,Text,Text Summarization,"The Liputan6 dataset is primarily used for text summarization tasks in Indonesian, providing a large-scale resource to train and evaluate summarization models. It supports various NLP tasks, including abstractive and multidocument summarization, and has been employed in experiments with models like mBERT, IndoBERT, BERT2BERT, and Pegasus. The dataset contains 10,972 documents and is used to measure summarization quality using ROUGE metrics, focusing on improving F1 scores and generating coherent summaries. Additionally, it is used for text simplification, providing input documents and sentence positions to generate simplified versions of complex sentences.; The Liputan6 dataset is used for evaluating and training text summarization models, particularly focusing on Indonesian text. It serves as a benchmark for assessing the performance of models like BertSum. The dataset's large scale and specific focus on Indonesian language enable researchers to develop and refine summarization techniques tailored to this linguistic context.",https://doi.org/10.18653/v1/2020.aacl-main.60 (2020),https://github.com/fajri91/sum_liputan6,https://doi.org/10.18653/v1/2024.emnlp-main.1085 (2024); https://doi.org/10.1109/ICAICTA59291.2023.10390436 (2023); https://doi.org/10.48550/arXiv.2310.04928 (2023); https://doi.org/10.1109/ICITACEE58587.2023.10277395 (2023); https://doi.org/10.33795/jip.v10i4.5242 (2024); https://doi.org/10.1109/EIConCIT50028.2021.9431880 (2021)
5738,Indonesian,Low Level Descriptor of Interspeech 2010,Speech,Emotion Detection,"The Low Level Descriptor of Interspeech 2010 dataset is primarily used for detecting emotions in Indonesian spoken language. It serves as a baseline for comparison and is employed to evaluate the effectiveness and performance of different feature sets in emotion detection tasks. This dataset enables researchers to systematically compare various feature extraction methods, enhancing the accuracy and reliability of emotion recognition systems in Indonesian speech.",https://doi.org/10.1109/SLT.2014.7078619 (2014),,https://doi.org/10.1088/1742-6596/971/1/012048 (2018)
5739,Indonesian,M-AILab multilingual corpora (M-AILABS),Speech,Speech Recognition/Understanding,"The M-AILab multilingual corpora (M-AILABS) dataset is used for multilingual speech recognition and translation, offering diverse language data for training and evaluation. It supports research in developing robust speech recognition systems and translation models by providing a wide range of linguistic content, enhancing model performance across multiple languages.",https://doi.org/10.48550/arXiv.2204.02470 (2022),https://github.com/imdatceleste/m-ailabs-dataset,https://doi.org/10.1109/ASRU57964.2023.10389730 (2023)
5749,Indonesian,M-RewardBench,Text,Evaluation,"The M-RewardBench dataset is used to evaluate reward models in multilingual settings, particularly focusing on the impact of translated content and cultural mismatches. It is employed in instruction-tuned large language models using reinforcement learning from human feedback to improve model performance. The dataset highlights issues such as degradation of model performance due to translation artifacts and challenges in maintaining naturalness and contextual relevance in prompts, especially in Indonesian. It is also used to evaluate cross-lingual natural language inference models, emphasizing the importance of addressing cultural and linguistic nuances in multilingual AI systems.",https://doi.org/10.48550/arXiv.2410.15522 (2024),https://huggingface.co/datasets/CohereLabsCommunity/multilingual-reward-bench,https://www.semanticscholar.org/paper/3f9531505ff36d7ce363318d7312296f62bdb090 (2025)
5741,Indonesian,manually tagged Twitter messages,Text,Parsing and Tagging,"The manually tagged Twitter messages dataset is used to train the Stanford Log-linear Part-Of-Speech Tagger for Indonesian language, specifically focusing on accurate part-of-speech tagging of social media text. This dataset enables researchers to improve the performance of natural language processing tools in handling the unique linguistic features of Indonesian social media content.",,https://github.com/kmkurn/id-pos-tagging,https://doi.org/10.1109/IALP.2016.7876005 (2016)
5744,Indonesian,MediaWiki Translations,Text,Machine Translation,"The MediaWiki Translations dataset is used to study parallel translations between Indonesian and local languages, enhancing machine translation accuracy and lexical variation analysis. It includes parallel texts from Indonesian and the top five local languages, enabling researchers to train and evaluate machine translation models and conduct corpus analysis to support translation and lexical variation research.",https://doi.org/10.31091/MUDRA.V33I1.196 (2018),,https://doi.org/10.48550/arXiv.2206.07238 (2022)
5668,Indonesian,minangNLP,Text,Sentiment Analysis,"The Indonesian Minangkabau parallel corpus is used to develop sentiment analysis tools and build a parallel corpus for Minangkabau, enhancing computational linguistics and machine translation. This dataset supports research in linguistic studies by providing a structured resource for analyzing and translating Minangkabau text, facilitating advancements in both natural language processing and linguistic analysis.",https://www.semanticscholar.org/paper/b50c7c60416e334440e18832a9ee9b6fddf636d2 (2020),https://github.com/fajri91/minangNLP,https://doi.org/10.48550/arXiv.2203.13357 (2022)
5746,Indonesian,MinangNLP MT,Text,Machine Translation,"The MinangNLP MT dataset is used for machine translation tasks, specifically translating sentiment analysis datasets into the Minangkabau language. It consists of 5,000 sentences, divided into training, validation, and test sets. Research focuses on evaluating the quality and accuracy of these translations, employing methodologies that assess the effectiveness of machine translation models in handling nuanced sentiment data.; The MinangNLP MT dataset is used for machine translation tasks, specifically translating sentiment analysis datasets into the Minangkabau language. It consists of 5,000 sentences divided into training, validation, and test sets. Researchers focus on evaluating the quality and accuracy of these translations, employing the dataset to enhance and assess machine translation models in the context of sentiment analysis.",https://www.semanticscholar.org/paper/b50c7c60416e334440e18832a9ee9b6fddf636d2 (2020),https://huggingface.co/datasets/SEACrowd/minangnlp_mt,https://doi.org/10.48550/arXiv.2212.09648 (2022)
5747,Indonesian,mLongRR,Text,Reading Comprehension,"The mLongRR dataset is used to collect and analyze BBC news articles in multiple languages, including Indonesian, for cross-lingual research. It supports multilingual long-form reading comprehension tasks by providing a diverse set of articles, enabling researchers to evaluate models' ability to understand and process lengthy texts across different languages.",,https://github.com/PortNLP/mLongRR,https://doi.org/10.18653/v1/2024.mrl-1.18 (2024)
5748,Indonesian,Monas VQA dataset,Multimodal,Question Answering,The Monas VQA dataset is used to develop and evaluate methods for visual question answering (VQA) specifically in the Indonesian language context. Researchers employ this dataset to enhance and test algorithms that can accurately answer questions about images using natural language processing techniques tailored for Indonesian. This dataset enables the assessment of VQA models' performance and robustness in a linguistically diverse setting.,https://doi.org/10.1007/s11263-016-0966-6 (2015),,https://doi.org/10.1109/ICACSIS51025.2020.9263149 (2020)
5750,Indonesian,MSVD-Indonesian,Multimodal,Image Captioning,"The MSVD-Indonesian dataset is used to fine-tune CLIP and SCD models pretrained on English data, specifically to enhance their performance in Indonesian language visual captioning. This involves adapting these models to generate more accurate and contextually relevant captions for images in the Indonesian language, leveraging the dataset's focus on visual content annotated with Indonesian text.",https://doi.org/10.1109/CVPR.2017.127 (2016),https://github.com/willyfh/msvd-indonesian,https://doi.org/10.48550/arXiv.2306.11341 (2023)
5759,Indonesian,NER UI,Text,Named Entity Recognition,"The NER UI dataset is used for named entity recognition in Indonesian text, focusing on training and evaluating models to identify entities in open-domain information extraction. This dataset enables researchers to develop and test algorithms that can accurately recognize and classify named entities, enhancing the performance of natural language processing systems in the Indonesian language.; The NER UI dataset is used to train and evaluate named entity recognition models specifically for Indonesian text. It focuses on identifying entities in open-domain information extraction, enabling researchers to improve the accuracy of entity recognition in diverse and unstructured Indonesian content. This dataset supports the development of more effective natural language processing tools for the Indonesian language.",https://doi.org/10.1109/IWBIS.2017.8275098 (2017),https://huggingface.co/datasets/SEACrowd/indolem_nerui,https://doi.org/10.48550/arXiv.2212.09648 (2022)
5754,Indonesian,NER-Grit,Text,Multi-task Learning,"The NER-Grit dataset is used in various natural language processing tasks for Indonesian, including detecting hate speech and abusive language in tweets, evaluating question answering systems, performing named entity recognition, training natural language inference models, and conducting sentiment analysis. It supports multi-label classification, information-seeking queries, monolingual representation evaluation, and cross-lingual transferability assessments. The dataset's labeled data and focus on social media and lay-authored content enable robust model training and evaluation across these applications.; The NER-Grit dataset is used for various natural language processing tasks in Indonesian, including sentiment analysis, hate speech detection, named entity recognition, question answering, and natural language inference. It provides labeled data for training and evaluating models, focusing on nuanced content like abusive language and real-world text. The dataset supports multi-label classification and is part of the IndoNLU benchmark, enhancing monolingual representation and system performance.",https://doi.org/10.1109/KSE.2018.8573337 (2018),https://huggingface.co/datasets/SEACrowd/nergrit,https://doi.org/10.48550/arXiv.2309.06085 (2023)
5756,Indonesian,NERP,Text,Named Entity Recognition,"The NERP dataset is primarily used for training and evaluating named entity recognition (NER) models on Indonesian news texts, focusing on improving entity tagging accuracy. It is also utilized for part-of-speech (POS) tagging, enhancing syntactic and morphological analysis. The dataset supports the development and testing of NLP models, including fine-tuning pre-trained models like IndoBERT and XLM-R, and is notable for its size, containing 8,400 sentences. It aids in various NLP tasks such as span extraction, sentiment aspect identification, and information retrieval.; The NERP dataset is primarily used for training and evaluating named entity recognition (NER) models in Indonesian, focusing on identifying and classifying entities such as persons, organizations, locations, and food and beverages in text. It is also utilized for developing and testing span extraction models for information retrieval and part-of-speech (POS) tagging models to enhance syntactic analysis and linguistic accuracy in Indonesian news text. The dataset supports fine-grained opinion mining by training models to identify sentiment aspects in text. Its specific focus on Indonesian text makes it valuable for improving language understanding and information retrieval tasks.",https://doi.org/10.1109/IALP.2018.8629158 (2018),,https://doi.org/10.1109/KSE56063.2022.9953794 (2022); https://doi.org/10.1145/3592854 (2023); https://doi.org/10.18653/v1/2020.aacl-main.85 (2020); https://www.semanticscholar.org/paper/468723fead0a7adba99d0333dcafef432b6289b2 (2022)
5758,Indonesian,NERSkill.Id,Text,Named Entity Recognition,"The NERSkill.Id dataset is used to train and evaluate skill entity recognition models in Indonesian, focusing on addressing linguistic differences. This dataset enhances NLP applications by improving the accuracy of recognizing skill-related entities, thereby supporting more effective and contextually appropriate natural language processing in Indonesian.",https://doi.org/10.1016/j.dib.2024.110192 (2024),https://data.mendeley.com/datasets/5s8r9ndfvc/1,https://doi.org/10.1109/IC2IE63342.2024.10748079 (2024)
5762,Indonesian,news articles,Text,Machine Translation,"The 'news articles' dataset is primarily used to train translation models, providing a large, diverse, and structured source of information. It offers specialized vocabulary, formal language structures, and captures both current and colloquial language usage across various topics and styles. This dataset enhances the model's ability to handle low-resource languages through synthetic data generation, improving translation accuracy and robustness.",https://doi.org/10.18653/v1/2020.acl-main.156 (2020),https://github.com/gunnxx/indonesian-mt-data,https://doi.org/10.18653/v1/2021.emnlp-main.821 (2021)
5579,Indonesian,NUSAAKSARA,Text,Linguistic Preservation and Analysis,"The DREAMSEA dataset is used to study Indonesian language materials, particularly focusing on digitized collections and linguistic resources. Researchers employ this dataset to address the preservation and analysis of Indonesian language data, utilizing its digitized content to explore specific research questions related to linguistic preservation and analysis.",https://doi.org/10.48550/arXiv.2502.18148 (2025),https://huggingface.co/datasets/NusaAksara/NusaAksara,
5768,Indonesian,NusaCrowd,Text,Text Summarization,"The NusaCrowd dataset is used to support various NLP tasks and research initiatives for Indonesian and local languages. It provides open-source resources for text summarization, leveraging large-scale data to enhance model performance. Additionally, it is utilized to compile diverse datasets for multi-task and instruction tuning, specifically aimed at improving NLP models on under-resourced languages. This dataset enables researchers to develop more effective and contextually relevant NLP models for Indonesian and similar languages.",https://doi.org/10.18653/v1/2020.aacl-main.60 (2020),https://github.com/IndoNLP/nusa-crowd,https://doi.org/10.18653/v1/2024.emnlp-main.1085 (2024); https://www.semanticscholar.org/paper/3f9531505ff36d7ce363318d7312296f62bdb090 (2025)
5769,Indonesian,NusaNLU,Text,Sentiment Analysis,"The NusaNLU dataset is used to benchmark zero-shot techniques across 26 Indonesian and regional language datasets. It covers tasks like emotion classification, sentiment analysis, hate speech detection, and natural language inference. Researchers employ this dataset to evaluate model performance without task-specific training, addressing the effectiveness of zero-shot learning in diverse linguistic contexts.",https://doi.org/10.48550/arXiv.2205.06266 (2022),https://github.com/IndoNLP/nusa-crowd/blob/edf9f19c28dbbcfb7c9afbd6f5d726f69d1ee059/README.md?plain=1#L55,https://doi.org/10.48550/arXiv.2212.09648 (2022)
5770,Indonesian,NusaWrites,Text,Natural Language Understanding,"The NusaWrites dataset is used to evaluate zero-shot performance on natural language understanding tasks, particularly for Indonesian and other regional languages. It benchmarks large language models on a holistic evaluation suite, focusing on Southeast Asian linguistic and cultural aspects. This dataset enables researchers to assess model capabilities without fine-tuning, providing insights into cross-lingual and cultural generalization.",https://doi.org/10.48550/arXiv.2309.06085 (2023),https://github.com/IndoNLP/nusa-writes,https://doi.org/10.1109/ACCESS.2024.3416955 (2024)
5752,Indonesian,NusaX,Text,Sentiment Analysis,"The Multilingual Parallel Sentiment Dataset for 10 Indonesian Regional Languages is used for hyperparameter tuning and optimizing sentiment analysis models, focusing on learning rate and epoch adjustments. It supports research into linguistic nuances and sentiment expressions across 10 Indonesian dialects, enhancing understanding of regional sentiment. Additionally, the dataset aids machine translation research by facilitating the implementation of processing steps in the IndoBART-V2 model, specifically for sentiment analysis tasks.",https://doi.org/10.48550/arXiv.2205.15960 (2022),https://github.com/IndoNLP/nusax,https://doi.org/10.1109/ICoDSA58501.2023.10277136 (2023)
5776,Indonesian,online Bible,Text,Machine Translation,"The 'online Bible' dataset is used to source 30,000 sentence pairs for developing a Madurese-Indonesian translation model. It focuses on linguistic alignment and translation accuracy, employing methodologies that enhance the precision of translations between these languages. This dataset enables researchers to address specific challenges in cross-linguistic translation, particularly in aligning grammatical structures and maintaining semantic fidelity.",https://doi.org/10.47738/jads.v4i3.113 (2023),https://www.kaggle.com/datasets/williammulianto/indonesia-bible-tb,https://doi.org/10.1109/IC3INA64086.2024.10732202 (2024)
5780,Indonesian,OPUS Ja-Id,Text,Machine Translation,"The OPUS Ja-Id dataset is used to create a parallel corpus for Japanese-Indonesian translation, comprising 2.9 million sentences from diverse sources such as movie subtitles, localization files, Quran translations, and Tatoeba sentences. It supports translation and linguistic analysis, enhancing translation quality and facilitating multilingual research in Asian language pairs. The dataset is employed in training and evaluating various NLP tasks, providing essential data for improving cross-lingual understanding and performance.",https://www.semanticscholar.org/paper/25ca4a36df2955b345634b5f8a6b6bb66a774b3c (2012),https://opus.nlpl.eu/legacy/,https://www.semanticscholar.org/paper/7e036ef1f4c1d0140efb3176a8851c9ad599141f (2019)
5784,Indonesian,PANL BPPT,Text,Machine Translation,"The PANL BPPT dataset is primarily used for creating and enhancing multilingual corpora, particularly for news and blog content translation. It supports the development of parallel text corpora for Indonesian-English translation, aiding in machine translation, cross-lingual information retrieval, and syntactic analysis. The dataset facilitates the construction of treebanks and bilingual corpora, focusing on current events, media, and development-related content, thereby enabling more accurate and contextually relevant translations and linguistic analyses.",https://doi.org/10.3115/1690299.1690312 (2009),https://huggingface.co/datasets/SEACrowd/id_panl_bppt,https://doi.org/10.1145/3592854 (2023)
5787,Indonesian,ParaCotta,Text,Paraphrase Identification and Generation,"The ParaCotta dataset is primarily used for paraphrase identification and generation tasks in Indonesian, providing a substantial amount of data. It is employed to generate paraphrase text pairs, analyzing their lexical diversity in multilingual contexts. Additionally, it is used to create synthetic multilingual paraphrases, focusing on diverse translation sample pairs to enhance cross-lingual understanding and paraphrasing.; The Para-Cotta dataset is used to study paraphrasing in multilingual contexts, particularly focusing on the generation of synthetic corpora and enhancing diversity in translation sample pairs. Researchers employ this dataset to develop and evaluate methods for creating varied and high-quality paraphrases, which are essential for improving machine translation systems and natural language processing tasks.",https://doi.org/10.48550/arXiv.2205.04651 (2022),https://huggingface.co/datasets/SEACrowd/paracotta_id,https://doi.org/10.1109/ICoICT58202.2023.10262642 (2023); https://doi.org/10.48550/arXiv.2203.13357 (2022)
5791,Indonesian,Pratiwi et al. dataset,Text,Sentiment Analysis,"The Pratiwi et al. dataset is used for detecting and evaluating hate speech in Indonesian Instagram comments. Researchers apply FastText for classification and analyze social media content, comparing the performance of their models against original ones. This dataset enables the assessment of hate speech detection methodologies, focusing on the effectiveness of machine learning models in this context.",https://doi.org/10.1109/ICACSIS.2018.8618182 (2018),,https://doi.org/10.11591/ijeecs.v33.i1.pp450-462 (2024)
5792,Indonesian,product reviews from Bukalapak,Text,Sentiment Analysis,"The 'product reviews from Bukalapak' dataset is used to analyze user sentiment in product reviews from the Indonesian marketplace Bukalapak. Researchers employ Support Vector Machine (SVM) for classification, achieving 93.42% accuracy. This dataset enables the study of customer opinions and feedback, providing insights into consumer behavior and product perception in the Indonesian e-commerce context.",https://doi.org/10.20473/JISEBI.4.1.57-64 (2018),,https://doi.org/10.30864/EKSPLORA.V10I1.390 (2020)
5793,Indonesian,Protected Health Information Removal,Text,Named Entity Recognition,"The 'Protected Health Information Removal' dataset is used to anonymize Indonesian text by identifying and removing sensitive health information through named entity recognition. This methodology focuses on accurately detecting and anonymizing protected health information, enabling researchers to handle and analyze medical data while maintaining patient privacy. The dataset's specific focus on Indonesian language text makes it valuable for research in healthcare data privacy and compliance in Indonesian contexts.",https://doi.org/10.1109/ICTS.2019.8850995 (2019),https://www.i2b2.org/NLP/DataSets/Main.php,https://doi.org/10.22266/ijies2020.0630.22 (2020)
5795,Indonesian,real learner data,Text,Error Correction,The 'real learner data' dataset is used to evaluate the effectiveness of annotation schemes in correcting preposition errors made by Indonesian second language learners. This involves applying the annotation scheme to real-world learner data to assess its accuracy and practical utility in error correction. The dataset's focus on authentic learner errors enables researchers to test and refine methods for improving language learning outcomes.,https://www.semanticscholar.org/paper/01e35a95572f8d1b80ab96abce1e1be2675e530e (2006),,https://doi.org/10.14716/IJTECH.V8I5.878 (2017)
5796,Indonesian,review data from a website of the restaurant,Text,Sentiment Analysis,"The dataset of review data from a restaurant website is used to analyze customer reviews, focusing on sentiment and feedback patterns in online reviews. Researchers employ text analysis methods to identify positive and negative sentiments, as well as common themes and issues raised by customers. This helps in understanding customer satisfaction and areas for improvement in restaurant services.",,,https://doi.org/10.20473/JISEBI.4.1.57-64 (2018)
5798,Indonesian,review Google map,Text,Sentiment Analysis,"The 'review Google map' dataset is used to collect customer reviews for sentiment analysis, particularly focusing on tourist attractions and airline services. Researchers employ language representation models to analyze these reviews, aiming to understand customer sentiments and experiences. This dataset enables detailed sentiment analysis by providing a rich source of user-generated content, facilitating the development and testing of natural language processing techniques.",https://doi.org/10.1109/JCSSE.2019.8864150 (2019),,https://doi.org/10.37859/jf.v13i02.5170 (2023)
5800,Indonesian,ROOTS,Text,Textual Entailment and Summarization,"The ROOTS split dataset is used to collect Indonesian sentences from Wikipedia texts, primarily for semi-supervised textual entailment and summarization tasks. It enhances model performance with limited labeled data and contributes to the development of Indonesian NLP resources. The dataset's focus on Wikipedia texts provides a rich source of natural language content, enabling researchers to improve and expand NLP models for Indonesian.; The ROOTS split dataset is used to collect Indonesian sentences from Wikipedia texts, primarily for semi-supervised textual entailment and summarization tasks. It addresses gaps in monolingual semantic textual similarity, enhancing cross-lingual evaluation and model training. This dataset enables researchers to develop and evaluate models in these specific NLP tasks, leveraging its curated content from Wikipedia.",https://doi.org/10.1007/978-3-031-23793-5_34 (2018),https://huggingface.co/datasets/bigscience-data/roots_id_indonesian_news_corpus,https://doi.org/10.48550/arXiv.2402.08638 (2024)
5803,Indonesian,SeaBench,Text,Parsing and Tagging,"The SeaBench dataset is used to benchmark and evaluate language models' performance on multi-turn human instructions in Southeast Asian languages, including Indonesian, Vietnamese, and Thai. It addresses the lack of publicly available datasets for this purpose, focusing on the models' ability to follow complex, multi-turn instructions. This dataset enables researchers to assess and improve the multilingual capabilities of language models in a region-specific context.",https://doi.org/10.48550/arXiv.2502.06298 (2025),https://github.com/DAMO-NLP-SG/SeaBench,https://doi.org/10.48550/arXiv.2407.19672 (2024)
5806,Indonesian,Singgalang,Text,Named Entity Recognition,"The Singgalang dataset is used to train and evaluate named entity recognition (NER) models for the Indonesian language. It leverages Wikipedia articles and DBpedia entity types to enhance model performance. This dataset specifically supports research in improving NER accuracy, enabling more effective identification and classification of entities in Indonesian text.; The Singgalang dataset is used to train and evaluate Indonesian Named Entity Recognition (NER) models. It leverages Wikipedia articles and DBpedia for entity type references, enabling researchers to improve the accuracy of NER systems in identifying and classifying named entities in Indonesian text. This dataset supports the development of more effective natural language processing tools for the Indonesian language.",https://doi.org/10.1109/ICACSIS.2017.8355036 (2017),http://sealang.net/indonesia/corpus.htm,https://doi.org/10.48550/arXiv.2212.09648 (2022)
5807,Indonesian,slang word dataset,Text,Lexicon/Dictionary,"The slang word dataset is used to map Indonesian slang words to their formal equivalents, focusing on 1212 word pairs. This mapping helps researchers analyze informal language usage, providing insights into the linguistic transformations between slang and formal language. The dataset enables detailed analysis of how slang terms are integrated into everyday communication, supporting research on language evolution and sociolinguistic patterns.",,https://github.com/louisowen6/NLP_bahasa_resources,https://doi.org/10.1109/IC2IE60547.2023.10331336 (2023)
5809,Indonesian,SmSA,Text,Sentiment Analysis,"The SmSA dataset is used for creating a culturally relevant translated Indonesian sentiment analysis dataset, ensuring linguistic and cultural accuracy through skilled bilingual speakers. It is also utilized for multi-label aspect categorization, leveraging its high agreement in manual re-annotation and diverse topics. This dataset enables precise and contextually appropriate research in sentiment analysis and aspect categorization, enhancing the reliability and applicability of the results.; The SmSA dataset is primarily used for sentiment and emotion analysis in Indonesian social media, particularly Twitter. It is employed to train and evaluate models for identifying sentiments (positive, negative, neutral) and emotions (joy, anger, sadness, etc.). The dataset provides statistical data on the distribution and characteristics of sentiment and emotion labels, ensuring topic diversity and validating manual re-annotations. It contains 4,403 samples, making it suitable for both experimental and comparative studies.","https://doi.org/10.1109/ICAICTA.2019.8904199 (2019), https://doi.org/10.1109/IALP.2018.8629262 (2018)",,https://doi.org/10.56127/ijst.v3i3.1739 (2024); https://doi.org/10.48550/arXiv.2205.15960 (2022); https://doi.org/10.48550/arXiv.2311.12405 (2023)
a5552,Indonesian,SmSA,Unknown,Not specified,No feature description available.,https://doi.org/10.1109/ICAICTA.2019.8904199 (2019),,https://doi.org/10.18653/v1/2020.aacl-main.85 (2020)
5811,Indonesian,SPECIL,Text,Spell Checking/Correction,"The SPECIL dataset is used to analyze spell errors in the Indonesian language by examining 21,500 sentences for each type of error. Researchers employ this dataset to understand error patterns and improve correction methods, focusing on specific types of spelling mistakes to enhance accuracy and effectiveness in language processing.",https://doi.org/10.1109/ACCESS.2023.3307712 (2023),https://www.kaggle.com/datasets/yanfiyanfi/specil-spell-error-corpus-for-indonesian-language,https://doi.org/10.1109/ACCESS.2024.3422318 (2024)
5812,Indonesian,speech corpus for an Indonesian speech-to-speech translation system,Speech,Speech-to-Speech Translation,"The speech corpus dataset is used to develop a speech-to-speech translation system for Indonesian, focusing on collecting and processing speech data to enhance translation accuracy. This involves methodologies centered on data collection and processing techniques tailored to improve the performance of translation systems. The dataset's specific focus on Indonesian speech data enables researchers to address the unique linguistic challenges of the language, thereby enhancing the accuracy and reliability of speech-to-speech translation applications.; The dataset is used to develop a speech-to-speech translation system for Indonesian, focusing on the collection and processing of speech data to enhance translation accuracy. It enables researchers to build and refine models that can effectively translate spoken Indonesian into other languages, addressing the specific challenges of Indonesian phonetics and dialects.",https://doi.org/10.1109/ICSDA.2017.8384448 (2017),,https://doi.org/10.1109/ICELTICs50595.2020.9315538 (2020)
5816,Indonesian,STIF parallel dataset,Text,Style Transfer,"The STIF parallel dataset is used to fine-tune pre-trained models for Indonesian informal-to-formal style transfer. This involves enhancing grammatical accuracy and style consistency in the transformed text. The dataset's parallel nature, featuring informal and formal versions of sentences, enables researchers to train models that effectively convert informal language into more formal, grammatically correct forms.",https://doi.org/10.18653/v1/N19-1014 (2019),https://github.com/haryoa/stif-indonesia,https://doi.org/10.1109/IC2IE60547.2023.10331336 (2023)
5820,Indonesian,Sundanese Twitter Dataset for Emotion Classification,Text,Emotion Classification,"The Sundanese Twitter Dataset for Emotion Classification is used to analyze emotional expressions in tweets, specifically focusing on social media content in the Sundanese language. Researchers employ this dataset for emotion classification tasks, utilizing it to understand and categorize emotional states expressed in Sundanese tweets. This dataset enables detailed analysis of emotional content, contributing to the development of more nuanced natural language processing models for social media data.; The Sundanese Twitter Dataset for Emotion Classification is used to analyze emotional expressions in tweets, specifically focusing on social media content in the Sundanese language. Researchers employ this dataset for emotion classification tasks, utilizing it to develop and evaluate models that can accurately identify emotions expressed in Sundanese tweets. This dataset enables the exploration of linguistic and cultural nuances in emotional expression on social media platforms.",https://doi.org/10.1109/CENIM51130.2020.9297929 (2020),https://www.kaggle.com/datasets/rabieelkharoua/sundanese-twitter-dataset,https://doi.org/10.48550/arXiv.2205.15960 (2022)
5819,Indonesian,Sundanese-Indonesian Parallel Corpus,Text,Machine Translation,"The Sundanese-Indonesian Parallel Corpus is utilized for machine translation research, specifically to improve translation quality between Sundanese and Indonesian. Researchers employ this dataset to address linguistic variations, enhancing the accuracy and fluency of translations. The parallel nature of the corpus, containing aligned texts in both languages, is crucial for training and evaluating machine translation models.",https://doi.org/10.52549/ijeei.v10i1.3565 (2022),https://dataverse.telkomuniversity.ac.id/file.xhtml?persistentId=doi:10.34820/FK2/HDYWXW/IVP3G5,https://doi.org/10.48550/arXiv.2212.09648 (2022)
5822,Indonesian,System Usability Scale (SUS),Text,Translation,"The System Usability Scale (SUS) dataset is used to translate and adapt usability scale statements into Indonesian, ensuring cultural and linguistic accuracy. This adaptation focuses on measuring user satisfaction effectively in Indonesian contexts. The dataset enables researchers to conduct usability evaluations that account for local nuances, enhancing the reliability and validity of user experience assessments.",https://doi.org/10.1109/ICACSIS.2016.7872776 (2016),,https://doi.org/10.14569/ijacsa.2022.0130950 (2022)
5826,Indonesian,TED En-Id,Text,Machine Translation,"The TED En-Id dataset is used to train and evaluate neural machine translation models, specifically for translating between Indonesian and English. It employs parallel sentences from TED talk transcripts to enhance translation quality. This dataset facilitates research focused on improving the accuracy and fluency of Indonesian-English translations through neural network methodologies.; The TED En-Id dataset is used to train and evaluate neural machine translation models, specifically for translating Indonesian to English. It employs parallel sentences from TED talk transcripts, enabling researchers to focus on improving translation accuracy and performance in this language pair. The dataset's parallel sentence structure facilitates the development and testing of machine translation systems.",https://doi.org/10.18653/v1/N18-2084 (2018),https://huggingface.co/datasets/SEACrowd/ted_en_id,https://doi.org/10.48550/arXiv.2212.09648 (2022)
5644,Indonesian,The Gede Manggala Putra and Nurjanah [25] tweet dataset,Text,Sentiment Analysis,a hate speech dataset in Indonesian language from Instagram. The dataset was extracted in the range of June 2019 until April 2020.,https://doi.org/10.1109/ICACSIS51025.2020.9263084 (2020),https://github.com/nurindahpratiwi/dataset-hate-speech-instagram,https://doi.org/10.1145/3625821 (2023)
5828,Indonesian,TITML-IDN,Speech,Speech Recognition/Understanding,"The TITML-IDN dataset is primarily used for training and evaluating speech recognition and text-to-speech models for Indonesian, Javanese, and Sundanese languages. It enhances the XLS-R model's accuracy, robustness, and generalization across diverse speakers and accents, particularly in controlled and natural contexts. The dataset includes community-contributed audio and has an average recording time of 43 minutes per speaker for Indonesian, 10 minutes for Javanese, and 7 minutes for Sundanese, making it valuable for developing high-quality speech processing systems.; The TITML-IDN dataset is used for speech-related research in Indonesian, focusing on phonetic, phonological, and acoustic characteristics. It includes a corpus of twenty speakers (eleven male, nine female) and is employed to analyze speech patterns, high-frequency sounds, and selected sentences. This dataset enables detailed linguistic and acoustic studies, particularly in a multilingual context.",https://www.semanticscholar.org/paper/da19f6f033257a7831f53f238e37b4e5768e9f43 (2006),https://huggingface.co/datasets/holylovenia/TITML-IDN,https://doi.org/10.48550/arXiv.2401.06832 (2024); https://doi.org/10.1109/ACCESS.2020.3027619 (2020); https://www.semanticscholar.org/paper/5f25f0dd39b88f3a17b4035a16d248c7ff9185ae (2019)
5829,Indonesian,Tokyo University Frog Storytelling,Text,Linguistic Analysis,"The Tokyo University Frog Storytelling dataset is used to analyze Indonesian possessive verbal predicates through storytelling surveys. Researchers focus on identifying and examining statistical patterns in language use, employing surveys to gather data. This dataset enables detailed linguistic analysis, providing insights into the structural and functional aspects of possessive verbs in Indonesian.; The Tokyo University Frog Storytelling dataset is used to analyze Indonesian possessive verbal predicates through storytelling surveys. Researchers focus on identifying and examining statistical patterns in language use, employing a survey methodology to gather data. This dataset enables detailed linguistic analysis, specifically addressing how possessive verbs are used in storytelling contexts, providing insights into Indonesian language structure and usage.",https://www.semanticscholar.org/paper/278bdf4ed974541265b0208eac9f421cd5486000 (2013),https://github.com/davidmoeljadi/corpus-frog-storytelling,https://doi.org/10.18653/v1/2020.aacl-main.85 (2020)
5830,Indonesian,translated Hadiths in Bahasa Indonesia,Text,Information Retrieval,"The 'translated Hadiths in Bahasa Indonesia' dataset is used to import Hadith translations into a MySQL database for further processing and analysis. This focuses on enhancing the accessibility and usability of the translated content, enabling researchers to explore and utilize the dataset in a structured format. The dataset's primary application is in improving the digital availability and user experience of Hadith translations in Bahasa Indonesia.",https://doi.org/10.47065/josyc.v4i4.3905 (2023),https://github.com/irsyadulibad/hadits-database,https://doi.org/10.1109/ICITACEE62763.2024.10762762 (2024)
5837,Indonesian,Twitter comments,Text,Sentiment Analysis,"The Twitter comments dataset is used to train and validate models for sentiment analysis and understanding Indonesian stock trader slang. It focuses on document-level sentiment and social media comments, labeled by stock experts for domain-specific accuracy. This dataset enables research in sentiment analysis and financial language processing, enhancing model performance in these areas.",https://doi.org/10.1109/iccsai53272.2021.9609746 (2021),https://github.com/ridife/dataset-idsa,https://doi.org/10.1109/IoTaIS56727.2022.9975975 (2022)
5839,Indonesian,Twitter Dataset for Hate Speech and Cyberbullying Detection in Indonesian Language,Text,Sentiment Analysis,"The Twitter Dataset for Hate Speech and Cyberbullying Detection in Indonesian Language is used to identify and analyze linguistic patterns and abusive content in Indonesian social media, specifically Twitter. Researchers employ this dataset to detect hate speech and cyberbullying by examining the textual data, enabling them to understand and address harmful online behaviors.",https://doi.org/10.1109/ICIMTech.2019.8843722 (2019),,https://doi.org/10.14569/ijacsa.2023.01406125 (2023)
5841,Indonesian,Twitter social media data,Text,Sentiment Analysis,"The Twitter social media data dataset is used for aspect-based sentiment analysis, specifically applying the K-Nearest Neighbors algorithm to Indonesian language content. This dataset enables researchers to analyze sentiments expressed in tweets, focusing on specific aspects or features of products, services, or topics. The dataset's relevance lies in its ability to capture real-time public opinions and reactions, providing valuable insights into consumer behavior and public sentiment in Indonesia.",https://doi.org/10.1051/e3sconf/202235905001 (2022),,https://doi.org/10.1109/ICICoS62600.2024.10636859 (2024)
5843,Indonesian,UD-Indo-GSD,Text,Parsing and Tagging,"The UD-Indo-GSD dataset is primarily used for dependency parsing in Indonesian, focusing on both manually translated and originally authored texts. It contains 5,593 annotated sentences, enabling researchers to study syntactic structures and benchmark parsing models. The dataset's pre-defined test set and corrected version facilitate the evaluation of parsing models, including comparisons with methods like I NDO BERT, using dependency annotation metrics.",https://www.semanticscholar.org/paper/e95ad36302f92f45abe169fbc5185e55407bcc34 (2013),https://universaldependencies.org/treebanks/id_gsd/index.html,https://doi.org/10.18653/V1/2020.COLING-MAIN.66 (2020)
5846,Indonesian,UD-Indo-PUD,Text,Parsing and Tagging,"The UD-Indo-PUD dataset is used to evaluate the performance of IndoBERT, a model designed for Indonesian Natural Language Processing (NLP) tasks. It is specifically employed to compare IndoBERT's effectiveness against other models, focusing on tasks relevant to the Indonesian language. This dataset enables researchers to benchmark and assess the relative strengths and weaknesses of different NLP models in the Indonesian context.; The UD-Indo-PUD dataset is primarily used for dependency parsing in Indonesian, focusing on syntactic structures and grammatical relations. It leverages a pre-defined test set to benchmark models, including I NDO BERT, against previous work. The dataset is also used to analyze manually translated and authored Indonesian texts, with specific attention to dependency annotation metrics and universal dependency annotations in both large and small subsets of sentences.","https://doi.org/10.18653/V1/2020.COLING-MAIN.66 (2020), https://www.semanticscholar.org/paper/e95ad36302f92f45abe169fbc5185e55407bcc34 (2013)",https://universaldependencies.org/treebanks/id_pud/index.html,https://doi.org/10.1109/IoTaIS56727.2022.9975975 (2022); https://doi.org/10.18653/V1/2020.COLING-MAIN.66 (2020)
5849,Indonesian,UI-CTB,Text,Parsing and Tagging,"The UI-CTB dataset is used to build an Indonesian constituency parser model, employing a shift-reduce neural constituent parser. Research focuses on improving parsing accuracy and evaluating model performance. This dataset enables researchers to develop and test parsing algorithms specifically tailored for the Indonesian language, contributing to advancements in natural language processing for Indonesian.; The UI-CTB dataset is used to build an Indonesian constituency parser model, employing a shift-reduce neural constituent parser. This dataset focuses on parsing Indonesian sentences, enabling researchers to develop and evaluate parsing models specifically tailored for the Indonesian language. The dataset's annotated sentence structures facilitate the training and testing of these models, enhancing their accuracy and performance in linguistic analysis tasks.",https://doi.org/10.3115/v1/P15-1113 (2015),https://universaldependencies.org/treebanks/id_csui/index.html,https://doi.org/10.1109/IALP48816.2019.9037723 (2019)
5850,Indonesian,UKARA dataset,Text,Evaluation,"The UKARA dataset is used to evaluate various methods, including single, ensemble, and deep learning (LSTM) approaches, for automatic short-answer scoring in Bahasa Indonesia. Research focuses on assessing model performance and accuracy, enabling the development and refinement of automated scoring systems for educational assessments in the Indonesian language.",https://www.semanticscholar.org/paper/3e795f8d94f552f2abeb09bcadec480f9e8a4586 (2020),https://github.com/ilhamfp/ukara-1.0-challenge,https://doi.org/10.20532/cit.2022.1005478 (2023)
5853,Indonesian,user reviews from Tokopedia,Text,Sentiment Analysis,"The 'user reviews from Tokopedia' dataset is used to analyze the correlation between quality services and user reviews in the Indonesian marketplace. Researchers employ sentiment analysis and develop recommendation systems, leveraging the dataset's focus on customer feedback to enhance service quality and user experience.",https://doi.org/10.1088/1757-899X/909/1/012071 (2020),,https://doi.org/10.1109/ICIMCIS60089.2023.10348996 (2023)
5860,Indonesian,WordNet Bahasa,Unknown,Lexicon/Dictionary,"The WordNet Bahasa dataset is used as a lexical database to support Indonesian language processing, enhancing semantic and lexical resources for research studies. It provides a structured vocabulary that aids in the development and improvement of natural language processing systems, particularly in the Indonesian context. This dataset enables researchers to build more robust and contextually accurate language models and tools.",https://www.semanticscholar.org/paper/288ef622fe53317f92ddb66677a7a0b691719c38 (2011),https://wn-msa.sourceforge.net/index.eng.html,https://www.semanticscholar.org/paper/41713cdd3af12f4fe8e50fee0d71ffb1a904a49e (2018)
5861,Indonesian,World Loanword Database (WOLD),Unknown,Lexicon/Dictionary,"The World Loanword Database (WOLD) is used to study the prevalence and etymology of loanwords in Indonesian, specifically identifying 34% of words as loanwords, with 8.9% from the greater Java area. It supports comparative linguistic analysis and verifies the borrowing status of terms like 'wangi' from Javanese, Sundanese, or Balinese, providing etymological insights.",https://doi.org/10.1515/9783110218442 (2009),,https://doi.org/10.1515/cog-2021-0092 (2022)
5862,Indonesian,WP2,Text,Named Entity Recognition,"The WP2 dataset is primarily used for training and evaluating named entity recognition (NER) models, particularly in the Indonesian language. It is utilized to train character-embeddings and pre-trained monolingual word-embeddings, and to measure vocabulary overlap with English datasets. WP2 shows better performance on MDEE and +Gazz datasets compared to CoNLL, and is also used to train a BiLSTM-CRF model for cross-lingual NER transfer.",https://www.semanticscholar.org/paper/04ca48e573c0800fc572f2af1d475dd2645e840a (2008),https://github.com/dice-group/FOX/tree/master/input/Wikiner,https://doi.org/10.1007/978-3-031-24337-0_29 (2019)
5863,Indonesian,WReTE,Text,Textual Entailment,"The WReTE dataset is primarily used to evaluate and train textual entailment and natural language inference models in Indonesian. It consists of sentence pairs derived from Indonesian Wikipedia and other sources, labeled for entailment and non-entailment. Researchers use it to assess model performance on entailment, contradiction, and neutral relations, often employing semi-supervised methods to improve entailment recognition. The dataset supports binary classification tasks and is used to construct and evaluate models across various textual entailment scenarios.; The WReTe dataset is used to construct an entailment dataset from Indonesian Wikipedia revision history, comprising 450 sentence pairs. It is specifically employed to evaluate textual entailment models, focusing on the accuracy and performance of these models in understanding and processing Indonesian language text. The dataset's unique feature is its derivation from revision history, providing a rich source of sentence pairs for this evaluation.",https://doi.org/10.1007/978-3-031-23793-5_34 (2018),https://huggingface.co/datasets/SEACrowd/wrete,https://doi.org/10.1109/IWAIIP58158.2023.10462854 (2023); https://doi.org/10.18653/v1/2021.emnlp-main.821 (2021); https://doi.org/10.48550/arXiv.2212.09648 (2022)
5870,Indonesian,XStoryCloze,Text,Parsing and Tagging,"The XStoryCloze dataset is used to study causal and temporal relations in multilingual stories, specifically across 10 languages including Indonesian. It enhances few-shot learning with multilingual language models by providing a diverse set of narrative contexts. This dataset enables researchers to evaluate and improve the ability of language models to understand and generate coherent stories in multiple languages.",https://www.semanticscholar.org/paper/1403e6b9adf7712c35ae56327d52fe54603b87e1 (2021),https://github.com/facebookresearch/fairseq/blob/main/examples/xglm/XStoryCloze.md,https://doi.org/10.48550/arXiv.2311.01012 (2023)
6394,Javanese,10ID-10JV-10SU,Speech,Text-to-Speech,"The dataset '10ID-10JV-10SU' is used to fine-tune the WaveGlow model for multi-speaker, multilingual text-to-speech applications. It focuses on enhancing the model's capability to handle multiple languages and speakers, specifically improving the quality and versatility of synthesized speech across different linguistic contexts. This dataset enables researchers to address the challenge of creating more natural and adaptable speech synthesis systems.; The dataset '10ID-10JV-10SU' is used to fine-tune WaveGlow for multi-speaker, multilingual Text-to-Speech (TTS) systems, specifically focusing on the Javanese language. It employs a multi-speaker, multilingual dataset to enhance the TTS model's performance, addressing the nuances and specific characteristics of the Javanese language. This enables more natural and accurate speech synthesis for Javanese speakers.",https://www.semanticscholar.org/paper/21b786b3f870fc7fa247c143aa41de88b1fc6141 (2018),,https://doi.org/10.1109/ACCESS.2020.3027619 (2020)
6397,Javanese,dataset consisting of 1770 words,Text,Parsing and Tagging,"The dataset consisting of 1770 words is used to train and evaluate a hidden Markov model for Javanese part-of-speech tagging. This focuses on achieving high accuracy in linguistic annotation, enabling researchers to improve the precision of computational tools for analyzing Javanese language structure.",https://doi.org/10.29303/jcosine.v4i1.346 (2020),,https://doi.org/10.11591/ijai.v13.i3.pp3498-3509 (2024)
6399,Javanese,Google Crowdsourced Speech Corpora,Speech,Speech Recognition/Understanding,"The Google Crowdsourced Speech Corpora is used to compile speech audio data, including .wav files, file IDs, and transcriptions, with a focus on low-resource languages and dialects such as Javanese. This dataset enables researchers to address challenges in speech recognition and processing for underrepresented languages by providing a diverse and annotated corpus.",https://www.semanticscholar.org/paper/d3f1c77ea3a4e381cfef8213fa6861928396172a (2020),https://research.google/pubs/crowd-sourced-speech-corpora-for-javanese-sundanese-sinhala-nepali-and-bangladeshi-bengali/,https://doi.org/10.33480/pilar.v20i1.4633 (2024)
6400,Javanese,handwritten Javanese character dataset,Text,Character Recognition,"The handwritten Javanese character dataset is used for recognizing directional element features from handwritten Javanese characters. Researchers employ multi-class SVM for character recognition and feature extraction, focusing on improving the accuracy of identifying specific features within the characters. This dataset enables detailed analysis and development of algorithms tailored to the unique characteristics of Javanese script.",https://www.semanticscholar.org/paper/7f5081cc48368e0a528f8a27bb19b1d86d9cef42 (2016),https://www.kaggle.com/datasets/arifrizqy/javanese-script,https://doi.org/10.22146/IJCCS.31144 (2018)
6402,Javanese,IndoCulture,Text,Cultural Sensitivity Evaluation,"The IndoCulture dataset is used to evaluate the performance of fine-tuned models on cultural tasks in Indonesia, specifically focusing on the impact of safety fine-tuning on cultural sensitivity. This involves assessing how well the models handle culturally sensitive content, ensuring they are appropriate and respectful in their outputs. The dataset enables researchers to test and improve the cultural relevance and safety of AI models in Indonesian contexts.",https://doi.org/10.48550/arXiv.2310.04928 (2023),https://huggingface.co/datasets/indolem/IndoCulture,https://doi.org/10.48550/arXiv.2506.02573 (2025)
6404,Javanese,Japanese Honorific Corpus,Text,Lexicon/Dictionary,"The Japanese Honorific Corpus is used to measure and compare lexical diversity in honorific systems, particularly through Yule’s K value. It serves as a comparative baseline for the Javanese Honorific Corpus, facilitating the integration of honorific distinctions into linguistic corpora and highlighting differences in lexical diversity between Japanese and Javanese honorifics. This dataset enables researchers to draw cross-linguistic insights and enhance the understanding of honorific usage in different cultural contexts.",,,https://doi.org/10.48550/arXiv.2502.20864 (2025)
6405,Javanese,Javanese and Sundanese corpora,Speech,Speech Recognition/Understanding,"The Javanese and Sundanese corpora are used to build multilingual text-to-speech systems, focusing on the integration of Javanese and Sundanese languages, often combined with Indonesian data. These corpora enable researchers to train and evaluate systems that handle linguistic features specific to these languages, facilitating the analysis of Malayo-Polynesian linguistic patterns and enhancing the performance of multilingual speech synthesis.",https://www.semanticscholar.org/paper/967db70850f4d79081e750e65aaa4e272cb472ba (2018),,https://www.semanticscholar.org/paper/d3f1c77ea3a4e381cfef8213fa6861928396172a (2020)
6406,Javanese,Javanese language dataset,Text,Linguistic Analysis,"The Javanese language dataset is used to analyze abusive swearing variations in the Temanggung Javanese dialect. Researchers focus on identifying the types of abusive language and exploring the social realities and contexts in which such language is used. This dataset enables detailed linguistic and sociolinguistic analysis, providing insights into the cultural and social dynamics of the Temanggung Javanese community.",https://doi.org/10.30998/JH.V3I1.90 (2019),,https://doi.org/10.37287/JLH.V1I1.102 (2020)
6410,Javanese,OpenSLR jv-ID,Speech,Speech Recognition/Understanding,"The OpenSLR jv-ID dataset is employed as a Javanese speech corpus, featuring an average of 10 minutes of data per speaker. It is primarily used for training and evaluating speech recognition models, enabling researchers to develop and test algorithms specific to the Javanese language. The dataset's structured speaker data supports robust model performance assessment.; The OpenSLR jv-ID dataset is used to analyze Javanese speech, focusing on phonetics and language processing. Each recording averages 10 minutes per speaker, enabling detailed phonetic analysis and supporting the development of speech processing techniques for the Javanese language. This dataset facilitates research into the acoustic and linguistic properties of Javanese, enhancing understanding and technological applications in Javanese speech recognition and synthesis.",https://www.semanticscholar.org/paper/da19f6f033257a7831f53f238e37b4e5768e9f43 (2006),https://www.openslr.org/41/,https://doi.org/10.1109/ACCESS.2020.3027619 (2020)
6414,Javanese,SLR41,Speech,Speech Recognition/Understanding,"The SLR41 dataset is primarily used for training and evaluating models in Javanese language processing, with a focus on speech recognition and synthesis tasks. It provides a diverse set of high-quality voice samples, enabling researchers to build and assess TTS voices for Javanese, emphasizing model performance, speech synthesis quality, and naturalness.",https://doi.org/10.21437/SLTU.2018-14 (2018),https://www.openslr.org/41/,https://doi.org/10.48550/arXiv.2401.06832 (2024)
6418,Javanese,Version 1 (V1),Text,Sentiment Analysis,"The Version 1 (V1) dataset is used to investigate the impact of lexicon-based knowledge transfer for hate speech detection in Indonesia's code-mixed languages, particularly addressing the imbalance in Indo-Javanese and other language data. Researchers employ this dataset to develop and evaluate methods that enhance hate speech detection models, leveraging the dataset's focus on lexicon-based approaches to improve performance in underrepresented language contexts.",https://doi.org/10.1145/3639233.3639247 (2023),,https://doi.org/10.1109/SIML65326.2025.11081055 (2025)
6538,Khmer,BTEC,Text,Linguistic Analysis,"The BTEC dataset is mentioned in research citations but lacks detailed descriptions of its usage, methodology, or specific research applications. There is no explicit information on how it is employed in studies or its relevance to particular research questions or characteristics.; The BTEC dataset is used to collect travel-related expressions in twenty-one languages, focusing on multilingual travel communication and expression variability. Researchers employ this dataset to analyze and compare linguistic patterns and communication strategies across different languages, enhancing understanding of multilingual travel interactions. This dataset enables detailed examination of how travel-related concepts are expressed and understood in diverse linguistic contexts.",https://doi.org/10.21437/Eurospeech.2003-150 (2003),,https://doi.org/10.1109/APSIPAASC47483.2019.9023137 (2019); https://www.semanticscholar.org/paper/18427ea04252bc943c47ade69ad85290057cf909 (2015)
6539,Khmer,Chhoun Nat dictionary,Speech,Lexicon/Dictionary,"The Chhoun Nat dictionary is used primarily for developing and evaluating automatic word segmentation systems for Khmer speech recognition. It contains a list of 18,000 words and is employed to train and evaluate models such as CRF models, focusing on the longest matching algorithm to study word segmentation and word boundaries. This dataset enables researchers to improve the accuracy of Khmer speech recognition systems by providing a standardized vocabulary reference.",https://www.semanticscholar.org/paper/44619a377ac96c3d33f2b9cbef820b625af4d80a (2008),https://angkordatabase.asia/links/chuon-naths-khmer-dictionary,https://doi.org/10.46223/hcmcoujs.tech.en.12.1.2219.2022 (2022)
6540,Khmer,Common Crawl corpus for Khmer,Text,Machine Translation,"The Common Crawl corpus for Khmer is used to train 4-gram language models, which are concatenated to the target side of parallel data. This enhances the model's understanding and performance in machine translation tasks, particularly for the Khmer language. The dataset's large-scale, web-scraped nature provides extensive text data, improving the model's ability to handle Khmer text effectively.",https://www.semanticscholar.org/paper/774e560a2cadcb84f4b1def7b152e5398b062efb (2013),https://metatext.io/datasets/cc100-khmer,https://doi.org/10.18653/v1/D19-5206 (2019)
6541,Khmer,ECCC corpus,Text,Machine Translation,"The ECCC corpus is used for machine translation, specifically focusing on a Khmer-English bilingual text dataset to enhance translation quality. Researchers employ this corpus to develop and refine translation models, leveraging its bilingual text data to address challenges in cross-language information transfer and improve the accuracy and fluency of translations.",https://doi.org/10.18653/v1/D19-5201 (2019),,https://doi.org/10.1109/O-COCOSDA202152914.2021.9660421 (2021)
6542,Khmer,Khmer,Speech,Speech Recognition/Understanding,"The 'Khmer' dataset is used to train and evaluate speech-to-text translation models, specifically focusing on the Khmer language. It includes audio recordings and corresponding transcriptions, enabling researchers to develop and test translation systems that can accurately convert spoken Khmer into written text. This dataset supports the advancement of natural language processing technologies for under-resourced languages like Khmer.",https://doi.org/10.21437/Eurospeech.2003-150 (2003),https://www.isca-archive.org/eurospeech_2003/kikui03_eurospeech.html,https://doi.org/10.1109/O-COCOSDA202152914.2021.9660421 (2021)
6543,Khmer,Khmer and Burmese ALT data,Text,Parsing and Tagging,"The Khmer and Burmese ALT data dataset is primarily used for linguistic analysis and annotation of Khmer language data. It supports research on Khmer language processing by providing annotated data that facilitates the study of linguistic structures and features, enabling detailed analysis and the development of language processing techniques.",https://doi.org/10.1145/3325885 (2019),https://seacrowd.github.io/seacrowd-catalogue/dataset?id=14,https://doi.org/10.46223/hcmcoujs.tech.en.12.1.2219.2022 (2022)
6545,Khmer,Khmer character dataset,Text,Optical Character Recognition (OCR),"The Khmer character dataset is used to develop an annotation tool for characters and glyphs on document pages, specifically to improve Optical Character Recognition (OCR) for Khmer language documents. This involves annotating and labeling characters to enhance the accuracy of OCR systems, addressing the challenge of recognizing Khmer script in digital documents. The dataset's focus on Khmer characters enables researchers to create more effective tools for processing and analyzing Khmer language texts.",https://doi.org/10.1145/2505377.2505394 (2013),https://www.mdpi.com/2313-433X/4/2/43,https://doi.org/10.3390/JIMAGING4020043 (2018)
6550,Khmer,Khmer palm leaf manuscripts of Cambodia,Text,Character and Text Recognition,"The Khmer palm leaf manuscripts of Cambodia dataset is used to study historical records, culture, and knowledge in Cambodia. Researchers focus on character and text recognition of these historical manuscripts, employing methodologies that enhance the understanding and preservation of Khmer historical texts. This dataset enables detailed analysis of cultural and historical data, contributing to the broader field of Cambodian studies.",https://doi.org/10.1109/ICFHR-2018.2018.00012 (2018),https://www.akhmerbuddhistfoundation.org/manuscripts,https://doi.org/10.23919/APSIPAASC55919.2022.9980217 (2022)
6551,Khmer,Khmer POS dataset by Thu et al. (2017),Text,Parsing and Tagging,"The Khmer POS dataset by Thu et al. (2017) is used to train and evaluate models for Khmer language processing, specifically focusing on part-of-speech tagging. It consists of a manually annotated corpus of 12,000 sentences, enabling researchers to analyze linguistic patterns, improve model accuracy, and address biases in Khmer language structures. This dataset supports the development of robust linguistic analysis tools for the Khmer language.",,https://github.com/ye-kyaw-thu/khPOS,https://doi.org/10.46223/hcmcoujs.tech.en.12.1.2219.2022 (2022)
6553,Khmer,palm leaf manuscript collection,Text,OCR,"The palm leaf manuscript collection is used to test and evaluate word recognition and transliteration tasks, specifically focusing on the accuracy and effectiveness of OCR frameworks for historical Khmer texts. This dataset enables researchers to assess and improve the performance of OCR technologies in processing and interpreting ancient manuscripts, contributing to the preservation and accessibility of historical Khmer documents.",,https://www.akhmerbuddhistfoundation.org/manuscripts,https://doi.org/10.3390/JIMAGING4020043 (2018)
6554,Khmer,Sleuk-Rith dataset,Text,Text Recognition,"The Sleuk-Rith dataset is used for comparative analysis with new datasets, specifically focusing on historical hand-written and printed Khmer text that has been scanned and annotated. This dataset enables researchers to evaluate and benchmark the performance of new datasets in recognizing and processing Khmer script, facilitating advancements in digital humanities and historical document analysis.; The Sleuk Rith dataset is used for text recognition in historical Khmer palm leaf manuscripts. Researchers employ character and text recognition methods to analyze and interpret these manuscripts. This dataset enables the development and evaluation of algorithms for recognizing Khmer script, facilitating the preservation and study of historical texts.","https://doi.org/10.46223/hcmcoujs.tech.en.12.1.2217.2022 (2022), https://doi.org/10.1109/ICFHR-2018.2018.00012 (2018)",https://github.com/donavaly/SleukRith-Set,https://doi.org/10.48550/arXiv.2410.18277 (2024); https://doi.org/10.1109/ACCESS.2023.3332361 (2023)
6555,Khmer,synthetic scene text,Unknown,Not specified,"The 'synthetic scene text' dataset is mentioned in various citation contexts but lacks detailed descriptions of its usage. No specific methodologies, research questions, or applications are provided in the given descriptions. Therefore, there is insufficient evidence to detail how this dataset is actually used in research.",https://doi.org/10.1109/ACCESS.2023.3332361 (2023),,https://doi.org/10.48550/arXiv.2410.18277 (2024)
6556,Khmer,translated MMLU,Text,Cross-lingual Evaluation,"The translated MMLU dataset is used to evaluate cross-lingual alignment, particularly focusing on a model's ability to handle Khmer language data. Despite the dataset's primary focus on Western knowledge, it is employed to assess how well models can transfer and apply this knowledge to a less-resourced language like Khmer. This evaluation helps researchers understand the limitations and capabilities of cross-lingual models in handling diverse linguistic contexts.",https://www.semanticscholar.org/paper/814a4f680b9ba6baba23b93499f4b48af1a27678 (2020),,https://doi.org/10.48550/arXiv.2407.19672 (2024)
6557,Khmer,TriECCC,Speech,Machine Translation,"The TriECCC dataset is used for domain adaptation in speech translation, focusing on Khmer, English, and French. It provides a trilingual corpus that facilitates training and evaluation of speech translation models, enabling researchers to improve cross-lingual performance and adapt models to specific domains.",https://doi.org/10.1109/O-COCOSDA202152914.2021.9660421 (2021),,https://doi.org/10.1109/ICASSP49357.2023.10095644 (2023)
6558,Kinyarwanda,110K sentiment-labeled tweets,Text,Not specified,"The '110K sentiment-labeled tweets' dataset is mentioned in research citations but lacks detailed usage descriptions. Therefore, there is no specific evidence to describe its application, methodology, research questions, or enabling capabilities in any particular study. The dataset's actual use in research remains unspecified based on the provided information.",https://doi.org/10.3115/v1/S14-2009 (2014),,https://doi.org/10.48550/arXiv.2304.06845 (2023)
6559,Kinyarwanda,Affect in Tweets,Text,Sentiment Analysis,"The 'Affect in Tweets' dataset is used for sentiment analysis in code-mixed Kinyarwanda tweets, focusing on affective language and linguistic features in social media. Researchers employ this dataset to analyze emotional content and linguistic nuances, enabling studies on how emotions are expressed in multilingual online contexts.",https://doi.org/10.18653/v1/S18-1001 (2018),,https://doi.org/10.48550/arXiv.2304.06845 (2023)
6560,Kinyarwanda,AfriSenti datasets,Text,Sentiment Analysis,"The AfriSenti dataset is mentioned in research citations but lacks detailed descriptions of its usage. There is no explicit information on specific methodologies, research questions, or characteristics of the dataset. Therefore, based on the provided evidence, it cannot be accurately described how AfriSenti is used in research.; The AfriSenti datasets are used to perform sentiment analysis on African languages, with a focus on polarity classification. These datasets support the development of sentiment analysis systems, particularly for Kinyarwanda, enabling researchers to study the nuances of sentiment and language use in this linguistic context. The datasets facilitate the building of models that can accurately classify sentiments, enhancing understanding of diverse linguistic expressions.","https://doi.org/10.1109/AIBThings58340.2023.10292494 (2023), https://www.semanticscholar.org/paper/f5808755486ad4fe58d832e752e624382c5a2d5a (2020)",https://huggingface.co/datasets/HausaNLP/AfriSenti-Twitter,https://doi.org/10.1109/ICMI60790.2024.10585867 (2024); https://doi.org/10.48550/arXiv.2302.08956 (2023)
6562,Kinyarwanda,AfriSenti-Sent 2023 Shared Task 12 datasets,Unknown,Not specified,"The 'AfriSenti-Sent 2023 Shared Task 12 datasets' is mentioned in research citations but lacks detailed descriptions of its usage. There is no explicit information on the methodology, research questions, or specific characteristics of the dataset. Therefore, it cannot be accurately described beyond its mere mention in the literature.",https://doi.org/10.18653/v1/2021.mrl-1.11 (2021),https://github.com/afrisenti-semeval/afrisent-semeval-2023,https://doi.org/10.1109/AIBThings58340.2023.10292494 (2023)
6563,Kinyarwanda,Formality dataset,Text,Style Transfer,"The Formality dataset is used to collect Kinyarwanda sentences for formality style transfer, focusing on pairs of sentences that convey the same meaning but differ in formality levels. This dataset enables researchers to develop and evaluate algorithms that can transform text between formal and informal styles, enhancing natural language processing applications in Kinyarwanda.",https://doi.org/10.18653/v1/N18-1012 (2018),https://github.com/s-nlp/formality,https://doi.org/10.48550/arXiv.2402.08638 (2024)
6565,Kinyarwanda,KIN data,Text,Linguistic and Thematic Analysis,"The KIN data dataset is used to study testimonies by survivors of the Rwandan genocide, focusing on linguistic and thematic analysis in the Kinyarwanda language. Researchers employ qualitative methods to analyze the language and themes within these testimonies, addressing specific research questions related to the linguistic expression and thematic content of survivor narratives. This dataset enables detailed examination of how survivors articulate their experiences, providing insights into the cultural and psychological dimensions of trauma and resilience.",https://www.semanticscholar.org/paper/727209a57c643472c8fc166ba3cc373936acc8d0 (2013),https://github.com/dhgarrette/low-resource-pos-tagging-2013,https://doi.org/10.3115/v1/P15-1134 (2015)
6566,Kinyarwanda,KINNEWS,Text,Named Entity Recognition,The KINNEWS dataset is used for news topic classification and Named Entity Recognition (NER) in Kinyarwanda. It evaluates model performance on Kinyarwanda news articles and analyzes linguistic features using a treebank approach. This dataset enables researchers to assess and improve NLP models specifically tailored for the Kinyarwanda language.,https://doi.org/10.18653/V1/2020.COLING-MAIN.480 (2020),https://huggingface.co/datasets/andreniyongabo/kinnews_kirnews,https://www.semanticscholar.org/paper/2ac19d63e1adba20473a6d1122c598f81efc3c58 (2022)
6568,Kinyarwanda,Kinyarwanda monolingual dataset,Text,Semantic Textual Similarity,"The Kinyarwanda monolingual dataset is used to create a new monolingual STR (Semantic Textual Similarity) dataset for Kinyarwanda, specifically focusing on semantic textual similarity in multilingual research contexts. This involves employing methodologies that assess and compare the semantic equivalence of texts within the Kinyarwanda language. The dataset enables researchers to develop and evaluate models that can accurately measure textual similarity, contributing to advancements in multilingual natural language processing.",https://doi.org/10.18653/v1/S16-1081 (2016),,https://doi.org/10.48550/arXiv.2402.08638 (2024)
6570,Kinyarwanda,machine-translated subset of GLUE,Text,Classification,"The machine-translated subset of GLUE is used to evaluate Kinyarwanda language models on natural language understanding tasks, specifically adapted from the GLUE benchmark. It assesses model performance in news article classification, focusing on category prediction accuracy. This dataset enables researchers to test and improve the effectiveness of Kinyarwanda language models in specific NLP tasks.",https://doi.org/10.18653/v1/W18-5446 (2018),https://github.com/anzeyimana/kinyabert-acl2022,https://doi.org/10.18653/v1/2022.acl-long.367 (2022)
6574,Kinyarwanda,MSWC corpus,Text,Keyword Extraction,"The MSWC corpus is used to train and evaluate pre-trained models for the Kinyarwanda language, specifically focusing on identifying and analyzing the most prevalent keywords within the corpus. This dataset enables researchers to enhance the performance and relevance of natural language processing models for Kinyarwanda by providing a rich source of linguistic data.",https://doi.org/10.1007/978-3-030-57077-4_10 (2021),https://mlcommons.org/datasets/multilingual-spoken-words/,https://www.semanticscholar.org/paper/3c0b89d19b49b2f314ebb2ef2459832f9ac83d89 (2025)
6575,Kinyarwanda,news categorization dataset,Text,Categorization/Classification,"The news categorization dataset is used to evaluate the accuracy and reliability of category classification in local news articles in Kinyarwanda. Researchers employ this dataset to assess machine translation and categorization models, focusing on how well these systems can reliably classify news content into appropriate categories. This enables the development and improvement of news categorization tools tailored for the Kinyarwanda language.",https://doi.org/10.18653/v1/W18-5446 (2018),https://github.com/anzeyimana/kinyabert-acl2022,https://doi.org/10.18653/v1/2022.acl-long.367 (2022)
6579,Kinyarwanda,small dataset of frequent words annotated by linguists,Unknown,Not specified,"The 'small dataset of frequent words annotated by linguists' is mentioned in the literature but lacks detailed descriptions of its usage. No specific methodologies, research questions, or applications are provided, and there is no evidence of its use in Kinyarwanda language research or any other specific linguistic studies. The dataset's role and impact in research remain unclear based on the available information.; The 'small dataset of frequent words annotated by linguists' is mentioned in research contexts but lacks detailed descriptions of its usage. No specific methodologies, research questions, or applications are provided. The dataset's role and impact in linguistic studies are not explicitly outlined in the available information.",https://www.semanticscholar.org/paper/a2d87894b31c8621ec3c3d72328bdfb142ea4b5a (2013),,https://doi.org/10.18653/v1/2020.coling-main.409 (2020)
6797,Kyrgyz,780 dependency trees,Text,Parsing and Tagging,"The dataset '780 dependency trees' is mentioned in the citation context but lacks detailed descriptions of its usage. Therefore, there is no specific information available regarding its application, methodology, research questions, or enabling capabilities in any particular research area.; The '780 dependency trees' dataset is used to model the grammar, syntax, and morphology of the Kyrgyz language, contributing to the Universal Dependencies initiative. This dataset enables researchers to analyze and standardize linguistic structures, facilitating cross-linguistic research and computational linguistics applications.",https://www.semanticscholar.org/paper/e94e7940851d2908a993b9f90e3dd87c6de7c2f3 (2016),https://github.com/UniversalDependencies/UD_Kyrgyz-KTMU/,https://doi.org/10.48550/arXiv.2308.15952 (2023)
6801,Kyrgyz,Kyrgyz article titles,Text,Information Retrieval,"The 'Kyrgyz article titles' dataset is used to analyze language patterns in Kyrgyz by examining a subset of 500 randomly sampled and annotated article titles. This methodology involves deriving meaningful conclusions about specific topics within the language, enabling researchers to explore linguistic trends and content themes in Kyrgyz media.; The 'Kyrgyz article titles' dataset is used to derive meaningful conclusions about topics by translating and sampling 500 titles from a total of 23,284 Kyrgyz articles. These titles are then processed to obtain their embeddings using SentenceBERT, enabling researchers to analyze and understand the thematic content and structure of Kyrgyz articles through computational methods.",https://doi.org/10.18653/v1/D19-1410 (2019),https://github.com/alexeyev/kyrgyz-multi-label-topic-classification,https://doi.org/10.48550/arXiv.2308.15952 (2023)
6802,Kyrgyz,Kyrgyz-Russian Parallel Corpus,Multimodal,Machine Translation,"The Kyrgyz-Russian Parallel Corpus is used to support machine translation and automatic speech recognition tasks, particularly for developing models for less-resourced Turkic languages. This dataset enables researchers to train and evaluate models that enhance the processing and understanding of these languages, focusing on improving translation accuracy and speech recognition performance.",https://doi.org/10.1109/BigComp57234.2023.00037 (2023),,https://doi.org/10.48550/arXiv.2407.05006 (2024)
6804,Kyrgyz,Kyrgyz-UzTurk,Text,Parsing and Tagging,"The Kyrgyz-UzTurk dataset is used as a comprehensive linguistic resource for Central Asian languages, including Kyrgyz. It includes a variety of POS tags and syntactic features, enabling detailed linguistic analysis. Researchers use this dataset to explore grammatical structures and syntactic patterns, enhancing understanding of these languages' linguistic properties.",https://doi.org/10.48550/arXiv.2205.06072 (2022),,https://doi.org/10.48550/arXiv.2407.05006 (2024)
6803,Kyrgyz,KyrgyzTTS,Text,Speech Synthesis,"The KyrgyzTTS dataset is used for training and testing text-to-speech (TTS) systems in the Kyrgyz language, focusing on enhancing the quality and accuracy of synthesized speech. This dataset enables researchers to develop more effective TTS models for Kyrgyz, addressing the specific phonetic and linguistic challenges of the language.",https://doi.org/10.21437/Interspeech.2021-2124 (2021),https://github.com/IS2AI/Kazakh_TTS,https://doi.org/10.48550/arXiv.2407.05006 (2024); https://doi.org/10.48550/arXiv.2305.15749 (2023)
6805,Kyrgyz,Manas-UdS corpus,Speech,Speech Recognition/Understanding,"The Manas-UdS corpus is a recently developed dataset primarily used for training and testing text-to-speech (TTS) systems in the Kyrgyz language. It aims to enhance the quality and accuracy of synthesized speech, addressing the specific challenges and nuances of the Kyrgyz language. This dataset enables researchers to develop more effective TTS models tailored to Kyrgyz, contributing to advancements in natural language processing for under-resourced languages.",,https://fedora.clarin-d.uni-saarland.de/kyrgyz/index.html,https://doi.org/10.48550/arXiv.2407.05006 (2024)
6806,Kyrgyz,UD-Kyrgyz,Text,Parsing and Tagging,"The UD-Kyrgyz dataset is used to train and evaluate natural language processing (NLP) models specifically for the Kyrgyz language. It focuses on syntactic and morphological analysis, enabling researchers to develop and refine NLP tools that can accurately process and understand the complex grammatical structures of Kyrgyz. This dataset supports the advancement of NLP technologies tailored to under-resourced languages like Kyrgyz.",https://www.semanticscholar.org/paper/ba233d75aa403092bda0bffc026be7913673ad69 (2021),https://universaldependencies.org/ky/index.html,https://doi.org/10.48550/arXiv.2308.15952 (2023)
6809,Lao,Lao Dataset,Text,Question Answering,"The Lao Dataset is used to construct and evaluate SeaBench, a benchmark for assessing multi-turn instruction-following capabilities in Lao and other Southeast Asian languages. It focuses on local multilingual questions and is employed to benchmark language models, evaluating their performance across diverse linguistic contexts in the region. This dataset enables researchers to test and improve the multilingual proficiency of language models, particularly in handling complex, context-dependent instructions.",https://doi.org/10.48550/arXiv.2502.06298 (2025),https://github.com/DAMO-NLP-SG/SeaExam,https://doi.org/10.48550/arXiv.2407.19672 (2024)
6810,Lao,Lao-Thai dictionary,Text,Machine Translation,"The Lao-Thai dictionary dataset is used to facilitate Lao-Thai machine translation by leveraging the linguistic similarities between the two languages. Specifically, it focuses on generating translations from segmented Lao words, enhancing the accuracy of machine translation systems. This dataset enables researchers to improve translation quality by providing a structured resource for word segmentation and translation mapping.",https://doi.org/10.1109/JCSSE.2016.7748893 (2016),,https://doi.org/10.1109/MAPR63514.2024.10660932 (2024)
6813,Levantine Arabic,apc,Text,Machine Translation,"The 'apc' dataset is used to evaluate the performance of fine-tuned Neural Machine Translation (NMT) and Large Language Models (LLM), specifically focusing on BLEU scores to measure translation quality. This dataset enables researchers to assess and compare the effectiveness of different model configurations and fine-tuning techniques in translating Levantine Arabic.",https://doi.org/10.18653/v1/2024.iwslt-1.25 (2024),https://github.com/ufal/IWSLT2024_Levantine_Arabic_data,
6824,Levantine Arabic,"dataset of 32,000",Text,Sentiment Analysis,"The dataset of 32,000 is used to annotate Arabic tweets, specifically focusing on identifying offensive language and hate speech in social media. The methodology involves annotating these tweets to classify them based on their content. This dataset enables researchers to address the prevalence and impact of harmful language online, providing insights into the linguistic patterns and contexts of offensive speech in Arabic social media.",https://doi.org/10.1017/S1351324923000402 (2022),https://www.cambridge.org/core/journals/natural-language-engineering/article/emojis-as-anchors-to-detect-arabic-offensive-language-and-hate-speech/2C1DFD708D4EE24B4E22C5664BD9B2E1,https://doi.org/10.1109/ACCESS.2025.3591673 (2025)
6817,Levantine Arabic,IWSLT 2022 Tunisian Arabic (AEB) speech translation data,Speech,Machine Translation,"The IWSLT 2022 Tunisian Arabic (AEB) speech translation data is used to enhance speech-to-text translation capabilities for Tunisian Arabic, addressing the challenges of spoken language and regional dialects. It is also employed to train and evaluate models for translating North Levantine Arabic to Modern Standard Arabic and English, focusing on linguistic nuances and dialectal variations. This dataset enables researchers to develop more accurate and contextually appropriate translation models by providing a rich source of spoken language data.",,https://iwslt.org/2022/dialect,https://doi.org/10.18653/v1/2024.iwslt-1.14 (2024)
6818,Levantine Arabic,LEVANT,Text,Sociolinguistic Analysis,"The LEVANT dataset is used to analyze Levantine Arabic social media data, focusing on dialectal variations and linguistic features in online communications. Researchers employ this dataset to examine how dialects are represented and evolve in digital platforms, using methods that capture and analyze linguistic patterns specific to Levantine Arabic. This enables detailed studies on the sociolinguistic aspects of online communication in the Levantine region.",https://www.semanticscholar.org/paper/c7724204465574309251bc61afee3ed832cccc41 (2014),,https://doi.org/10.1145/2632188.2632207 (2014)
6819,Levantine Arabic,Levantine Arabic Corpus,Text,Sentiment Analysis,"The Levantine Arabic Corpus is primarily used for evaluating frameworks and systems focused on detecting hate speech, abusive language, and offensive content in Levantine Arabic tweets and online commentary. It provides annotated data for training and testing, enabling researchers to measure the accuracy and effectiveness of their models. The dataset also supports benchmarking against other systems and assessing performance in linguistic code switching identification.",https://www.semanticscholar.org/paper/e2ee53e8e1a8f7ae76f4dcf964b9cf0966bb2661 (2020),,https://doi.org/10.1007/s13369-021-05383-3 (2021); https://doi.org/10.1145/2632188.2632207 (2014)
6821,Levantine Arabic,Levantine Arabic Twitter Dataset,Text,Hate Speech Detection,"The Levantine Arabic Twitter Dataset is used to detect hate speech in Levantine Arabic tweets, with a focus on annotator influence and the nuances of hate speech detection in social media. Researchers employ this dataset to explore how different annotators impact the identification of hate speech, addressing the complexities and contextual challenges inherent in social media content. This dataset enables a deeper understanding of the linguistic and cultural aspects of hate speech in Levantine Arabic, facilitating more accurate and culturally sensitive detection models.",https://doi.org/10.18653/v1/W16-5618 (2016),https://github.com/zeeraktalat/hatespeech,https://doi.org/10.1007/s13369-021-05383-3 (2021)
6822,Levantine Arabic,Levantine-English corpus,Unknown,Not specified,"The Levantine-English corpus is mentioned in research contexts but lacks detailed descriptions of its usage. There is no explicit information on specific methodologies, research questions, or characteristics of the dataset. Therefore, it cannot be accurately stated how this dataset is used in research based on the provided evidence.",https://www.semanticscholar.org/paper/ebdcfcd11c8da6e20e4486b65bed5d23f931dc63 (2012),,https://doi.org/10.18653/v1/2023.arabicnlp-1.34 (2023)
6815,Levantine Arabic,Levantine-English parallel corpus,Text,Machine Translation,"The Levantine-English and Egyptian-English parallel corpus is primarily used to build and enhance machine translation systems, focusing on Egyptian and Levantine Arabic dialects. It is employed to improve translation quality, accuracy, and coverage by providing a rich source of dialectal sentences. The dataset includes a compiled corpus of 5 Arabic dialects, each with 6400 sentences, facilitating linguistic analysis and machine translation research. Specific sentences from the Egyptian part are selected to refine translation models, capturing linguistic nuances and enhancing overall performance.",https://aclanthology.org/N12-1006/ (2012),,https://aclanthology.org/Y15-1004/ (2015)
6823,Levantine Arabic,MSA treebank,Text,Parsing and Tagging,"The MSA treebank is used as a linguistic resource for training parsers, specifically to build a parser for spoken Levantine Arabic. It provides annotated Modern Standard Arabic data, which informs the parsing model, enhancing its ability to accurately capture syntactic structures in Levantine Arabic. This dataset enables researchers to improve parsing accuracy and address challenges in processing spoken dialects.",,,https://www.semanticscholar.org/paper/ebdcfcd11c8da6e20e4486b65bed5d23f931dc63 (2012)
6827,Levantine Arabic,Palestinian dialect corpus,Multimodal,Linguistic Research,"The Palestinian dialect corpus is used to train and evaluate models on Palestinian Arabic, focusing on sentence structure and vocabulary. It supports linguistic research and NLP applications by providing a rich resource of 5,836 sentences and 43K words, including both spoken and written data. This corpus enables researchers to build and refine models specific to the Palestinian dialect, enhancing understanding and processing of this variant of Levantine Arabic.",https://doi.org/10.3115/v1/W14-3603 (2014),,https://www.semanticscholar.org/paper/654af2f5747126447e5d8fce220c6a1915761143 (2018)
6828,Levantine Arabic,Parallel Levantine-English corpus,Text,Machine Translation,"The Parallel Levantine-English corpus is used to build parallel corpora for machine translation, specifically focusing on Levantine Arabic and Egyptian Arabic. It consists of 1.1M words for Levantine Arabic and 380k words for Egyptian Arabic. This dataset enables researchers to develop and improve machine translation models by providing aligned text data, facilitating the translation between these dialects and English.",https://www.semanticscholar.org/paper/ebdcfcd11c8da6e20e4486b65bed5d23f931dc63 (2012),https://ufal.mff.cuni.cz/ufal-parallel-corpus-of-north-levantine,https://www.semanticscholar.org/paper/654af2f5747126447e5d8fce220c6a1915761143 (2018)
6832,Lingala,Lingala Speech Translation (LiSTra),Speech,Machine Translation,"The Lingala Speech Translation (LiSTra) dataset is used to develop and evaluate speech translation systems in the Lingala language. Researchers compare traditional cascade and end-to-end architectures, focusing on interactive attention mechanisms. This dataset enables the assessment of different methodologies in speech translation, specifically addressing the performance and effectiveness of these systems in handling the Lingala language.",https://doi.org/10.1609/AAAI.V34I05.6360 (2019),,https://www.semanticscholar.org/paper/397ccc27dfb952d0311461e4dfd47aead6bc0e0c (2022)
6833,Magahi,Magahi,Text,Parsing and Tagging,"The Magahi dataset is used to evaluate Part-of-Speech (POS) tagging performance in low-resource Indian languages, specifically focusing on Magahi within the Universal Dependency framework. This dataset enables researchers to assess the accuracy and effectiveness of POS tagging models in a resource-constrained setting, contributing to the development of linguistic tools for under-documented languages.",https://www.semanticscholar.org/paper/cc58ebb219feb0f6da5c0f52bed1721dcc4068a1 (2020),https://github.com/UniversalDependencies/UD_Bhojpuri-BHTB/tree/master,https://doi.org/10.18653/v1/2024.findings-acl.857 (2024)
6834,Magahi,Magahi Dataset,Text,Sentiment Analysis,"The Magahi Dataset is used for conducting sentiment analysis on Magahi language tweets. Native speakers manually annotate the data to ensure accuracy and relevance. This approach helps researchers address specific research questions related to sentiment detection in the Magahi language, leveraging the dataset's authentic and culturally relevant content.",https://doi.org/10.18653/v1/2023.wassa-1.12 (2023),https://github.com/MG1800/gsac,https://doi.org/10.48550/arXiv.2403.04639 (2024)
6837,Maithili,Maithili NER corpus,Text,Named Entity Recognition,"The Maithili NER corpus is used to develop and evaluate named entity recognition systems for the Maithili language, focusing on identifying and classifying named entities in text. This dataset enables researchers to improve the accuracy of NER models specific to Maithili, addressing the need for robust linguistic tools in under-resourced languages.",https://www.semanticscholar.org/paper/35c6bcc3a86023f95b6be40aa6eddf8df52c027d (2020),,https://doi.org/10.1145/3533428 (2020)
7168,Marathi,"2,622 Marathi Wikipedia articles",Text,Named Entity Recognition,"The dataset of 2,622 Marathi Wikipedia articles is used to enhance multilingual entity filling through a language-independent approach, specifically focusing on named entity recognition within Marathi Wikipedia content. This involves identifying and classifying named entities in the articles, which aids in improving the accuracy and coverage of entity recognition systems for the Marathi language. The dataset's large volume of text provides a rich resource for training and evaluating these systems, enabling more effective multilingual natural language processing tasks.; The dataset of 2,622 Marathi Wikipedia articles is used to enhance multilingual entity filling, specifically focusing on named entity recognition within Marathi content. Researchers employ a language-independent approach to improve the accuracy of identifying and filling named entities, leveraging the rich textual data and structured information available in these articles. This methodology addresses the challenge of recognizing entities in low-resource languages like Marathi, thereby advancing natural language processing techniques.",https://doi.org/10.1145/2389776.2389779 (2012),,https://doi.org/10.1145/3548457 (2022)
7170,Marathi,CFILT-annotated NER,Text,Named Entity Recognition,"The CFILT-annotated NER dataset is utilized for named entity recognition (NER) in Indian languages, particularly Marathi. It contains 73,523 tokens, 6,138 sentences, and 6,036 named entities, and is used to train and evaluate NER models. The dataset focuses on identifying person, location, and organization tags, enhancing NER tagging performance through multilingual learning and creating a larger gold standard for low-resource settings.",https://doi.org/10.1145/3238797 (2018),,https://doi.org/10.1145/3548457 (2022)
7175,Marathi,Dakshina corpus,Text,Transliteration and Script Conversion,"The Dakshina corpus is used to train a BERT-based model for 17 Indic languages, including Marathi, with a focus on processing South Asian languages written in the Latin script. This dataset enables researchers to develop multilingual models that can handle the complexities of these languages, enhancing natural language processing capabilities in a diverse linguistic context.; The Dakshina corpus is used for developing and evaluating transliteration and script conversion systems, particularly for languages of the Indian subcontinent, including Marathi. It focuses on cross-script mapping and phonetic accuracy, enabling researchers to enhance the precision of transliteration systems across multiple Indic scripts. The dataset's multilingual nature supports comprehensive linguistic data analysis for these tasks.","https://www.semanticscholar.org/paper/c1601b8b7a60fe4e8fa121a7cf2acd9ec4a8043c (2020), https://doi.org/10.3115/v1/N15-3017 (2015)",https://github.com/google-research-datasets/dakshina,https://doi.org/10.1145/3618057 (2023); https://doi.org/10.48550/arXiv.2205.03018 (2022)
7178,Marathi,EDNIL,Text,Information Retrieval,"The EDNIL dataset is used for event detection from news in Indian languages, with a specific focus on the Marathi language. Researchers employ NLP and IR techniques to identify and classify events, enabling the analysis of news content and the extraction of meaningful information. This dataset facilitates the development and evaluation of algorithms tailored for event detection in Marathi news articles.; The EDNIL dataset is used for event detection from news in Indian languages, with a specific focus on the Marathi language. Researchers employ NLP and IR techniques to identify and classify events within news articles. This dataset enables the development and evaluation of algorithms tailored for Marathi, enhancing the accuracy of event detection in this language.",https://doi.org/10.1145/3441501.3441516 (2020),https://ednilfire.github.io/ednil/2020/dataset.html,https://doi.org/10.1145/3548457 (2022)
7186,Marathi,HASOC 2021 Marathi,Text,Sentiment Analysis,"The HASOC 2021 Marathi dataset is used to identify offensive language in Marathi social media posts, employing cross-lingual approaches to enhance NLP models for low-resource languages. It supports research aimed at improving the detection of offensive content, addressing the challenge of limited resources in under-resourced languages like Marathi.",https://doi.org/10.26615/978-954-452-072-4_050 (2021),https://hasocfire.github.io/hasoc/2021/dataset.html,https://www.semanticscholar.org/paper/7558bdd18c1b52a2953fe80e7bcdbb5a09050ee2 (2021)
7187,Marathi,HASOC 2022,Text,Sentiment Analysis,"The HASOC 2022 dataset is used to fine-tune models for identifying hate speech and offensive content in Indo-Aryan languages, including Marathi. Researchers focus on improving the detection accuracy of these models, employing methodologies that enhance the precision and reliability of hate speech identification in multilingual contexts. This dataset enables the development of more effective and culturally sensitive content moderation tools.",https://www.semanticscholar.org/paper/062092a2b27af84b3becffd7439bf8c43574427b (2021),https://hasocfire.github.io/hasoc/2022/index.html,https://doi.org/10.48550/arXiv.2212.10039 (2022)
7192,Marathi,IIIT-H Voices,Speech,Text-to-Speech,"The IIIT-H Voices dataset is primarily used for developing Text-to-Speech (TTS) systems, particularly for Indian languages, to enhance the quality and naturalness of synthesized speech. It supports research under unconstrained conditions, improving the robustness of speech synthesis models. Additionally, the dataset serves as a multi-language speech corpus, leveraging crowd-sourced data for various languages, including Marathi, to advance both speech recognition and synthesis research.",https://doi.org/10.21437/blizzard.2013-2 (2013),https://www.kaggle.com/datasets/sizlingdhairya1/iiit-spoken-language-datasets,https://doi.org/10.18653/v1/2023.iwslt-1.43 (2023)
7195,Marathi,In22-Gen,Text,Machine Translation,"The In22-Gen dataset is used to evaluate machine translation models for 22 scheduled Indian languages, including Marathi. It focuses on achieving high-quality and accessible translations. Researchers employ this dataset to assess the performance and accuracy of translation models, ensuring they can effectively handle the linguistic complexities of these languages. This evaluation helps in improving the accessibility and reliability of machine translation systems for a diverse range of Indian languages.",https://doi.org/10.48550/arXiv.2305.16307 (2023),https://huggingface.co/datasets/ai4bharat/IN22-Gen,https://doi.org/10.48550/arXiv.2504.10335 (2025)
7196,Marathi,InDEE-2019,Text,Event Extraction and Plagiarism Detection,"The InDEE-2019 dataset is used to address resource scarcity in natural disaster event extraction and to detect word-level plagiarism in Marathi text. It employs n-gram methods and rule-based discourse analysis, focusing on linguistic patterns and content from news websites. This dataset enables researchers to analyze natural disaster discourse and identify plagiarized content, enhancing understanding and detection capabilities in these areas.; The InDEE-2019 dataset is used to address resource scarcity in the natural disaster domain for Marathi and other languages by providing labeled data from news websites for event extraction and discourse analysis. It is also utilized to detect word-level plagiarism in Marathi text using the n-gram method, particularly in poems and user-collected summaries. This dataset enables researchers to enhance natural language processing techniques and improve the accuracy of event detection and plagiarism detection in low-resource languages.",https://www.semanticscholar.org/paper/e6916adb30b22fc5a42174c8307444f05052cd17 (2019),,https://doi.org/10.1145/3548457 (2022)
7197,Marathi,Indian Language Corpora,Speech,Speech Recognition/Understanding,"The Indian Language Corpora dataset is used to collect speech data from low-income workers, particularly in low-resource languages such as Marathi, through crowd-sourcing methods. This approach facilitates the creation of speech corpora, enabling research focused on improving speech recognition and processing technologies for underrepresented linguistic communities.",https://www.semanticscholar.org/paper/6b48ae58acc2d1a7d73c9c271c0df3307dd2e1c9 (2020),,https://doi.org/10.18653/v1/2023.iwslt-1.43 (2023)
7205,Marathi,Indic-Trans2,Text,Machine Translation,"The Indic-Trans2 dataset is used to evaluate machine translation quality in 13 Indic languages, including Marathi, by reporting COMET-DA scores. This dataset facilitates the assessment of translation accuracy and fluency, enabling researchers to compare and improve machine translation models across these languages. The dataset's comprehensive coverage of multiple Indic languages makes it a valuable resource for cross-lingual translation research.",https://doi.org/10.18653/v1/2020.emnlp-main.213 (2020),https://github.com/AI4Bharat/IndicTrans2,https://doi.org/10.48550/arXiv.2412.15471 (2024)
7202,Marathi,IndicNLP,Text,Information Retrieval,"The IndicNLP dataset is used to develop monolingual corpora and word embeddings for Indian languages, with a focus on Marathi. It is employed to train and evaluate models for paraphrasing and embedding tasks, particularly using headlines and news articles in Indic languages, including Marathi. This dataset enables researchers to enhance natural language processing capabilities for under-resourced languages by providing extensive textual data for model training and evaluation.; The IndicNLP dataset is used to develop monolingual corpora and word embeddings for Indian languages, with a focus on Marathi. It trains and evaluates deep learning models for NLP tasks such as information retrieval, question answering, text summarization, and plagiarism detection. This dataset enables researchers to enhance model performance and linguistic understanding in Marathi through robust data resources.",https://www.semanticscholar.org/paper/7997d432925aff0ba05497d2893c09918298ca55 (2020),https://github.com/AI4Bharat/indicnlp_corpus,https://doi.org/10.1145/3548457 (2022)
7210,Marathi,Kaun Banega Crorepati (KBC) Marathi questions,Text,Question Answering,"The Kaun Banega Crorepati (KBC) Marathi questions dataset is used to develop an English-Marathi QA system. It focuses on translating and classifying Marathi questions from a popular TV show, enabling researchers to enhance cross-lingual question answering capabilities. The dataset's relevance lies in its authentic, context-rich questions, which support the development and evaluation of translation and classification algorithms.",https://doi.org/10.1007/978-981-10-8569-7_4 (2018),,https://doi.org/10.48550/arXiv.2308.09862 (2023)
7212,Marathi,L3Cube-MahaHate,Text,Hate Speech Detection,"The L3Cube-MahaHate dataset is primarily used for developing and evaluating hate speech detection models in Marathi, particularly focusing on tweet-based content. It supports classification tasks using transformer models like BERT and is also utilized for multi-domain sentiment analysis. The dataset includes manually labeled data, enabling researchers to train and evaluate models for detecting hate speech and analyzing sentiment across various domains.; The L3Cube-MahaHate dataset is used to develop and evaluate hate speech detection models specifically for the Marathi language, focusing on tweet-based content. Researchers employ this dataset to train and test machine learning models, addressing the challenge of identifying hate speech in social media. The dataset's focus on Marathi tweets enables nuanced analysis and improvement of hate speech detection algorithms in this language.",https://doi.org/10.48550/arXiv.2203.13778 (2022),https://github.com/l3cube-pune/MarathiNLP/tree/main/L3Cube-MahaHate,https://doi.org/10.1145/3548457 (2022); https://doi.org/10.1109/I2CT61223.2024.10543946 (2024); https://doi.org/10.48550/arXiv.2506.00863 (2025)
7213,Marathi,L3Cube-MahaNER,Text,Named Entity Recognition,"The L3Cube-MahaNER dataset is primarily used for named entity recognition (NER) in the Marathi language, specifically to train and evaluate NER models. It contains 73,523 tokens and 6,138 sentences, enabling researchers to improve NER tagging performance in low-resource settings through multilingual learning. The dataset supports the development of BERT models, vanilla CNNs, and other NER systems, focusing on identifying person, location, and organization tags. Additionally, it has been utilized for hate speech detection and sentiment analysis in Marathi, enhancing the overall language processing capabilities.; The L3Cube-MahaNER dataset is used for named entity recognition in the Marathi language. It specifically trains and evaluates BERT models to identify entities within Marathi text. This dataset enables researchers to improve the accuracy of entity recognition in Marathi, contributing to advancements in natural language processing for under-resourced languages.",https://doi.org/10.48550/arXiv.2204.06029 (2022),https://github.com/l3cube-pune/MarathiNLP/tree/main/L3Cube-MahaNER,https://doi.org/10.1145/3548457 (2022); https://doi.org/10.48550/arXiv.2308.09862 (2023); https://doi.org/10.48550/arXiv.2311.02579 (2023); https://doi.org/10.1007/978-981-99-6550-2_37 (2023); https://doi.org/10.1109/ICAAIC56838.2023.10141204 (2023)
7216,Marathi,L3Cube-MahaSocialNER,Text,Named Entity Recognition,"The L3Cube-MahaSocialNER dataset is primarily used for training and evaluating deep learning and neural network models for Marathi Named Entity Recognition (NER), particularly focusing on social media content. It supports the development and assessment of various neural architectures, including BERT models, to improve accuracy in identifying entities such as locations, organizations, people, and numeric quantities. The dataset facilitates comparisons between different tagging schemes (IOB and Non-IOB) and helps in adhering to gold standards for NER tasks.",https://doi.org/10.48550/arXiv.2204.06029 (2022),https://github.com/l3cube-pune/MarathiNLP/tree/main/L3Cube-MahaSocialNER,https://doi.org/10.1145/3632754.3632764 (2023)
7215,Marathi,L3CubeMahaSent,Text,Sentiment Analysis,"The L3CubeMahaSent dataset is primarily used for sentiment analysis of Marathi tweets, focusing on classifying them into positive, negative, and neutral categories. It is employed to evaluate the performance of various models, including XLM-R, IndicBERT, and CNN with Indic fastText word embeddings, on Marathi sentiment analysis tasks. This dataset provides a valuable resource for training and assessing model accuracy in classifying sentiments in Marathi social media content.; The L3CubeMahaSent dataset is primarily used for sentiment analysis of Marathi language text, particularly tweets. It supports the development and evaluation of deep learning models, including MahaBERT and XLM-R, for classifying sentiments into positive, negative, and neutral categories. The dataset, containing 15,000 manually labeled records, is used to enhance and expand domain coverage, including political tweets, movie reviews, general tweets, and TV show subtitles, thereby improving the robustness and applicability of sentiment analysis models in Marathi.",https://www.semanticscholar.org/paper/bb8d2aa9ef06ecc830828dee92bfdeb46e14e25f (2021),https://github.com/l3cube-pune/MarathiNLP/tree/main/L3CubeMahaSent%20Dataset,https://doi.org/10.48550/arXiv.2203.13778 (2022); https://doi.org/10.1109/ICAAIC53929.2022.9793308 (2022); https://doi.org/10.48550/arXiv.2211.11418 (2022); https://www.semanticscholar.org/paper/183ade75855453e7194b25c3db364b405fe98d38 (2021); https://doi.org/10.48550/arXiv.2211.11187 (2022); https://doi.org/10.48550/arXiv.2306.13888 (2023)
7217,Marathi,L3Cube’s MahaSent-GT,Text,Sentiment Analysis,"The L3Cube’s MahaSent-GT dataset is used for sentiment analysis and hate speech detection in Marathi, supporting tasks such as training and evaluating transformer models. It enables multi-domain sentiment classification and captures the nuances of Marathi language sentiment, enhancing the accuracy and applicability of NLP models in this context.",https://doi.org/10.48550/arXiv.2205.14728 (2022),https://huggingface.co/l3cube-pune/marathi-sentiment-tweets,https://doi.org/10.48550/arXiv.2506.00863 (2025)
7223,Marathi,MahaSQuAD,Text,Question Answering,"The MahaSQuAD dataset is used to develop extensive resources for Hindi and Marathi by translating SQuAD 2.0, addressing data scarcity. It is employed to extend question-answering approaches from Marathi to nine additional Indic languages, focusing on linguistic divides and cross-lingual performance. The dataset ensures precise alignment of translated answers within their contexts, emphasizing linguistic accuracy and context preservation. It also supports the creation of similar datasets through robust translation and transliteration procedures for question-answering tasks.",https://www.semanticscholar.org/paper/7ebbb9f14a08fda8d76b3f299254c2b0d2c59d9a (2022),https://huggingface.co/l3cube-pune/marathi-question-answering-squad-bert,https://doi.org/10.48550/arXiv.2505.03688 (2025)
7224,Marathi,Marathhi question database,Text,Question Answering,"The Marathhi question database is used to develop a Marathi QA system, specifically focusing on 901 questions categorized into 50 different types. The dataset employs a keyword-based approach for classification. This enables researchers to address the challenge of creating effective question-answering systems for the Marathi language, enhancing natural language processing capabilities in this domain.",https://doi.org/10.2139/SSRN.3852112 (2021),,https://doi.org/10.1109/ICNTE56631.2023.10146625 (2023)
7229,Marathi,"Marathi (Google, 2019d)",Text,Parsing and Tagging,"The Marathi (Google, 2019d) dataset is used for training and evaluating models focused on the Marathi language. It supports research into linguistic and cultural aspects of Marathi, enabling the development and assessment of language-specific models and tools. This dataset facilitates the creation of more accurate and culturally relevant linguistic resources for Marathi.; The Marathi (Google, 2019d) dataset is used for training and evaluating language models and other NLP tasks in Marathi language research. It provides a resource for developing and testing algorithms that can process and understand Marathi text, enabling advancements in natural language processing for this specific language.",,http://www.openslr.org/64,https://www.semanticscholar.org/paper/c5ccc4128f8746a765bdd4478f9b63893b5e6bb6 (2020)
7226,Marathi,Marathi audio corpus,Speech,Speech Recognition/Understanding,"The Marathi audio corpus is used to collect audio samples from 303 males and 197 females, primarily for automatic speech recognition research. The dataset focuses on the creation and characteristics of the corpus, enabling the development and evaluation of speech recognition systems tailored to the Marathi language.",https://doi.org/10.1109/ICSDA.2013.6709893 (2013),,https://doi.org/10.1080/09720529.2021.2014134 (2022)
7227,Marathi,Marathi collections,Text,Plagiarism Detection,"The 'Marathi collections' dataset is used to detect word-level plagiarism in Marathi text, employing the n-gram method to analyze poems and user-collected summaries. This dataset enables researchers to address specific issues of textual integrity and authenticity in Marathi literature, leveraging its rich content and structured format.",https://doi.org/10.1007/978-981-13-9187-3_2 (2018),,https://doi.org/10.1145/3548457 (2022)
7230,Marathi,Marathi lexical resource for sentiment analysis,Text,Sentiment Analysis,"The Marathi lexical resource for sentiment analysis is used to develop a sentiment analysis tool for the Marathi language, focusing on adjectives and adverbs. The dataset is created using corpus-based, SentiWordNet-based, and Hindi SentiWordNet-based approaches. It enables researchers to build and refine sentiment analysis models specifically tailored for Marathi, enhancing the accuracy of sentiment detection in Marathi texts.",https://doi.org/10.1007/978-981-16-0507-9_37 (2020),,https://doi.org/10.1007/s13278-022-00877-w (2022)
7234,Marathi,Marathi question classification dataset,Text,Question Answering,"The Marathi question classification dataset is used to evaluate and compare model performance in classifying questions, specifically by translating the English TREC dataset into Marathi. This enables researchers to assess the effectiveness of models in handling Marathi language questions, focusing on classification accuracy and cross-lingual transfer capabilities.",https://doi.org/10.1109/ICNTE56631.2023.10146625 (2023),,
7235,Marathi,Marathi Question Classifier dataset,Text,Question Answering,"The Marathi Question Classifier dataset is used to train machine learning classifiers to identify answer types for Marathi questions. It consists of 1000 manually translated questions, enabling researchers to develop and evaluate models that can accurately classify the type of answers required for these questions. This dataset supports research in natural language processing, specifically in the context of question classification for the Marathi language.",https://doi.org/10.1007/978-981-10-8569-7_4 (2018),,https://doi.org/10.48550/arXiv.2309.15779 (2023)
7236,Marathi,Marathi Quiz TV Show,Text,Question Answering,"The Marathi Quiz TV Show dataset is used to classify Marathi questions and identify answer types, specifically for training and evaluating machine learning models. This dataset enables researchers to develop and test algorithms that can accurately categorize and respond to Marathi-language queries, enhancing natural language processing capabilities in the Marathi language.",https://doi.org/10.1007/978-981-10-8569-7_4 (2018),,https://doi.org/10.1109/ICAIS56108.2023.10073689 (2023)
7237,Marathi,Marathi spoken tutorial data,Speech,Speech Recognition/Understanding,"The Marathi spoken tutorial data is used to train a Time-Delay Neural Network (TDNN) acoustic model, specifically to enhance speech recognition accuracy for Marathi language tutorials. This involves utilizing weakly labeled data, which helps in addressing the challenge of limited high-quality labeled data for under-resourced languages like Marathi. The dataset's focus on spoken tutorials provides context-specific training, enabling more accurate recognition in educational settings.",https://doi.org/10.21437/interspeech.2020-3157 (2020),https://spoken-tutorial.org/,
7239,Marathi,Marathi Treebank,Text,Parsing and Tagging,"The Marathi Treebank is used to create a manually annotated linguistic resource for Marathi, utilizing Wikisource stories and Wikipedia articles. This dataset supports dependency parsing and syntactic analysis, enabling researchers to study the grammatical structure and dependencies within Marathi sentences. It facilitates the development and evaluation of natural language processing tools tailored for the Marathi language.; The Marathi Treebank is used to create a manually annotated dependency treebank for Marathi, utilizing texts from Wikisource stories and Wikipedia articles. This dataset supports linguistic analysis by providing structured data for studying syntactic dependencies and grammatical relationships within the Marathi language. It enables researchers to explore specific linguistic phenomena and develop natural language processing tools tailored for Marathi.",https://www.semanticscholar.org/paper/f77ec4c85a8505b9c9502ccbd94f79082a4689d5 (2018),https://github.com/UniversalDependencies/UD_Marathi-UFAL,https://doi.org/10.1145/3548457 (2022)
7242,Marathi,Marathi wiki,Text,Parsing and Tagging,"The Marathi wiki dataset is used to train external word embeddings, which enhance UDPipe's performance in processing Marathi text. Specifically, it improves tokenization, part-of-speech tagging, lemmatization, and parsing. This dataset enables researchers to develop more accurate natural language processing tools for the Marathi language, addressing the need for robust linguistic resources.",https://doi.org/10.18653/v1/K17-3009 (2017),,https://www.semanticscholar.org/paper/f77ec4c85a8505b9c9502ccbd94f79082a4689d5 (2018)
7243,Marathi,Marathi Wikipedia articles,Text,Named Entity Recognition,"The Marathi Wikipedia articles dataset is used to evaluate the performance of named entity recognition systems, specifically focusing on manually tagged named entities within Marathi language articles. This dataset enables researchers to assess the accuracy and effectiveness of NER models tailored for the Marathi language, providing a benchmark for linguistic and computational analysis.",https://doi.org/10.3115/1072399.1072415 (1995),,https://doi.org/10.1145/2389776.2389779 (2012)
7248,Marathi,MODI-HChar dataset,Text,Character Recognition,"The MODI-HChar dataset is utilized to train and test machine learning models for recognizing handwritten Modi characters, addressing script variations and handwriting style differences. It is specifically employed for classifying individual characters in the Modi script, with a focus on enhancing the accuracy and robustness of character recognition algorithms. The dataset's variability in handwriting styles enables researchers to evaluate the performance of these models comprehensively.",,https://www.kaggle.com/datasets/msd6013/modi-hdc-historical-handwritten-modi-script,https://doi.org/10.48550/arXiv.2503.13060 (2025)
7225,Marathi,MOLD,Text,Parsing and Tagging,"The Marathi test set is used to develop and evaluate natural language processing models. It supports the creation of a rule-based POS tagger for Marathi text, particularly in the tourism domain, by providing linguistic data for tagging parts of speech. Additionally, it is used to assess the zero-shot learning capabilities of the XLM-R model, focusing on the impact of language similarity in transfer learning. This dataset enables researchers to improve and evaluate the performance of NLP models in the Marathi language.; The Marathi test set is used to evaluate the performance of the XLM-R model in a zero-shot learning setting, focusing on the impact of language similarity in transfer learning. This dataset enables researchers to assess how well the model can generalize to unseen languages, particularly those with varying degrees of similarity to the training languages.","https://www.semanticscholar.org/paper/78ba2856b30702c4ec0e6ea331616779ee926dc7 (2014), https://doi.org/10.18653/v1/2022.acl-long.62 (2020)",https://github.com/tharindudr/MOLD,https://doi.org/10.1109/ICAC3N56670.2022.10074266 (2022); https://doi.org/10.26615/978-954-452-072-4_050 (2021); https://www.semanticscholar.org/paper/062092a2b27af84b3becffd7439bf8c43574427b (2021)
7254,Marathi,newspapers collected manually from the sports domain of Marathi text,Text,Text Classification,"The dataset of manually collected Marathi sports news articles is used to apply machine learning techniques for text classification. Research focuses on evaluating the effectiveness of various algorithms in categorizing these articles, leveraging the dataset's specific focus on the sports domain to enhance algorithm performance and accuracy.; The dataset of newspapers collected manually from the sports domain of Marathi text is used to apply machine learning techniques for text classification, specifically focusing on evaluating algorithm performance and accuracy in classifying Marathi sports news. This dataset enables researchers to test and refine models tailored to the Marathi language, enhancing the precision of text classification in this domain.",https://doi.org/10.35940/ijitee.b7023.129219 (2019),,https://doi.org/10.1145/3548457 (2022)
7259,Marathi,Raw Speech Corpora,Speech,Speech Recognition/Understanding,"The Raw Speech Corpora dataset is used to develop speech recognition and synthesis systems for Indian languages, including Marathi, emphasizing the quality and diversity of speech data. It also supports linguistic and phonetic analysis, particularly through 89 hours of audio from 307 native Marathi speakers, enabling detailed studies of speech patterns and phonetic features.; The Raw Speech Corpora dataset is used to develop speech recognition and synthesis systems for Indian languages, including Marathi, emphasizing the quality and diversity of speech data. It also supports linguistic and phonetic analysis, particularly through 89 hours of audio from 307 native Marathi speakers, enabling detailed studies of speech patterns and phonetic characteristics.",https://doi.org/10.1007/s10579-020-09523-3 (2021),https://www.ldcil.org/,https://doi.org/10.1145/3548457 (2022)
7260,Marathi,speech Database,Speech,Speech Recognition/Understanding,"The 'speech Database' is used to build an Ahirani Automatic Speech Recognition (ASR) system using Hidden Markov Models (HMMs). It focuses on recognizing 20 isolated words in the Marathi dialect of Ahirani. This dataset enables researchers to develop and test ASR models tailored to this specific dialect, enhancing speech recognition accuracy in localized contexts.",https://www.semanticscholar.org/paper/eb98c1ab0b81187f49905dfa89a85bc7451c5554 (2016),,https://doi.org/10.35940/ijeat.b3832.029320 (2020)
7261,Marathi,SynthMoDe,Text,Script Conversion/Transcription,"The SynthMoDe dataset is used to create a synthetic dataset for transcribing Modi script to Devanagari. It focuses on developing resources for script conversion and transcription, enabling researchers to enhance the accuracy and efficiency of historical document transcription. The dataset's synthetic nature supports the development and testing of transcription algorithms, facilitating advancements in digital humanities and historical text processing.",https://doi.org/10.18280/isi.290311 (2024),https://huggingface.co/datasets/historyHulk/SynthMoDe,https://doi.org/10.48550/arXiv.2503.13060 (2025)
7262,Marathi,TaPaCo corpus,Text,Paraphrasing,"The TaPaCo corpus is used to provide a multilingual paraphrase corpus for 73 languages, including Marathi, extracted from the Tatoeba8 database. It supports linguistic research by offering a large, diverse set of paraphrases, enabling studies on language structure, semantics, and cross-linguistic comparisons. The dataset's multilingual nature facilitates research into how paraphrasing varies across different languages.; The TaPaCo corpus is used to provide multilingual paraphrase data for 73 languages, including Marathi, supporting research on paraphrasing and language understanding. It serves as a source database for extracting paraphrase data, enabling studies to analyze and improve natural language processing systems across diverse linguistic contexts.",https://doi.org/10.5281/ZENODO.3707949 (2020),https://zenodo.org/records/3707949,https://doi.org/10.1145/3548457 (2022)
7263,Marathi,"Test corpus of 1,763 distinct words",Text,Parsing and Tagging,"The dataset of 1,763 distinct words is used to evaluate a hybrid part-of-speech (POS) tagger for Marathi sentences. Researchers focus on assessing the tagging accuracy and performance of the POS tagger, utilizing the dataset to measure its effectiveness in correctly identifying and tagging parts of speech in Marathi text. This enables the refinement and improvement of natural language processing tools for the Marathi language.",https://doi.org/10.1109/ICCICT.2018.8325898 (2018),,https://doi.org/10.1145/3548457 (2022)
7264,Marathi,Treebank for Indian languages,Text,Parsing and Tagging,"The Treebank for Indian languages dataset is used to develop a unified parsing strategy for major Indian languages, including Marathi. Researchers focus on syntactic structures and annotation standards, employing the dataset to enhance parsing accuracy and consistency across these languages. This enables more reliable linguistic analysis and computational processing of Indian languages.; The Treebank for Indian languages dataset is used to develop a unified parsing strategy for major Indian languages, including Marathi. It focuses on syntactic structures and linguistic annotations, enabling researchers to analyze and model the grammatical features of these languages. This dataset supports the creation of more accurate and linguistically informed parsers, enhancing natural language processing capabilities for Indian languages.",https://www.semanticscholar.org/paper/67728616a406409dd804f598aa68afcd88f52870 (2017),,https://doi.org/10.1145/3548457 (2022)
7268,Marathi,Wiki+CommonCrawl (FT-WC),Text,Cross-lingual Representation Learning,"The Wiki+CommonCrawl (FT-WC) dataset is used to train word vectors for multiple languages, including Marathi, with a focus on cross-lingual representation learning. This involves employing methodologies that enable the creation of robust multilingual embeddings, which are crucial for enhancing the performance of natural language processing tasks across different languages. The dataset's extensive multilingual content supports the development of models that can effectively transfer knowledge between languages, facilitating more accurate and contextually rich language understanding and processing.",https://www.semanticscholar.org/paper/0fe73c19513dfd17372d8ef58da0d0149725832c (2018),,https://www.semanticscholar.org/paper/7997d432925aff0ba05497d2893c09918298ca55 (2020)
7273,Min Nan Chinese,Min-Mandarin bilingual speech recordings,Speech,Discourse Segmentation,"The Min-Mandarin bilingual speech recordings dataset is used to study discourse segmentation in Min Nan Chinese, particularly focusing on spontaneous speech from sociolinguistic interviews conducted across Taiwan between 2004 and 2010. This dataset enables researchers to analyze natural language use, providing insights into the structural and contextual elements of Min Nan Chinese discourse.",https://doi.org/10.4000/DISCOURS.5852 (2009),,https://www.semanticscholar.org/paper/ab3d2ba190cb3539e1e363d6c382aebab76ed8e2 (2024)
7274,Min Nan Chinese,Taiwan Southern Min corpus,Text,Parsing and Tagging,"The Taiwan Southern Min corpus is used to fine-tune sequence-to-sequence models for Min Nan Chinese, achieving strong performance even when the language is not part of the base Language Model. It is also utilized to apply state-of-the-art discourse segmentation techniques, enabling detailed analysis of discourse functions in Taiwanese Southern Min. This dataset supports research in natural language processing and linguistic analysis, enhancing the understanding and computational handling of this specific language.",https://www.semanticscholar.org/paper/e37d7fca6c6bdd8bcac8eeb546c218dd9bb10088 (2002),https://sites.ualberta.ca/~johnnewm/TSM/Taiwanese_Southern_Min/TSM.html,https://www.semanticscholar.org/paper/ab3d2ba190cb3539e1e363d6c382aebab76ed8e2 (2024)
7322,Nepali,annotated data from Twitter,Text,Parsing and Tagging,"The annotated data from Twitter is used to study code-switching phenomena in the NEP-EN (Nepali-English) language pair, specifically within social media content. This dataset provides labeled examples of code-switching, enabling researchers to analyze linguistic patterns and develop models for understanding and processing multilingual social media data.",https://www.semanticscholar.org/paper/0ffdee8b9d8eae3bcbf707068ca0aa3ca14cb772 (2012),https://emnlp2014.org/workshops/CodeSwitch/call.html/,https://doi.org/10.3115/v1/W14-3907 (2014)
7324,Nepali,CHiPSAL shared task dataset,Text,Parsing and Tagging,"The CHiPSAL shared task dataset is used to evaluate models on tasks related to processing South Asian languages, with a specific focus on Nepali. It supports research into linguistic challenges and model performance, enabling researchers to assess how well models handle the complexities of Nepali language data.",https://www.semanticscholar.org/paper/050685e0f34903f5bd6d454a771b50f116074761 (2025),https://sites.google.com/view/chipsal/shared-tasks,https://doi.org/10.48550/arXiv.2412.17131 (2024)
7325,Nepali,CombinedNepaliNews,Text,Parsing and Tagging,"The CombinedNepaliNews dataset is used to evaluate the performance of proposed methods against existing ones, specifically focusing on the accuracy of language processing tasks in Nepali news articles. This involves comparing methodologies to enhance the precision and reliability of language processing techniques tailored for the Nepali language. The dataset's relevance lies in its application to improve and benchmark natural language processing (NLP) models for Nepali news content.; The CombinedNepaliNews dataset is used to evaluate the performance of proposed methods in Nepali language processing, specifically comparing these methods against existing models like BERT. This dataset facilitates research by providing a benchmark for assessing the effectiveness of new approaches in handling Nepali text data.",https://doi.org/10.18653/v1/N19-1423 (2019),https://www.kaggle.com/datasets/lotusacharya/nepalinewsdataset,https://doi.org/10.7717/peerj-cs.412 (2021)
7326,Nepali,"corpus containing 42 tags and 1,50,839 words in the Nepali language",Text,Parsing and Tagging,"The dataset, comprising 42 tags and 1,50,839 words in the Nepali language, is used to train a statistical tagger for part-of-speech tagging. This corpus enhances the model's ability to handle linguistic variations, making it effective for accurately tagging parts of speech in Nepali text. The large size and diverse tag set improve the robustness and accuracy of the tagging model.; The dataset, containing 42 tags and 1,50,839 words in the Nepali language, is used to train a statistical tagger for part-of-speech tagging. The large corpus size supports robust model training, enabling accurate identification and classification of word types in Nepali text. This enhances natural language processing capabilities for the Nepali language.",https://doi.org/10.1109/ISACC.2015.7377332 (2015),,https://doi.org/10.1007/s10462-021-10093-1 (2021)
7330,Nepali,corpus for Nepali document,Text,Information Retrieval,"The 'corpus for Nepali document' dataset is used to study information retrieval in the Nepali language, focusing on news articles from various categories such as political, educational, biography, sports, and stock exchange. Researchers employ this dataset to analyze and improve retrieval methods, leveraging its diverse content to address specific challenges in Nepali language processing.",https://doi.org/10.1109/CCCS.2018.8586841 (2018),,
7323,Nepali,dataset by Bam,Text,Named Entity Recognition,"The 'dataset by Bam' is used to train and evaluate named entity recognition (NER) models for Nepali text, particularly focusing on news from political, educational, biographical, sports, and stock exchange domains. It employs support vector machine (SVM) models to identify entities in Nepali language data, enabling researchers to improve NER accuracy in these specific contexts.",https://doi.org/10.4236/IIM.2014.62004 (2014),,https://doi.org/10.1109/CCCS.2018.8586841 (2018)
7327,Nepali,ENeMeme,Multimodal,Hate Speech Detection,"The ENeMeme dataset is used to develop and evaluate models for detecting hate speech in Nepali-English memes. It focuses on multilingual and multimodal content, enabling researchers to address the complexities of hate speech in mixed-language social media posts. This dataset supports the creation of robust models that can accurately identify and mitigate harmful content in diverse linguistic contexts.",https://doi.org/10.1145/3701716.3718389 (2025),https://github.com/therealthapa/crossplatform,
7328,Nepali,enhanced NER corpus,Text,Named Entity Recognition,"The enhanced NER corpus is used to train and evaluate deep learning-based named entity recognition (NER) models specifically for the Nepali language. This dataset enhances model accuracy by providing a larger and more diverse set of annotated data, which is crucial for improving the performance of NER tasks in low-resource languages like Nepali.; The enhanced NER corpus is used to train and evaluate deep learning-based named entity recognition (NER) models specifically for the Nepali language. This dataset focuses on improving the accuracy of NER tasks by providing a rich set of annotated data, enabling researchers to develop more effective models for identifying and classifying named entities in Nepali text.",https://www.semanticscholar.org/paper/8450c495467c30b0d860adec099d18b86821b482 (2014),,https://doi.org/10.1007/s10462-021-10093-1 (2021)
7331,Nepali,ILPRL,Text,Named Entity Recognition,"The ILPRL dataset is used to evaluate the Named Entity Recognition (NER) performance of XLM-RoBERTa, specifically focusing on F1 scores. It leverages self-supervised masked language modeling with dynamic masking and cross-lingual objectives, enabling researchers to assess the model's effectiveness in multilingual settings. This dataset facilitates the analysis of cross-lingual transfer learning and the optimization of NER tasks in low-resource languages.",https://www.semanticscholar.org/paper/077f8329a7b6fa3b7c877a57b81eb6c18b5f87de (2019),https://ilprl.ku.edu.np/,https://www.semanticscholar.org/paper/933802cd80c2249f887a433825a5eae3e66cd7e3 (2024)
7333,Nepali,NAT-CTC,Text,Sentiment Analysis,"The NAT-CTC dataset is used to classify Nepali tweets related to COVID-19 topics, focusing on 12,241 tweets in Devanagari script. It employs a classification methodology to analyze these tweets under eight simplified topics. This dataset enables researchers to understand public sentiment and discourse on COVID-19 in the Nepali language, providing insights into specific issues and concerns expressed on social media.; The NAT-CTC dataset is used for classifying Nepali tweets related to COVID-19 into eight simplified topics. It employs a multi-annotator and multi-label classification approach, enabling researchers to analyze and categorize social media content systematically. This methodology helps address research questions related to public sentiment and information dissemination during the pandemic.",https://doi.org/10.48550/arXiv.2210.05425 (2022),https://github.com/naamiinepal/covid-tweet-classification,
7335,Nepali,Nepali Alzheimer’s disease dataset,Text,Linguistic/Cognitive Research,"The Nepali Alzheimer’s disease dataset is used to study Alzheimer’s disease in Nepali speakers by analyzing manually translated transcripts from 168 AD patients and 98 cognitively normal participants. It serves as the source data for creating the dataset, providing original transcripts that facilitate research into the linguistic and cognitive impacts of Alzheimer’s in this population.",https://doi.org/10.1001/ARCHNEUR.1994.00540180063015 (1994),,https://doi.org/10.1109/ACCESS.2023.3342154 (2023)
7336,Nepali,Nepali CC-100,Text,Parsing and Tagging,"The Nepali CC-100 dataset is used to train and benchmark models for the Nepali language, including the roberta-base-ne model with 12 million sentences. It is also utilized to train a BiLSTM model for part-of-speech tagging and named entity recognition, focusing on the linguistic structure and annotation of the Nepali language. This dataset enables researchers to develop and evaluate natural language processing models specifically tailored for Nepali.",,https://metatext.io/datasets/cc100-nepali,https://doi.org/10.1109/ACCESS.2023.3342154 (2023)
7337,Nepali,Nepali lexicon,Text,Lexicon/Dictionary,"The Nepali lexicon dataset, introduced in 2004, is utilized for foundational Natural Language Processing (NLP) tasks in the Nepali language. It includes root words, head words, pronunciations, parts of speech, synonyms, and idioms. Researchers use this comprehensive resource to develop and enhance NLP systems, focusing on linguistic analysis and language understanding. The dataset's rich lexical content supports the creation of more accurate and contextually aware NLP models for the Nepali language.; The Nepali lexicon dataset, introduced in 2004, serves as a foundational resource for Nepali Natural Language Processing (NLP). It includes root words, head words, pronunciations, parts of speech, synonyms, and idioms. Researchers use this dataset to develop and enhance NLP tools and systems, focusing on linguistic analysis and language technology applications. The comprehensive nature of the lexicon supports the creation of more accurate and contextually rich NLP models for the Nepali language.",https://doi.org/10.4236/IIM.2014.62004 (2014),,https://doi.org/10.1007/s10462-021-10093-1 (2021)
7338,Nepali,Nepali MCQ dataset,Text,Question Answering,"The Nepali MCQ dataset is used to create an extractive QA dataset in Nepali, leveraging its parallel reading comprehension structure. This enhances question generation and answer extraction, focusing on improving natural language processing tasks specific to the Nepali language. The dataset's structured format supports the development of more accurate and contextually relevant QA systems.",https://doi.org/10.18653/v1/2024.acl-long.44 (2023),,https://doi.org/10.3126/kjse.v9i1.78368 (2025)
7339,Nepali,Nepali Monolingual Written Corpus,Text,Parsing and Tagging,"The Nepali Monolingual Written Corpus (NNC), containing over 14 million words, is used to develop linguistic resources and support research in the Nepali language. It facilitates NLP activities and linguistic analyses, including the creation of a tagset through human and automated tagging methods. The corpus, divided into subsets for various applications, supports studies in language education, communication, and core linguistic features, providing a foundational resource for both educational and computational research.",https://doi.org/10.3366/E1749503208000166 (2008),https://catalogue.elra.info/en-us/repository/browse/ELRA-W0076/,https://doi.org/10.1007/s10462-021-10093-1 (2021)
7340,Nepali,Nepali movie review dataset,Text,Sentiment Analysis,"The Nepali movie review dataset is used for sentiment analysis, specifically analyzing 500 text documents from online sources. Researchers employ this dataset to understand the sentiment expressed in Nepali language movie reviews, using methods like text mining and natural language processing. This enables the exploration of public opinion and emotional responses to movies in the Nepali context.",,https://www.kaggle.com/datasets/shikharghimire/nepali-language-sentiment-analysis-movie-reviews,https://www.semanticscholar.org/paper/f34f24b0785524a0540f5252632348fd5d58c0dd (2014)
7341,Nepali,Nepali National Corpus,Text,Parsing and Tagging,"The Nepali National Corpus (NNC), a large-scale monolingual written text dataset containing over 14 million words, is used for developing linguistic resources and NLP activities in the Nepali language. It supports the creation of educational and communication tools through human and automated tagging methods, facilitating the annotation of the corpus. The dataset, systematically scraped from the Ekan-tipur news portal, provides web-based textual content for language analysis, modeling, and the development of a tagset for Nepali, enhancing linguistic and computational research.",https://doi.org/10.3366/E1749503208000166 (2008),https://www.sketchengine.eu/nepali-national-corpus/,https://doi.org/10.1007/s10462-021-10093-1 (2021); https://doi.org/10.1109/ICICT64420.2025.11004703 (2025)
7344,Nepali,Nepali news articles,Text,Summarization,"The Nepali news articles dataset is used to support multilingual summarization research by creating a comprehensive collection of articles through web scraping from online news portals such as BBC Nepali, Kantipur, and Gorkhapatra. This dataset enables researchers to develop and evaluate summarization techniques specifically tailored for the Nepali language, enhancing the accuracy and relevance of automated summaries in multilingual contexts.",https://doi.org/10.18653/v1/2021.findings-acl.413 (2021),https://www.kaggle.com/datasets/ashokpant/nepali-news-dataset-large,https://doi.org/10.48550/arXiv.2409.19566 (2024)
7348,Nepali,Nepali SQuAD,Text,Question Answering,"The Nepali SQuAD dataset is used to adapt machine translation approaches for the Nepali language, specifically focusing on span annotations within a question-answering context. This involves utilizing the dataset's annotated spans to improve the accuracy of machine translation systems in generating correct answers to questions posed in Nepali.",https://doi.org/10.48550/arXiv.2501.05963 (2025),https://huggingface.co/datasets/suban244/squad_v1.1_np,https://doi.org/10.3126/kjse.v9i1.78368 (2025)
7349,Nepali,Nepali WORDNET,Text,Machine Translation,"The Nepali WORDNET dataset is used to build a rich lexical resource for the Nepali language, specifically enhancing machine translation capabilities. It provides semantic relationships between words, which improves the accuracy and context of translations. This dataset enables researchers to develop more sophisticated natural language processing tools for Nepali, addressing the need for better linguistic resources in under-resourced languages.",https://www.semanticscholar.org/paper/4b69af4ab75f8f7ee2de9deef383b6cc38f546bf (2009),,https://doi.org/10.4236/IIM.2013.56018 (2013)
7343,Nepali,NepaliNER,Text,Named Entity Recognition,"The NepaliNER dataset is used to develop and evaluate Named Entity Recognition (NER) systems for the Nepali language. Researchers focus on identifying and classifying named entities in text, employing this dataset to enhance the accuracy and performance of NER models specifically tailored for Nepali. This dataset enables the advancement of natural language processing techniques for under-resourced languages like Nepali.",https://doi.org/10.1109/CIC48465.2019.00031 (2019),https://github.com/dadelani/nepali-ner,https://doi.org/10.1109/ACCESS.2023.3342154 (2023)
7350,Nepali,NepCOV19Tweets,Text,Sentiment Analysis,"The NepCOV19Tweets dataset is primarily used for sentiment analysis of Nepali COVID-19-related tweets. Researchers employ both traditional machine learning classifiers and deep learning methods, such as convolutional neural networks and FastText-based feature extraction, to analyze public reactions and opinions during the pandemic. The dataset enables the optimization of hyper-parameters and the evaluation of model effectiveness in understanding public sentiment.; The NepCov19Tweets dataset is used for sentiment analysis of Nepali COVID-19-related tweets, focusing on public reactions and opinions during the pandemic. Researchers employ FastText-based feature extraction and deep learning methods, such as convolutional neural networks, to classify and analyze the sentiment of these tweets, demonstrating the effectiveness of these techniques in understanding public sentiment.",https://doi.org/10.1155/2021/2158184 (2021),https://www.kaggle.com/datasets/mathew11111/nepcov19tweets,https://doi.org/10.1007/s12652-023-04692-9 (2022); https://doi.org/10.1109/ACCESS.2023.3342154 (2023); https://doi.org/10.1155/2022/5681574 (2022)
7351,Nepali,NepSA,Text,Sentiment Analysis,"The NepSA dataset is used for performing sentiment analysis on Nepali social media texts, particularly focusing on comments from popular Nepali YouTube channels and videos. Researchers employ this dataset to analyze public sentiment, using methods tailored to the nuances of the Nepali language. This enables detailed insights into audience reactions and opinions on specific content.",https://doi.org/10.1109/ASONAM49781.2020.9381292 (2020),https://github.com/merishnaSuwal/nep-off-langdetect,https://doi.org/10.1109/ACCESS.2023.3342154 (2023)
7357,Nepali,OSLR54,Speech,Speech Recognition/Understanding,"The OSLR54 dataset is primarily used for training and enhancing Text-to-Speech (TTS) models and Automatic Speech Recognition (ASR) systems, particularly for Nepali and other South Asian languages. It employs open-source data and methodologies, focusing on improving the quality, robustness, and usability of speech synthesis applications in under-resourced languages. This dataset supports the development of high-quality TTS voices and contributes to advancing voice synthesis capabilities.",https://doi.org/10.21437/SLTU.2018-14 (2018),https://github.com/manishdhakal/ASR-Nepali-using-CNN-BiLSTM-ResNet,https://doi.org/10.48550/arXiv.2402.03050 (2024)
7359,Nepali,Resource Management,Speech,Speech Recognition/Understanding,"The 'Resource Management' dataset is used to train acoustic models for Nepali language continuous speech recognition. Researchers employ Kaldi recipes to enhance the model's performance. This dataset specifically supports the development and improvement of speech recognition systems for the Nepali language, leveraging its acoustic data to refine model accuracy.",https://doi.org/10.1109/ICASSP.1988.196669 (1988),,https://doi.org/10.21437/SLTU.2018-11 (2018)
7360,Nepali,self-created anaphora-annotated data-set,Text,Anaphora Resolution,"The self-created anaphora-annotated dataset is used for anaphora resolution in Nepali, integrating both language-dependent features such as prefix and suffix inflections in nouns and language-independent features. This dataset enables researchers to develop and test algorithms that accurately resolve anaphoric references, enhancing natural language processing capabilities in Nepali.; The self-created anaphora-annotated dataset is used for anaphora resolution in Nepali, integrating both language-dependent features such as prefix and suffix inflections in nouns and language-independent features. This dataset enables researchers to develop and test algorithms that resolve anaphoric references, enhancing natural language processing capabilities in Nepali.",https://doi.org/10.1109/compe49325.2020 (2020),,https://doi.org/10.1007/s10462-021-10093-1 (2021)
7362,Nepali,speech corpora in Nepali,Speech,Speech Synthesis,"The speech corpora in Nepali is used to develop and evaluate multilingual text-to-speech systems, specifically focusing on the Nepali language. Researchers utilize the corpus to investigate phonetic and prosodic characteristics of Nepali speech, enhancing the accuracy and naturalness of synthesized speech. This dataset supports the creation of more linguistically diverse and culturally relevant text-to-speech technologies.",https://www.semanticscholar.org/paper/967db70850f4d79081e750e65aaa4e272cb472ba (2018),,https://doi.org/10.21437/SLTU.2018-11 (2018)
7363,Nepali,test dataset,Text,Language Identification,"The 'test dataset' is used for training and evaluating a language identification system on social media content, specifically tweets and Facebook posts with code-switching between Spanish/English and Nepali/English. It focuses on n-gram prefix patterns to assess the system's robustness and performance on different platforms. This dataset enables researchers to test and improve language identification models in multilingual and code-switching contexts.",https://doi.org/10.3115/v1/W14-3907 (2014),,https://doi.org/10.3115/v1/W14-3916 (2014)
7364,Nepali,transcribed audio data for Nepali Language,Speech,Text-to-Speech,"The transcribed audio data for the Nepali language is used to build Text-to-Speech (TTS) systems, focusing on improving audio-text alignment and pronunciation accuracy. This dataset enables researchers to collect and transcribe Nepali language data, enhancing the development of TTS voices that accurately reflect the nuances of spoken Nepali.",https://doi.org/10.21437/SLTU.2018-14 (2018),https://www.openslr.org/54/,https://www.semanticscholar.org/paper/39b813feea417f7d9fd7c2cbdf36660d5abb9ca1 (2021)
7367,Nepali,YouTube comments,Text,Sentiment Analysis,"The YouTube comments dataset is used for aspect-based sentiment analysis, specifically to detect abusive sentiments in Nepali social media texts. Machine learning techniques are employed to analyze the dataset, which is crucial for understanding and mitigating online abuse in Nepali-language content. The dataset's focus on Nepali language and social media context enables researchers to address specific cultural and linguistic nuances in abusive language detection.",https://doi.org/10.1109/ASONAM49781.2020.9381292 (2020),https://github.com/oya163/nepali-sentiment-analysis,https://doi.org/10.1145/3647782.3647804 (2024)
7393,Nigerian Pidgin,"corpus published in (Deuber, 2005)",Text,Lexicon/Dictionary,"The corpus published in (Deuber, 2005) is used to create a lexicon of Nigerian Pidgin words, focusing on language contact, variation, and change in an African urban setting. Researchers employ the corpus's transcribed files for detailed linguistic analysis, enabling the study of lexical development and sociolinguistic patterns.; The corpus published in (Deuber, 2005) is used to create a lexicon of Nigerian Pidgin words, focusing on language contact, variation, and change in an African urban setting. Researchers employ the corpus's transcribed files for linguistic analysis, enabling detailed examination of lexical items and their usage in context. This dataset facilitates the study of linguistic dynamics and evolution within urban environments.",https://www.semanticscholar.org/paper/df3d90db3450b60e86cb95146629b658eedbc6bb (2005),,https://www.semanticscholar.org/paper/fa01cc42f9d67fd7d50c6e15ba4d9d87cfec3ce3 (2017)
7371,Nigerian Pidgin,CultureBank,Text,Lexicon/Dictionary,"The CultureBank dataset is used to build culturally aware systems by providing culture-specific data to enhance language technologies. This community-driven, online resource focuses on Nigerian Pidgin and related languages, enabling researchers to develop more contextually relevant and linguistically accurate systems.",https://doi.org/10.48550/arXiv.2404.15238 (2024),https://culturebank.github.io/,https://doi.org/10.48550/arXiv.2503.19642 (2025)
7372,Nigerian Pidgin,DiscoNaija,Text,Parsing and Tagging,"The DiscoNaija dataset is used to create a discourse-annotated parallel corpus of Nigerian Pidgin and English. Researchers focus on analyzing syntactic and lexical similarities to infer discourse relations in Nigerian Pidgin. This methodology enables a deeper understanding of the linguistic structure and discourse patterns in Nigerian Pidgin, facilitating comparative linguistic studies and enhancing the annotation of discourse markers in under-resourced languages.",https://doi.org/10.1007/s10579-025-09850-3 (2025),,https://doi.org/10.48550/arXiv.2406.18776 (2024)
7373,Nigerian Pidgin,eBible corpus,Text,Machine Translation,"The eBible corpus is used for translating religious texts into Nigerian Pidgin, serving as a valuable resource for linguistic and cultural studies in under-resourced languages. This dataset supports research by providing authentic translations that enhance understanding of language use and cultural nuances in Nigerian Pidgin.",,https://ebible.org/pcm/,https://doi.org/10.18653/v1/2025.findings-naacl.85 (2024)
7375,Nigerian Pidgin,large corpora of articles in Naijá and English,Text,Linguistic Analysis,"The dataset of large corpora of articles in Naijá and English is used to examine code-switching behavior between Naijá and Nigerian Standard English. Researchers focus on analyzing linguistic patterns and usage in articles and comments, employing corpus linguistics methods to identify and study the specific ways in which speakers switch between these languages. This dataset enables detailed insights into the syntactic and semantic aspects of code-switching, contributing to a deeper understanding of multilingual communication in Nigeria.",https://doi.org/10.18653/v1/P19-1625 (2019),https://blablablab.si.umich.edu/projects/naija/,
7377,Nigerian Pidgin,masakaner-v1,Text,Named Entity Recognition,"The 'masakaner-v1' dataset is used for evaluating Named Entity Recognition (NER) models across multiple African languages, including Nigerian Pidgin (pcm). It focuses on performance metrics and is employed to assess NER model effectiveness in both eastern and western African languages. This dataset enables researchers to compare and improve NER models' accuracy and robustness across diverse linguistic contexts.",https://doi.org/10.18653/v1/2020.acl-main.747 (2019),https://huggingface.co/datasets/masakhane/masakhaner,https://doi.org/10.48550/arXiv.2212.10785 (2022)
7380,Nigerian Pidgin,NaijaHate,Text,Sentiment Analysis,"The NaijaHate dataset is used to evaluate hate speech detection on Nigerian Twitter, specifically addressing regional linguistic diversity and ensuring data representativeness. Researchers employ this dataset to develop and test algorithms that can accurately identify hate speech in the context of Nigerian Pidgin, enhancing the understanding of hate speech dynamics in this linguistic community.",https://doi.org/10.48550/arXiv.2403.19260 (2024),https://huggingface.co/datasets/worldbank/NaijaHate,https://www.semanticscholar.org/paper/2a9d2e03f927800585d72928ea3d88483191b9c9
7382,Nigerian Pidgin,NaijaSenti dataset,Text,Sentiment Analysis,"The NaijaSenti dataset is primarily used for multilingual sentiment analysis, focusing on Nigerian Pidgin and other major Nigerian languages. It employs a Twitter corpus to classify sentiments into positive, negative, and neutral categories. Researchers use it to train, test, and evaluate models like mDeBERTaV3 and AfriBERTa, emphasizing cross-lingual transfer, translation, and the nuances of low-resource languages. The dataset facilitates the investigation of model performance and the complexities of sentiment analysis in Nigerian Pidgin, often using a three-way data split for training, validation, and testing.; The NaijaSenti dataset is primarily used for training and evaluating sentiment analysis models, particularly AfriBERTa and mDeBERTa, in Nigerian Pidgin and other African languages. It provides labeled data for social media and multilingual contexts, enhancing cross-lingual capabilities and model performance. The dataset supports research focused on improving sentiment analysis in African languages, including evaluations and fine-tuning of multilingual models.","https://www.semanticscholar.org/paper/ecd9168526d1a82ac2348c8de52bff6323322da9 (2022), https://doi.org/10.18653/v1/2021.mrl-1.11 (2021)",https://github.com/hausanlp/NaijaSenti,https://doi.org/10.48550/arXiv.2304.06845 (2023); https://doi.org/10.18653/v1/2023.semeval-1.205 (2023); https://doi.org/10.1109/ICMI60790.2024.10585876 (2024); https://doi.org/10.48550/arXiv.2404.18264 (2024); https://www.semanticscholar.org/paper/ecd9168526d1a82ac2348c8de52bff6323322da9 (2022)
7386,Nigerian Pidgin,Nigerian Pidgin English corpus,Text,Parsing and Tagging,"The Nigerian Pidgin English corpus is used to train and evaluate models for various natural language processing tasks, including dependency parsing, sentiment analysis, and named entity recognition. It facilitates machine translation from Nigerian Pidgin to English and supports the development of speech recognition systems, enhancing accuracy in transcribing spoken language. The dataset also aids in analyzing syntactic structures and collecting parallel text, particularly from religious sources, supporting linguistic and computational studies in low-resource languages.",https://doi.org/10.18653/v1/W19-7803 (2019),,https://doi.org/10.18653/v1/2021.conll-1.5 (2021)
7387,Nigerian Pidgin,"NigP extension (Data Science Nigeria, 2020)",Text,Sentiment Analysis,"The NigP extension dataset (Data Science Nigeria, 2020) is used to enhance the VADER sentiment lexicon for Nigerian Pidgin English, specifically to improve sentiment classification in social media contexts. This involves extending the lexicon to better capture the nuances of Nigerian Pidgin, thereby improving the accuracy of sentiment analysis in this language.",https://www.semanticscholar.org/paper/82a0f2f4e839280d7041fc63237ef60340870b7d (2020),https://github.com/DataScienceNigeria/Research-Papers-by-Data-Science-Nigeria/tree/master/Semantic%20Enrichment%20of%20Nigerian%20Pidgin%20English%20for%20Contextual%20Sentiment%20Classification,https://doi.org/10.1111/WENG.12544 (2021)
7388,Nigerian Pidgin,NSC,Text,Linguistic Research,"The NSC dataset is used to conduct corpus-based surveys of Naija, focusing on syntactic and lexical aspects of the language. It supports linguistic research, enabling detailed analyses of the structure and vocabulary of Naija, funded by the French research agency ANR. This dataset facilitates in-depth linguistic studies by providing a rich resource for examining the language's grammatical and lexical features.",https://www.semanticscholar.org/paper/d1eccd9ac0b0dff6cd94f8bc609a812551198742 (2010),https://universaldependencies.org/treebanks/pcm_nsc/index.html,https://doi.org/10.18653/v1/W19-7803 (2019)
7384,Nigerian Pidgin,PidginUNMT,Text,Named Entity Recognition,"The 'newspaper text' dataset is used to develop and evaluate named entity recognition models for Nigerian Pidgin, analyze language use and content in religious magazines, and study linguistic patterns and sociolinguistic factors in newspaper articles. It enables researchers to focus on specific cultural and linguistic aspects, providing insights into the use of Nigerian Pidgin in written media and its sociocultural context.",https://doi.org/10.18653/v1/P19-1625 (2019),https://github.com/keleog/PidginUNMT,https://doi.org/10.48550/arXiv.2404.18264 (2024)
7394,Nigerian Pidgin,speech recognition dataset for Naija,Speech,Speech Recognition/Understanding,"The 'speech recognition dataset for Naija' is used to evaluate sentiment, develop and test speech recognition systems, analyze syntactic structures, and classify named entities in Nigerian Pidgin. Research methodologies include assessing positive, negative, and neutral expressions, improving transcription accuracy, examining dependency relations, and enhancing information extraction. This dataset supports diverse linguistic and computational research, providing a robust resource for understanding and processing Nigerian Pidgin.",https://www.semanticscholar.org/paper/fa01cc42f9d67fd7d50c6e15ba4d9d87cfec3ce3 (2017),https://github.com/hclent/creole-dro,https://doi.org/10.18653/v1/2021.conll-1.5 (2021)
7396,Nigerian Pidgin,UD-Pidgin,Text,Parsing and Tagging,"The UD-Pidgin dataset is used to create a surface-syntactic treebank for Naija, focusing on dependency parsing and syntactic structure analysis. This involves annotating sentences to capture their grammatical dependencies, enabling researchers to study the syntactic properties of Nigerian Pidgin. The dataset facilitates the development and evaluation of computational models for parsing and understanding the language's syntax.",https://doi.org/10.18653/v1/W19-7803 (2019),https://universaldependencies.org/treebanks/pcm_nsc/index.html,https://doi.org/10.18653/v1/2025.findings-naacl.85 (2024)
7397,Nigerian Pidgin,WAPE (BBC),Text,Text Generation,"The WAPE (BBC) dataset is used to evaluate text generation metrics in Nigerian Pidgin, specifically comparing similarity to English. Researchers focus on metrics such as BLEU, ChrF++, and BERTScore to assess the performance and quality of generated Pidgin text. This dataset enables the analysis of these metrics, providing insights into the effectiveness of text generation models in a less-resourced language.",https://doi.org/10.3115/1073083.1073135 (2002),,https://doi.org/10.18653/v1/2025.findings-naacl.85 (2024)
7400,Nigerian Pidgin,YOSM,Text,Sentiment Analysis,"The YOSM dataset is primarily used for fine-tuning sentiment analysis models, particularly for Nigerian Pidgin and Yorùbá languages. It enhances the detection of sentiment in domain-specific contexts such as movie reviews and user opinions, improving the model's ability to understand emotional responses in these creole and African languages. The dataset's focus on specific linguistic nuances and domain relevance makes it valuable for advancing natural language processing techniques in under-resourced languages.",https://doi.org/10.48550/arXiv.2204.09711 (2022),https://github.com/IyanuSh/YOSM,https://doi.org/10.48550/arXiv.2212.10785 (2022)
7402,Northeastern Thai,iAPP,Text,Question Answering,"The iAPP dataset is used to train and evaluate abstractive summarization and question-answering models for Thai local dialects, particularly focusing on Northeastern Thai. It supports multilingual summarization performance and human evaluation methods, providing QA and summarization samples to assess model effectiveness in these specific linguistic contexts.",https://doi.org/10.18653/v1/2021.findings-acl.413 (2021),,https://doi.org/10.48550/arXiv.2504.05898 (2025)
7404,Northern Kurdish,Annotated Gumar Corpus,Text,Parsing and Tagging,"The Annotated Gumar Corpus is used for extracting morphological annotations of nouns and adjectives, focusing on linguistic analysis and evaluating annotation quality. This dataset supports research in morphological structures and annotation methodologies, enhancing the accuracy and reliability of linguistic studies.",https://www.semanticscholar.org/paper/2156f2f4591ebb8d831c95b153b578ab58f1fed3 (2018),,https://doi.org/10.18653/v1/2021.sigmorphon-1.25 (2021)
7405,Northern Pashto,1000 Pashto unique ligatures,Text,Pattern Recognition,"The '1000 Pashto unique ligatures' dataset is used to study Pashto ligature recognition. Researchers focus on creating and analyzing this dataset to understand the formation and visual characteristics of these ligatures. This involves methodologies centered on pattern recognition and linguistic analysis, enabling the development of more accurate computational models for Pashto script processing.",https://doi.org/10.1007/s10586-017-0916-2 (2017),,https://doi.org/10.3390/electronics10202508 (2021)
7406,Northern Pashto,Benchmark Pashto Handwritten Character Dataset,Text,Optical Character Recognition,"The Benchmark Pashto Handwritten Character Dataset is used to develop and evaluate Optical Character Recognition (OCR) systems for handwritten Pashto characters. Researchers focus on deep neural network models, particularly those employing rule activation functions, to improve recognition accuracy. This dataset enables the testing and refinement of these models, addressing the specific challenges of recognizing handwritten Pashto script.",https://doi.org/10.1155/2021/6669672 (2021),,https://doi.org/10.3390/s23136060 (2023)
7412,Northern Pashto,dataset of 8K images covering 1K unique Pashto texts,Multimodal,OCR,"The dataset of 8K images covering 1K unique Pashto texts is used to train and evaluate a robust OCR method for Pashto script. The research focuses on achieving scale, rotation, and location invariances in cursive writing, leveraging the dataset's extensive coverage of unique texts to enhance the OCR system's performance and reliability.",https://doi.org/10.1371/journal.pone.0133648 (2015),,https://doi.org/10.48550/arXiv.2505.10055 (2025)
7409,Northern Pashto,Katib’s Pashto Text Imagebase (KPTI),Text,Text Recognition,"The Katib’s Pashto Text Imagebase (KPTI) dataset is used to benchmark deep learning models for Pashto text recognition. Researchers focus on evaluating the performance of various neural network architectures, introducing new models, and comparing their effectiveness in recognizing Pashto text. This dataset enables the development and refinement of deep learning techniques tailored to the unique characteristics of the Pashto language.",https://doi.org/10.1109/ICFHR.2016.0090 (2016),https://github.com/rahmad77/KPTI,https://doi.org/10.7717/peerj-cs.1925 (2024)
7411,Northern Pashto,Northern Pashto language dataset,Unknown,Not specified,"The Northern Pashto language dataset is inferred to be relevant to the research topic of Northern Pashto language, though specific usage details are not provided. It is likely used to support linguistic studies, potentially involving analysis of language structure, dialectal variations, or sociolinguistic aspects. However, without explicit methodological or application details, the exact research questions and approaches remain unspecified.",https://www.semanticscholar.org/paper/4eb31f206dd4cb2663b520dfdef86d9ae3e532a6 (2015),,https://doi.org/10.22581/MUET1982.2101.14 (2021)
7413,Northern Pashto,Pashto character dataset,Text,Character Recognition,"The Pashto character dataset is used to train and evaluate models, particularly extreme learning machines, for recognizing handwritten Pashto characters. Research focuses on assessing the performance and accuracy of these models, enabling advancements in the recognition of Pashto handwriting.",https://doi.org/10.1007/s11042-019-7330-0 (2019),https://github.com/Dibyasundar/OdiaOCR/tree/master/ELM%20Research%20on%20character,https://doi.org/10.3390/electronics10202508 (2021)
7416,Northern Pashto,Poha,Text,Character Recognition,"The Poha dataset is used for recognizing Pashto handwritten characters through deep learning techniques. It enhances character recognition accuracy and robustness, focusing on improving the performance of character recognition models. This dataset supports research aimed at advancing the capabilities of machine learning algorithms in processing and understanding handwritten Pashto text.",https://doi.org/10.3390/s20205884 (2020),https://www.mdpi.com/1424-8220/20/20/5884,https://doi.org/10.1109/ACCESS.2023.3248508 (2023)
7417,Northern Pashto,POLD dataset,Text,Transfer Learning,"The POLD dataset is used to fine-tune XLM-RoBERTa for transfer learning, specifically focusing on multilingual representation learning. It evaluates the effectiveness of pre-trained models in this context, enabling researchers to assess how well these models adapt to new languages and tasks. This dataset supports the development and testing of advanced natural language processing techniques.",https://www.semanticscholar.org/paper/077f8329a7b6fa3b7c877a57b81eb6c18b5f87de (2019),https://zenodo.org/records/8195797,https://doi.org/10.7717/peerj-cs.1617 (2023)
7420,Northern Sotho,Groot Noord-Sotho Woordeboek (GNS),Text,Lexicon/Dictionary,"The Groot Noord-Sotho Woordeboek (GNS) dataset is used to compare Northern Sotho dictionary entries, specifically focusing on the spelling of loanwords and the consistency in linguistic rules. This involves a detailed analysis of dictionary entries to assess linguistic consistency and the integration of loanwords, enabling researchers to evaluate the standardization of the Northern Sotho language.",,https://books.google.de/books/about/Groot_Noord_Sotho_woordeboek.html?id=PKJCzwEACAAJ&redir_esc=y,https://doi.org/10.1080/02572117.2020.1733838 (2020)
7424,Northern Sotho,NCHLT corpora,Text,Lexicon/Dictionary,"The NCHLT corpora are used to develop text resources for ten South African languages, with a focus on incorporating figurative interpretations into the corpora. This dataset enables researchers to enhance linguistic resources by including idiomatic expressions, thereby improving the accuracy and cultural relevance of language models and tools.",https://www.semanticscholar.org/paper/1a7715e8d41a228f8fc35f7e3f2580988eea9b24 (2014),https://sites.google.com/site/nchltspeechcorpus,https://doi.org/10.4102/LIT.V38I1.1351 (2017)
7426,Northern Sotho,Northern Sotho language dataset,Unknown,Not specified,"The Northern Sotho language dataset is mentioned in research citations but lacks detailed descriptions of its usage. There is no explicit information on specific methodologies, research questions, or characteristics of the dataset. Therefore, it cannot be accurately described how this dataset is used in research based on the provided evidence.",https://www.semanticscholar.org/paper/414f849fcc7303348a2a041601fce724cfa1d021 (2004),,https://doi.org/10.3115/1564508.1564516 (2009)
7430,Northern Sotho,SAfriSenti corpus,Text,Sentiment Analysis,"The SAfriSenti corpus is used to explore sentiment analysis in under-resourced South African languages, particularly in multilingual contexts. It supports AI for Social Good applications by enabling researchers to develop and evaluate sentiment analysis models in these languages. The dataset's focus on multilingual data makes it valuable for enhancing natural language processing capabilities in diverse linguistic environments.",https://www.semanticscholar.org/paper/004849a0e4f8a5de90157c72571763fcd25674ab (2022),,https://doi.org/10.1371/journal.pone.0325102 (2025)
7431,Northern Sotho,Sepedi Corpus,Text,Linguistic Analysis,"The Sepedi Corpus is used to modify boundary marks within the dataset, ensuring alignment with other parts of the corpus for consistent sentence counting. This process facilitates more accurate linguistic analysis by standardizing the structure of the Sepedi data, enabling researchers to conduct reliable comparisons and analyses across different segments of the corpus.",https://doi.org/10.1016/j.specom.2013.07.001 (2014),https://repo.sadilar.org/items/83ad3a3c-e393-43cf-bc54-acaab108aa48,https://doi.org/10.5788/32-2-1698 (2022)
7433,Northern Thai,Northern Thai Dialect Dataset,Text,Summarization,"The Northern Thai Dialect Dataset is used to train and evaluate models for summarization tasks, specifically focusing on the Northern Thai dialect. It supports the development of multilingual abstractive summarization systems, enabling researchers to enhance the performance and accuracy of these models in handling Northern Thai content.",https://doi.org/10.18653/v1/2021.findings-acl.413 (2021),https://github.com/mrpeerat/Thai_local_benchmark,https://doi.org/10.48550/arXiv.2504.05898 (2025)
7512,Odia,17K Odia Wikipedia articles,Text,Language Modeling,"The 17K Odia Wikipedia articles dataset is used to train and test language models for the Odia language, focusing on the development and evaluation of natural language processing tools. Specifically, it supports the training of language models and the testing of their classification performance, with an emphasis on model accuracy. This dataset enables researchers to advance NLP capabilities for Indian languages, particularly Odia.",https://doi.org/10.18653/v1/2020.nlposs-1.10 (2020),https://www.kaggle.com/datasets/disisbig/odia-wikipedia-articles,https://www.semanticscholar.org/paper/6c801b22856ad936deaea8f4299a1d994e76a7f7 (2021)
7513,Odia,50k sentences corpora,Text,Machine Translation,"The 50k sentences corpora dataset is used to translate 50,000 sentences from Hindi into 12 major Indian languages, including Odia, with a focus on health and tourism domains. This translation effort employs a corpus-based approach to ensure linguistic accuracy and cultural relevance. The dataset enables researchers to develop and evaluate translation models, enhancing multilingual communication in specific sectors.",https://doi.org/10.1007/978-3-319-08958-4_43,https://sanskrit.jnu.ac.in/ilci/index.jsp,https://www.semanticscholar.org/paper/7f9c8bf26f5b805f83cbd1f46d85ca53f2f683c8 (2017)
7515,Odia,dataset containing 150 sample per class,Text,Character Recognition,"The dataset containing 150 samples per class is used to train and evaluate models for Odia character recognition. Specifically, it focuses on assessing the performance of models using Discrete Wavelet Transform (DWT) and Principal Component Analysis (PCA). This dataset enables researchers to compare the effectiveness of these techniques in recognizing Odia characters, providing insights into optimal feature extraction methods for this specific language.",https://doi.org/10.1007/978-981-10-6872-0_18 (2018),,https://doi.org/10.1007/s11042-020-09457-6 (2020)
7535,Odia,dataset of 2500 handwritten samples,Handwriting,Recognition and Classification,"The dataset of 2500 handwritten samples is mentioned in the citation context but lacks detailed descriptions of its usage. Therefore, there is no specific evidence to describe its application, methodology, research questions, or enabling capabilities in any particular research area.; The dataset of 2500 handwritten samples is used for Odia numeral recognition and classification. It is specifically employed to train and evaluate machine learning models for Odia language processing. The dataset's large number of handwritten samples enables robust model training and evaluation, enhancing the accuracy of numeral recognition in the Odia language.",https://doi.org/10.1007/s11704-014-3354-9 (2014),,https://www.semanticscholar.org/paper/0c10ef5c9c74ea81ae7bf012bf212c7b3b2379de (2016)
7517,Odia,handwritten Odia numeral dataset,Text,Optical Character Recognition,"The handwritten Odia numeral dataset is used to train and evaluate models for recognizing Odia numerals, achieving high accuracy rates (96.3%) with a dataset of 2500 samples. This dataset enables researchers to develop and test algorithms specifically tailored for Odia numeral recognition, contributing to advancements in Optical Character Recognition (OCR) technology for underrepresented scripts.",https://doi.org/10.1007/s11704-014-3354-9 (2014),,https://doi.org/10.1109/ICINPRO43533.2018.9096757 (2018)
7519,Odia,IITBBS numeral dataset,Text,Pattern Recognition,"The IITBBS numeral dataset is used for numeral classification, focusing on recognizing unconstrained handwritten numerals. Researchers apply BESAC features to enhance recognition accuracy. This dataset enables the development and evaluation of algorithms for numeral recognition, contributing to advancements in handwriting analysis and pattern recognition.",https://doi.org/10.1016/j.patrec.2016.05.031 (2016),https://ieee-dataport.org/documents/iitbbs-ocr-dataset,https://doi.org/10.14569/ijacsa.2024.0150271 (2024)
7522,Odia,ISI Kolkata dataset,Unknown,Not specified,"The ISI Kolkata dataset is mentioned in the citation context of various research papers, but no detailed descriptions of its usage, methodology, research questions, or specific characteristics are provided. Therefore, based on the available information, there is insufficient evidence to describe how this dataset is actually used in research.",https://doi.org/10.1109/ICDAR.2005.183 (2005),,https://doi.org/10.1080/13682199.2022.2163348 (2022)
7524,Odia,Lingua Libre,Speech,Speech Recognition/Understanding,"The Lingua Libre dataset is used to build a public domain voice database for the Odia language, focusing on collecting and processing audio data. This dataset supports linguistic research by providing a resource for analyzing spoken Odia, enabling studies on phonetics, phonology, and speech processing. The dataset's public domain status facilitates accessible and collaborative research efforts.",https://doi.org/10.1145/3487553.3524931 (2022),https://lingualibre.org,https://doi.org/10.1145/3626524 (2023)
7526,Odia,"NIT, RKL handwritten Odia Character",Handwriting,Character Recognition,"The NIT, RKL dataset is used for offline recognition of handwritten Odia characters and numerals, focusing on improving recognition accuracy. Studies employ standard benchmarks to evaluate performance. This dataset enables researchers to develop and test algorithms specifically tailored for recognizing handwritten elements in the Odia language, enhancing the accuracy and reliability of character and numeral recognition systems.",https://link.springer.com/article/10.1007/s11704-014-3354-9 (2014),,https://doi.org/10.1109/CINE.2017.27 (2017)
7527,Odia,NITR OHCSv1,Text,Character Recognition,"The NITR OHCSv1 dataset is used to evaluate feature extraction methods for Odia language character recognition. Researchers focus on assessing the effectiveness of different machine learning models, employing the dataset to compare and analyze various techniques. This enables the development and refinement of algorithms tailored for Odia character recognition, enhancing accuracy and performance in this specific linguistic context.",https://doi.org/10.1007/978-3-319-71767-8_4 (2018),https://ieeexplore.ieee.org/document/7490020,https://doi.org/10.1007/s11042-020-09457-6 (2020)
7531,Odia,Odia master data llama2,Text,Parsing and Tagging,The 'Odia instruction sets' dataset is used to study the structure and usage of Odia language commands in computational tasks. Researchers analyze the syntactic and semantic properties of these instructions to understand how they can be effectively utilized in computational contexts. This dataset enables detailed linguistic analysis and informs the development of Odia-specific computational tools and systems.,,https://huggingface.co/datasets/OdiaGenAI/odia_master_data_llama2,https://doi.org/10.1145/3639856.3639890 (2023)
7534,Odia,Odia Poetry with Sentiment Polarity Information,Text,Sentiment Analysis,"The 'Odia Poetry with Sentiment Polarity Information' dataset is used to enhance feature extraction and improve classification accuracy in sentiment analysis of Odia poetry. It supports the creation of an annotated corpus, enabling researchers to focus on sentiment polarity. This dataset facilitates more accurate sentiment classification and contributes to the development of sentiment analysis models tailored for the Odia language.",https://www.semanticscholar.org/paper/86692421c4a0198cf10935a6466013f7b82a1fa4,,https://www.semanticscholar.org/paper/b9ff097425eb3f169e0479086beb031b84b41e0a (2020)
7533,Odia,Odia-OPUS,Text,Machine Translation,"The Odia-OPUS dataset is used to train machine translation models for the Odia language, specifically aiming to enhance translation quality and coverage across various domains. This dataset enables researchers to develop more accurate and contextually relevant translations, addressing the need for improved linguistic resources in the Odia language.",https://www.semanticscholar.org/paper/e11edb4201007530c3692814a155b22f78a0d659 (2016),https://opus.nlpl.eu/,https://doi.org/10.1162/tacl_a_00452 (2021)
7530,Odia,OdiEnCorp 2.0,Text,Machine Translation,"The ODIA-EN dataset is primarily used to train and evaluate neural machine translation models for the Odia-English language pair. It focuses on improving translation quality and coverage, especially in low-resource settings. The dataset provides multilingual parallel corpora, enhancing the performance of translation systems across various languages, including Odia. This enables researchers to develop more accurate and robust translation models.",https://doi.org/10.1109/ICACCP.2019.8882969 (2019),https://lindat.mff.cuni.cz/repository/xmlui/handle/11234/1-3211,https://doi.org/10.1162/tacl_a_00452 (2021)
7536,Odia,OHCS,Handwriting,Character Recognition,"The OHCS dataset is used for recognizing handwritten atomic Odia characters, evaluating the performance of character recognition algorithms. It consists of 47 classes of Odia alphabets, enabling researchers to focus on the accuracy and efficiency of these algorithms in processing and recognizing specific Odia characters.; The dataset 'OHCS' is mentioned in the citation context but lacks detailed descriptions of its usage, methodology, research questions, or specific characteristics. Therefore, there is insufficient evidence to provide a comprehensive description of how this dataset is actually used in research.",https://doi.org/10.1109/NCVPRIPG.2015.7490020 (2015),,https://doi.org/10.1109/ESIC64052.2025.10962622 (2025); https://doi.org/10.14569/ijacsa.2024.0150271 (2024); https://doi.org/10.1007/s11042-020-09457-6 (2020)
7537,Odia,OHCSv1,Text,Character Recognition,"The OHCSv1 dataset is used to evaluate the performance of SVM, kNN, and BPNN classifiers in recognizing handwritten atomic Odia characters. Research focuses on classification accuracy and performance, utilizing the dataset's characteristics to assess and compare these machine learning models.",https://doi.org/10.1109/NCVPRIPG.2015.7490020 (2015),,https://doi.org/10.1080/13682199.2022.2163348 (2022)
8235,Rundi,AfroDigits,Speech,Speech Recognition/Understanding,"The AfroDigits dataset is used to build a spoken digit dataset for African languages, including Rundi, through a community-based participatory approach. This methodology involves engaging local communities to contribute speech data, addressing the scarcity of African speech corpora. The dataset enables researchers to develop and test speech recognition systems tailored to African languages, enhancing the representation and accuracy of these systems in multilingual contexts.",https://doi.org/10.18653/v1/2020.findings-emnlp.195 (2020),https://huggingface.co/datasets/chrisjay/crowd-speech-africa,https://doi.org/10.48550/arXiv.2303.12582 (2023)
8571,Sadri,A novel comprehensive database for offline Persian handwriting recognition,Text,Handwriting Recognition,"The Sadri dataset is used to evaluate methods for Farsi word-level recognition, particularly in clustering word images in offline handwritten systems. This involves analyzing the effectiveness of the proposed methodologies in recognizing and categorizing handwritten Farsi words, leveraging the dataset's specific characteristics to enhance the accuracy and reliability of recognition algorithms.",https://doi.org/10.1109/IRANIANMVIP.2011.6121550 (2011),,https://doi.org/10.1109/AISP61396.2024.10475269 (2024)
8651,Setswana,104 Setswana books,Text,Linguistic Analysis,"The Rare Tswana Books collection is used to source texts for linguistic analysis, specifically focusing on rare African books written in Setswana from the 1800s. Researchers employ this dataset to study historical linguistic patterns and changes, leveraging the unique historical context and content of these rare books. This enables in-depth analysis of the evolution of the Setswana language over time.",https://doi.org/10.55492/dhasa.v3i03.3819 (2021),,https://doi.org/10.48550/arXiv.2408.02239 (2024)
a,Setswana,African Wordnet Project (AWN),Text,Lexicon/Dictionary,"The African Wordnet Project (AWN) building wordnets for five African languages: Setswana, isiXhosa, isiZulu, Sesotho sa Leboa",https://doi.org/10.4102/lit.v38i1.1351,https://africanwordnet.wordpress.com/,https://www.semanticscholar.org/paper/67b359bb74f77e63fbd828a8ee7c93886e37e776 (2024)
8633,Setswana,Autshumato Machine Translation Evaluation Set,Text,Machine Translation,The comparable evaluation data for use in automatic machine translation evaluations. The evaluation set consists of 500 sentences translated separately by four different professional human translators for each of the 11 official South African languages. This creates a set with four reference translations for each of the 11 languages where each of the texts can be used as an input text as well. This ensures that the evaluation set can be used to evaluate machine translation between any two of the 11 languages.,https://doi.org/10.1016/j.dib.2020.105146 (2020),https://repo.sadilar.org/items/c6b36522-9531-4ec0-9565-17c7524404a0,https://www.semanticscholar.org/paper/67b359bb74f77e63fbd828a8ee7c93886e37e776 (2024)
8629,Setswana,Bloom-lm,Text,Language Processing,"The Bloom-lm dataset is integrated into the Marothodi corpus to enhance the Setswana language dataset, expanding its size, diversity, and multilingual coverage. It supports various NLP tasks, including speech recognition, language processing, and evaluation. The dataset provides additional annotated text, improving the training and quality of linguistic models for Setswana.",https://doi.org/10.48550/arXiv.2303.03750 (2023),https://huggingface.co/bigscience/bloom,https://doi.org/10.18653/v1/2025.naacl-long.338 (2024)
8630,Setswana,CaLMQA,Text,Machine Translation,"The CaLMQA dataset is primarily used to support research in machine translation, question answering, and information retrieval, particularly for under-resourced languages like Setswana. It enhances the performance of machine translation systems, evaluates question-answering and information retrieval systems, and supports cross-lingual transfer learning. The dataset is also utilized for terminology translation, instruction tuning, and topic classification across multiple languages, including Setswana, providing a rich resource for linguistic tasks and improving the handling of low-resource languages.",https://doi.org/10.48550/arXiv.2309.07445 (2023),https://huggingface.co/datasets/shanearora/CaLMQA,https://doi.org/10.18653/v1/2025.naacl-long.338 (2024)
8632,Setswana,Daily News Dikgang,Text,Parsing and Tagging,"The Daily News Dikgang dataset is extensively used in Setswana language research, primarily for training and testing various natural language processing (NLP) models. It contributes to the development of the NCHLT Setswana RoBERTa model by providing a large, diverse corpus of Setswana text, enhancing the model's robustness and performance. The dataset is also utilized for tasks such as automatic speech recognition, text-to-speech synthesis, news classification, named entity recognition, lemmatization, and part-of-speech tagging, focusing on improving the accuracy, quality, and linguistic diversity of these systems.",https://www.semanticscholar.org/paper/1a7715e8d41a228f8fc35f7e3f2580988eea9b24 (2014),https://huggingface.co/datasets/dsfsi/daily-news-dikgang,https://doi.org/10.18653/v1/2025.naacl-long.338 (2024)
8638,Setswana,JW300 monolingual dataset for Setswana,Text,Language Modeling,"The JW300 monolingual dataset for Setswana is used as an input corpus for Setswana language processing, specifically to support language modeling and other NLP tasks. It provides monolingual text that facilitates the development and evaluation of algorithms and models tailored for the Setswana language. This dataset enables researchers to enhance the performance and accuracy of NLP applications in Setswana.",https://www.semanticscholar.org/paper/7a0640db17b461b75df21f737154ad0f6d43e9de (2020),,https://doi.org/10.48550/arXiv.2310.09141 (2023)
8641,Setswana,Lwazi ASR corpus,Unknown,Not specified,"The dataset 'Lwazi' is mentioned in the citation context but lacks detailed descriptions of its usage, methodology, research questions, or specific characteristics. Therefore, there is insufficient evidence to provide a comprehensive description of how this dataset is actually used in research.",https://doi.org/10.21437/Interspeech.2009-760 (2009),https://huggingface.co/datasets/dsfsi/lwazi-asr-corpus-compressed,https://www.semanticscholar.org/paper/33776a7747eb157c2dd70b1283d83f0533569ce9 (2014)
8643,Setswana,Marothodi,Text,Language Modeling,"The Marothodi dataset is used to train Pula models, specifically focusing on the Setswana language. An altered version of the dataset is combined with another dataset to total approximately 2.3 billion tokens. This combination enhances the training data, enabling more robust and accurate language modeling for Setswana.",https://doi.org/10.1145/3394486.3406703 (2020),https://huggingface.co/datasets/OxxoCodes/Marothodi,https://doi.org/10.18653/v1/2025.naacl-long.338 (2024)
8646,Setswana,MMLU-tsn,Text,Evaluation and Development,"The MMLU-tsn dataset is used to evaluate and develop multitask language understanding in Setswana, focusing on domain-specific vocabulary, complex tasks, and problem-solving skills. It translates benchmarks like MMLU and GSM8K to assess models' performance in linguistic accuracy, numerical reasoning, and logical thinking. The dataset enables researchers to measure models' capabilities in handling complex, contextually appropriate tasks and solving arithmetic problems in Setswana.",https://www.semanticscholar.org/paper/65906e6027246ae9e4ecd18d6e019a24505c842e (2020),https://huggingface.co/datasets/OxxoCodes/mmlu-tsn,https://doi.org/10.18653/v1/2025.naacl-long.338 (2024)
8647,Setswana,NCHLT corpus,Text,Corpus Building,"The NCHLT dataset is used to provide high-quality Setswana language data for the SetsText project, comprising over eight million tokens from diverse sources such as government documents, books, educational materials, and online content. It serves as a foundational resource, enhancing the quality and breadth of Setswana language datasets, though specific methodological details are not provided.; The NCHLT corpus is used to train and evaluate the Setswana language dataset, focusing on verifying trends and the final selection of corpus metadata. This dataset enables researchers to refine and validate the metadata associated with the Setswana language, ensuring its accuracy and relevance for linguistic studies.","https://doi.org/10.48550/arXiv.2310.09141 (2023), https://www.semanticscholar.org/paper/d77cdbb1c4a7e1707c32a1c6db2b1e7ddf351483 (2013)",https://huggingface.co/datasets/nwu-ctext/nchlt,https://doi.org/10.48550/arXiv.2408.02239 (2024); https://www.semanticscholar.org/paper/33776a7747eb157c2dd70b1283d83f0533569ce9 (2014)
8655,Setswana,NCHLT speech corpus of the South African languages,Speech,Speech Recognition/Understanding,"The Setswana dataset is used as a reference for carefully enunciated speech in the GlobalPhone corpus, contrasting with the more natural, conversational speech found in the Fisher corpus. This comparison helps researchers analyze differences in speech patterns and pronunciation clarity, aiding in the development and evaluation of speech recognition systems.",https://doi.org/10.21437/ICSLP.1992-277 (1992),https://sites.google.com/site/nchltspeechcorpus,https://www.semanticscholar.org/paper/33776a7747eb157c2dd70b1283d83f0533569ce9 (2014)
8648,Setswana,No Language Left Behin (NLLB),Text,Machine Translation,"The NLLB dataset is used to enhance cross-lingual capabilities in natural language processing. It supports the creation of parallel corpora and multilingual models, facilitating entity recognition, sentence alignment, and machine translation. The dataset's multilingual nature, including potential Setswana content, enables researchers to develop and evaluate cross-lingual transfer learning and multilingual NLP systems.",https://doi.org/10.48550/arXiv.2207.04672 (2022),https://github.com/facebookresearch/fairseq/tree/nllb,https://doi.org/10.48550/arXiv.2408.02239 (2024)
8650,Setswana,Puo-Data,Text,Language Modeling,"Puo-Data is used as the largest curated Setswana text collection to train and evaluate PuoBERTa, a language model specifically developed for Setswana. This dataset enables researchers to focus on the development and improvement of natural language processing capabilities for the Setswana language, enhancing the performance and accuracy of language models in this domain.",https://doi.org/10.18653/v1/P19-1310 (2019),https://huggingface.co/datasets/dsfsi/PuoData,https://doi.org/10.18653/v1/2025.naacl-long.338 (2024)
8652,Setswana,SABC News,Text,Machine Translation,"The SABC News dataset is used to train and evaluate machine translation models, specifically for translating between Setswana and English within the news domain. This dataset enables researchers to focus on improving translation accuracy and fluency in news-specific contexts, leveraging its news domain data to enhance model performance.",https://www.semanticscholar.org/paper/24ac368d08765dfad920ceefb79fba7bfe81d83c (2021),https://github.com/masakhane-io/lafand-mt,https://doi.org/10.48550/arXiv.2205.02022 (2022)
8653,Setswana,SADiLaR NER dataset,Text,Named Entity Recognition,"The SADiLaR NER dataset is used to evaluate the performance of a CNN model for Setswana Named Entity Recognition, focusing on metrics like F1-Score. It is employed to compare the effectiveness of the CNN model against baseline models, enabling researchers to assess improvements in recognizing named entities in the Setswana language.",https://doi.org/10.59200/icarti.2023.024 (2023),https://thesai.org/Publications/ViewPaper?Volume=16&Issue=2&Code=ijacsa&SerialNo=49,https://doi.org/10.14569/ijacsa.2025.0160249 (2025)
8654,Setswana,SAfriSenti,Text,Sentiment Analysis,"The SAfriSenti dataset is used to develop sentiment analysis models for South African under-resourced languages, focusing on applications in AI for Social Good. Researchers employ this dataset to explore and enhance AI capabilities in social contexts, leveraging its annotated sentiment data to build more inclusive and effective natural language processing systems.",https://www.semanticscholar.org/paper/004849a0e4f8a5de90157c72571763fcd25674ab (2022),,https://doi.org/10.1371/journal.pone.0325102 (2025)
8658,Setswana,"Setswana Universal Declaration of Human Rights (Nations, 1998)",Text,Machine Translation,"The 'Setswana Universal Declaration of Human Rights (Nations, 1998)' dataset is primarily used for training and evaluating machine translation models, particularly for low-resource and multilingual settings, including Setswana. It supports tasks such as long-form question answering, topic classification, and parallel text translation. The dataset enhances model performance by providing a rich resource for under-resourced African languages, improving translation quality and linguistic feature analysis. It is also used for multilingual pre-training, OCR, and reformatting to support digital analysis and educational content.",,https://www.ohchr.org/en/human-rights/universal-declaration/translations/southern-sothosothosesothosutusesutu,https://doi.org/10.18653/v1/2025.naacl-long.338 (2024)
8657,Setswana,Setswana-OPUS,Text,Training and Evaluation,"The Setswana-OPUS dataset is used to gather monolingual input corpora for Setswana, specifically for training and evaluation purposes in research projects starting in 2020. This dataset enables researchers to develop and assess natural language processing models tailored for the Setswana language, focusing on improving their performance and accuracy.",https://www.semanticscholar.org/paper/7a0640db17b461b75df21f737154ad0f6d43e9de (2020),https://opus.nlpl.eu/,https://doi.org/10.48550/arXiv.2310.09141 (2023)
8656,Setswana,South African Cabinet Speeches,Text,Language Modeling and Analysis,"The Setswana Cabinet Speeches dataset is used to enhance linguistic resources for Setswana by providing a rich text corpus for language modeling and analysis. It is also utilized to study official government communications in Setswana, focusing on formal language use and policy discourse. This dataset enables researchers to analyze and model the formal and structured nature of Setswana as used in governmental contexts.",https://doi.org/10.48550/arXiv.2303.03750 (2023),https://huggingface.co/datasets/dsfsi/gov-za-monolingual,https://doi.org/10.48550/arXiv.2310.09141 (2023)
8659,Setswana,United States Peace Corps’ Intro to Spoken Setswana,Speech,Machine Translation,"The United States Peace Corps’ Intro to Spoken Setswana dataset is used as a foundational reference for spoken Setswana, providing language lessons and cultural context. It is employed to validate translations of human rights concepts, ensuring accuracy and cultural relevance. Additionally, the dataset is used to train and evaluate machine translation models, focusing on practical language skills and cultural nuances. This enables researchers to enhance the precision and applicability of Setswana translations and language models.",https://www.semanticscholar.org/paper/2edbe6cb5a4bed33ee703079241b58146dd1d327 (1987),https://files.peacecorps.gov/multimedia/audio/languagelessons/botswana/Bw_Setswana_Language_Lessons.pdf,https://doi.org/10.48550/arXiv.2408.02239 (2024)
a,Setswana,Vuk’uzenzele,Text,Not specified,The dataset contains editions from the South African government magazine Vuk'uzenzele. Data was scraped from PDFs that have been placed in the data/raw folder. The PDFS were obtained from the Vuk'uzenzele website.,https://doi.org/10.18653/v1/2023.rail-1.3,https://github.com/dsfsi/vukuzenzele-nlp,https://www.semanticscholar.org/paper/67b359bb74f77e63fbd828a8ee7c93886e37e776 (2024)
8660,Setswana,Vuk’zenzele Setswana Corpora,Text,Language Modeling and Analysis,"The Vuk’zenzele Setswana Corpora is utilized to analyze linguistic patterns in official communications, particularly in political discourse, and to enhance linguistic resources for the Setswana language. This rich text corpus supports language modeling and analysis, providing valuable data for understanding and improving the use of Setswana in formal contexts.",https://doi.org/10.48550/arXiv.2303.03750 (2023),https://huggingface.co/datasets/dsfsi/vukuzenzele-monolingual,https://doi.org/10.48550/arXiv.2310.09141 (2023)
8661,Setswana,Wikipedia Corpus (XML Wikipedia dumps: 11 September 2017),Text,Word Embeddings,"The Wikipedia Corpus (XML Wikipedia dumps: 11 September 2017) is used to train word embeddings for multiple languages, including Setswana, in a 300-dimensional space. These embeddings are utilized to initialize word embeddings for various languages, excluding isiNdebele, enhancing natural language processing tasks by providing pre-trained linguistic representations.",https://www.semanticscholar.org/paper/0fe73c19513dfd17372d8ef58da0d0149725832c (2018),https://dumps.wikimedia.org/,https://doi.org/10.3390/info11010041 (2020)
8662,Setswana,WordSim,Text,Lexicon/Dictionary,"The WordSim dataset is used to evaluate the effectiveness of cross-lingual embeddings for Setswana and Sepedi, focusing on intrinsic evaluations of lexical and semantic similarity. It provides word pairs with human-rated similarities, enabling researchers to assess word embeddings in semantic similarity and relatedness tasks. This dataset supports the development and evaluation of models that capture semantic relationships between words in these languages.",https://www.semanticscholar.org/paper/fcf816d9e7b804f4201e4cbf5437e62d683c8a8e (2018),https://zenodo.org/record/5673974,https://doi.org/10.55492/dhasa.v3i03.3822 (2021)
a,Setswana,ZA-gov-multilingual,Text,Not specified,The dataset contains editions from the South African government magazine Vuk'uzenzele. Data was scraped from PDFs that have been placed in the data/raw folder. The PDFS were obtained from the Vuk'uzenzele website.,https://doi.org/10.18653/v1/2023.rail-1.3,https://github.com/dsfsi/gov-za-multilingual,https://www.semanticscholar.org/paper/67b359bb74f77e63fbd828a8ee7c93886e37e776 (2024)
8666,Sindhi,"Corpus (Rahman, 2010)",Text,Parsing and Tagging,"The Corpus (Rahman, 2010) is utilized for enhancing Sindhi language processing capabilities through downstream NLP tasks. It provides 100K tokens to improve language technology tools and contains 4.1M tokens for developing specific tasks such as POS tagging and named-entity recognition. This dataset enables researchers to build and refine models for Sindhi, addressing the need for robust language processing resources in this domain.",https://doi.org/10.18653/v1/N16-2008 (2016),,https://doi.org/10.48550/arXiv.2408.15720 (2024)
8667,Sindhi,database for Sindhi language,Text,OCR,"The Sindhi language dataset is used to store and process Sindh image text, supporting OCR systems for recognizing both handwritten and printed Sindhi letters. It is essential for developing and evaluating OCR systems, particularly addressing the lack of multi-font and multi-size printed Sindhi character recognition systems. This dataset enables researchers to improve the accuracy and robustness of Sindhi script OCR technologies.",https://doi.org/10.1109/ICETAS.2018.8629110 (2018),,https://www.semanticscholar.org/paper/15f224b4725a363f11f40474a851dc250cda9638 (2019)
8668,Sindhi,Emotion-Pak Corpus,Unknown,Not specified,"The Emotion-Pak Corpus is mentioned in research citations but lacks detailed descriptions of its usage. Therefore, there is no specific evidence to describe its application, methodology, research questions, or enabling capabilities in any particular research area.",https://doi.org/10.48084/ETASR.3193 (2019),https://zenodo.org/records/3566598,https://doi.org/10.1109/CISCE52179.2021.9445883 (2021)
8669,Sindhi,isolated handwritten Sindhi characters,Text,Character Recognition,"The isolated handwritten Sindhi characters dataset is used to train and evaluate deep residual neural networks for recognizing these characters. This approach achieves 94% accuracy, addressing the specific research question of improving recognition rates for isolated handwritten Sindhi characters. The dataset's focus on individual characters is crucial for this task, enabling precise evaluation of model performance in this domain.",https://doi.org/10.17485/ijst/v13i25.914 (2020),https://indjst.org/articles/deep-learning-based-isolated-handwritten-sindhi-character-recognition,https://doi.org/10.1109/FIT60620.2023.00033 (2023)
8670,Sindhi,lexicon database,Unknown,Lexicon/Dictionary,"The 'lexicon database' dataset is mentioned in the citation context but lacks detailed descriptions of its usage, methodology, research questions, or specific characteristics. Therefore, there is insufficient evidence to provide a comprehensive synthesis of how this dataset is actually used in research.",,https://www.sindhinlp.com/,https://doi.org/10.1109/INMIC48123.2019.9022770 (2019)
8672,Sindhi,POS annotated corpus of 37162 words,Text,Not specified,"The 'POS annotated corpus of 37162 words' is mentioned in research citations but lacks detailed descriptions of its usage. No specific methodologies, research questions, or applications are provided. Its role in enabling research is unclear from the given information. The dataset's characteristics and relevance to any particular research area are not specified.",https://www.semanticscholar.org/paper/887d8d4bae488941d9a3a26ec39122abc84fad79 (2010),,https://www.semanticscholar.org/paper/a6fbd88a5991c8a767c9d14a0089772f9f4c48f7 (2016)
8673,Sindhi,POS tagged corpus of Sindhi-Devanagari,Text,Parsing and Tagging,"The POS tagged corpus of Sindhi-Devanagari is used to compare the size and utility of Sindhi-Devanagari and Sindhi-Roman corpora, focusing on part-of-speech tagging, token count, and sentence numbers. It is also employed to train and evaluate part-of-speech tagging models for Sindhi in both Devanagari and Roman scripts, emphasizing linguistic accuracy and coverage. This dataset facilitates research by providing a standardized resource for linguistic analysis and model evaluation.",https://doi.org/10.13140/RG.2.2.35194.03524 (2019),,https://doi.org/10.26615/issn.2603-2821.2021_004 (2021)
8665,Sindhi,Qaida,Unknown,Not specified,"The dataset '18 thousand ligatures across 256 distinct fonts' is mentioned in the citation context but lacks detailed usage descriptions. Therefore, there is no specific evidence to describe its application, methodology, research questions, or enabling capabilities in any particular research area.",https://www.semanticscholar.org/paper/d38e613ae12e9073b4e8feefae360a6ea8d0ad44 (2020),https://github.com/AtiqueUrRehman/qaida,https://doi.org/10.1109/FIT60620.2023.00033 (2023)
8674,Sindhi,SDSEG,Text,Parsing and Tagging,"The SDSEG dataset is used to evaluate model performance in cross-lingual word segmentation and morpheme segmentation tasks, focusing on precision, recall, and F1-score metrics. It serves as a benchmark for sequence labelling approaches, enabling researchers to assess and compare the effectiveness of different models in these linguistic tasks.; The SDSEG dataset is used to evaluate precision, recall, and F1-scores for cross-lingual word and morpheme segmentation tasks. It enables researchers to assess the performance of segmentation models across different languages, providing a standardized benchmark for comparing experimental results. The dataset's focus on morphological analysis supports the development and refinement of natural language processing techniques.",https://www.semanticscholar.org/paper/867fd4ef5ed039761ac7ece131bc42daac5280a5 (2017),,https://doi.org/10.1109/ACCESS.2024.3507382 (2020)
8676,Sindhi,Sindhi News Headlines Dataset (SNHD),Text,Parsing and Tagging,"The Sindhi news headline classification dataset is used to evaluate advanced models in Sindhi language processing, particularly for part-of-speech tagging. It consists of 2,800 headlines categorized into five topics: Entertainment, Sports, Science and Technology, International, and National. This dataset enables researchers to assess model performance in classifying Sindhi headlines, contributing to the development of more accurate natural language processing techniques for the Sindhi language.",https://doi.org/10.17485/ijst/2019/v12i33/146130 (2019),,https://doi.org/10.1109/ACCESS.2025.3576853 (2025)
8677,Sindhi,Sindhi printed dataset,Text,Character Recognition,"The Sindhi printed dataset is used to train and evaluate character recognition models, focusing on the effectiveness of different thinning algorithms. This dataset enables researchers to analyze and compare various thinning techniques in character recognition tasks, contributing to the development of more accurate and efficient recognition systems.",https://doi.org/10.5815/ijitcs.2019.06.02 (2019),,
8679,Sindhi,Sindhi text sentiment analysis dataset,Text,Sentiment Analysis,"The Sindhi text sentiment analysis dataset is used for evaluating sentiment classification models in the Sindhi language. It consists of 19 attributes and 6841 records, enabling researchers to assess the performance of various sentiment analysis techniques specifically tailored for Sindhi text. This dataset supports the development and refinement of models that can accurately classify sentiments in Sindhi language data.",https://doi.org/10.14569/IJACSA.2017.081038 (2017),,https://doi.org/10.1016/j.dib.2018.05.062 (2018)
8680,Sindhi,Sindhi Tweets Dataset,Text,Parsing and Tagging,"The Sindhi Tweets Dataset is utilized for syntactic parsing and part-of-speech tagging, providing annotated data for training and evaluating NLP models. It serves as a benchmark for comparing POS tagging models in Sindhi. Additionally, the dataset is employed for sentiment analysis of Sindhi tweets using supervised machine learning techniques, enabling the classification of sentiments in social media content and the analysis of syntactic and morphological structures in annotated text.",https://doi.org/10.1109/INMIC48123.2019.9022770 (2019),,https://doi.org/10.1109/ACCESS.2025.3576853 (2025)
8681,Sindhi,SiNER,Text,Named Entity Recognition,"The SiNER dataset is used to evaluate and analyze Named Entity Recognition (NER) performance in the Sindhi language. It focuses on assessing the effectiveness of a Conditional Random Fields (CRF)-based approach for sequence labeling, specifically tailored for Sindhi language processing. This dataset enables researchers to measure and improve the performance of NER models in the context of Sindhi, contributing to advancements in Sindhi language technology.",https://doi.org/10.1561/2200000013 (2010),https://github.com/AliWazir/SiNER-dataset,https://www.semanticscholar.org/paper/35c6bcc3a86023f95b6be40aa6eddf8df52c027d (2020)
8684,Sindhi,unlabeled Sindhi text corpus,Text,Unsupervised Learning,"The 'unlabeled Sindhi text corpus' is mentioned in research citations but lacks detailed descriptions of its usage. There is no explicit information on specific methodologies, research questions, or applications involving this dataset. Its role and impact in research are not clearly defined based on the provided evidence.; The unlabeled Sindhi text corpus is used in research to develop and evaluate unsupervised models for Sindhi language processing. This dataset enables researchers to focus on the performance of unsupervised methods, providing a resource to test and refine algorithms without labeled data. The corpus supports the exploration of natural language processing techniques specific to the Sindhi language, enhancing the understanding and capabilities of computational models in this linguistic context.",,,https://doi.org/10.1109/ACCESS.2024.3507382 (2020)
8685,Sindhi,Urdu-Sindhi SER,Speech,Speech Recognition/Understanding,"The Urdu-Sindhi SER dataset is used to train and evaluate models for speech emotion recognition in both Sindhi and Urdu, particularly focusing on low-resource languages. It contains 701 audio files for Sindhi and 734 for Urdu, enabling researchers to develop and test algorithms that can accurately recognize emotions in spoken language. This dataset supports the advancement of speech processing techniques in underrepresented linguistic contexts.",https://doi.org/10.14569/ijacsa.2020.01104104 (2020),,https://doi.org/10.1109/CISCE52179.2021.9445883 (2021)
8686,Sindhi,Wiki-dumps (2016),Text,Parsing and Tagging,"The Wiki-dumps (2016) dataset is utilized for enhancing Sindhi language processing capabilities through downstream NLP tasks. It provides 100K tokens and contains 4.1M tokens, which are used to develop language technology tools such as POS tagging and named-entity recognition. This dataset enables researchers to improve the accuracy and efficiency of Sindhi language technology applications.",https://doi.org/10.32350/LLR/11/04 (2015),https://dumps.wikimedia.org/,https://doi.org/10.48550/arXiv.2408.15720 (2024)
8817,Somali,CC100-Somali Dataset,Text,Information Retrieval,"The CC100-Somali Dataset is used to enhance multilingual language models and corpora, specifically enriching the Somali subset with diverse and representative content. It integrates web-crawled, news, and literary texts to improve the quality and coverage of Somali language data. This dataset supports cross-lingual representation learning, language processing, and evaluation, particularly in cross-lingual information retrieval tasks. Its large scale and varied content make it valuable for building comprehensive and contextually rich Somali language corpora.",https://doi.org/10.18653/v1/2020.acl-main.747 (2019),https://github.com/facebookresearch/cc_net,https://doi.org/10.48550/arXiv.2503.18117 (2025)
8823,Somali,CIRAL dataset (Somali subset),Text,Information Retrieval,"The Somali Books dataset is used to enhance multilingual language models and corpora, specifically by increasing the diversity and volume of Somali language data. It integrates news articles, web-crawled content, and literary texts to improve the representativeness and linguistic variety of the Somali subset. This dataset is crucial for evaluating cross-lingual information retrieval (CLIR) performance, focusing on the effectiveness of Somali language processing in these tasks.",https://doi.org/10.1145/3626772.3657884 (2024),https://github.com/ciralproject/ciral,https://doi.org/10.48550/arXiv.2503.18117 (2025)
8818,Somali,IARPA MATERIAL,Text,Information Retrieval,"The IARPA MATERIAL dataset is used to collect documents from blogs, news, and topical texts in six less-resourced languages, facilitating cross-language information retrieval research. This dataset supports methodologies focused on retrieving and analyzing information across different languages, enhancing the ability to access and understand content in less-resourced linguistic contexts.",https://www.semanticscholar.org/paper/de02a7e9c5e0eeb2cab4d7dd810e5e573327a2f5 (2020),,https://doi.org/10.1145/3626772.3657884 (2024)
8824,Somali,LORELEI language packs,Text,Named Entity Recognition,"The SomaliST dataset is used to train and evaluate named entity recognition (NER) models specifically for the Somali language, with a focus on identifying entities in government-related texts. This dataset enables researchers to develop and test NER systems that can accurately recognize and categorize named entities such as organizations, locations, and individuals in Somali-language documents, enhancing the processing and analysis of government-related content.",https://www.semanticscholar.org/paper/5a0cc05753097721d2c6397d7a7ad0ce4acf4569 (2016),https://dss.princeton.edu/catalog/resource4916,https://doi.org/10.1162/tacl_a_00416 (2021)
8820,Somali,Masakhane News Dataset (the Somali subset),Text,Information Retrieval,"The Masakhane News Dataset (Somali subset) is used to enhance the quality and coverage of Somali language data in multilingual corpora. It integrates news articles and web-crawled data to increase linguistic diversity and representativeness. The dataset is also utilized to evaluate cross-lingual information retrieval (CLIR) performance, focusing on the effectiveness of Somali language processing in these tasks.",https://doi.org/10.18653/v1/2021.mrl-1.11 (2021),https://github.com/masakhane-io/masakhane-news,https://doi.org/10.48550/arXiv.2503.18117 (2025)
8825,Somali,WCS,Text,Linguistic Analysis,"The WCS dataset is used in linguistic research to classify and compare Somali color terms with universal color categories. It provides a standard set of 11 color categories, enabling researchers to analyze the distribution and deployment of Somali color names, such as buluug, in relation to English and other languages. This facilitates comparative linguistic analysis and the examination of universal patterns in color naming.",https://doi.org/10.1073/pnas.0607708103 (2006),https://linguistics.berkeley.edu/wcs/data.html,https://doi.org/10.1167/16.5.14 (2016)
8827,Southern Kurdish,audio samples for Southern Kurdish,Speech,Speech Recognition/Understanding,"The dataset of audio samples for Southern Kurdish is used to collect 11 hours of audio data, primarily from radio and television content, for spoken dialect recognition. This dataset enables researchers to focus on the specific characteristics of Southern Kurdish dialects, enhancing the accuracy of speech recognition systems tailored to this language.",https://doi.org/10.1007/978-3-030-87802-3_5 (2021),,https://doi.org/10.48550/arXiv.2304.01319 (2023)
8828,Southern Kurdish,Pewan corpus,Text,Linguistic Analysis,"The Pewan corpus is used to analyze linguistic patterns and statistical properties, specifically focusing on the rank-size distribution for Northern and Central Kurdish. Researchers employ statistical methods to examine the frequency and distribution of linguistic elements, enabling insights into the structural characteristics of these dialects. This dataset facilitates a quantitative approach to understanding Kurdish language dynamics.",https://www.semanticscholar.org/paper/0657ee32d949a1f8bb98362f4e539c8db03d52c5 (2020),https://dl.dropbox.com/u/10883132/Pewan.zip,https://doi.org/10.48550/arXiv.2304.01319 (2023)
8829,Southern Kurdish,Shaqlawa,Text,Linguistic Analysis,"The Shaqlawa dataset is used to study Southern Kurdish folklore and linguistic patterns, specifically focusing on traditional stories and dialect variations. Researchers employ qualitative analysis to explore the cultural and linguistic nuances within these texts, enabling a deeper understanding of Southern Kurdish oral traditions and dialectal differences.",,,https://doi.org/10.1515/flin-2024-2049 (2024)
8836,Southern Sotho,NCHLT corpus,Unknown,Not specified,"The NCHLT corpus is mentioned in research citations but lacks detailed descriptions of its usage, methodology, or specific research applications. There is no explicit information on how it is employed in studies or its relevance to particular research questions or characteristics.",https://www.semanticscholar.org/paper/d77cdbb1c4a7e1707c32a1c6db2b1e7ddf351483 (2013),https://sites.google.com/site/nchltspeechcorpus/,https://www.semanticscholar.org/paper/33776a7747eb157c2dd70b1283d83f0533569ce9 (2014)
8842,Southern Sotho,Southern Sotho vowels dataset,Speech,Phonetic Analysis,"The Southern Sotho vowels dataset is used to evaluate eight normalization procedures on vowel formants, aiming to reduce speaker-specific variability while retaining age and ethnicity information. Comprising 4,434 vowel tokens from twelve speakers balanced by gender, age, and locality, the dataset enables researchers to systematically assess the effectiveness of these procedures in phonetic analysis.",,,https://doi.org/10.2989/16073614.2014.925221 (2014)
9629,Sudanese Arabic,Sudanese Arabic Dataset,Text,Sentiment Analysis,"The Sudanese Arabic Dataset is used to train machine learning classifiers such as Naïve Bayes, KNN, and SVM for sentiment analysis. It focuses on analyzing social media comments and messages, enabling researchers to understand public sentiment in online platforms. The dataset's relevance lies in its application to Arabic dialects, specifically Sudanese Arabic, enhancing the accuracy of sentiment classification in this linguistic context.",https://doi.org/10.1109/FiCloud.2014.100 (2014),,https://doi.org/10.1109/ICCCEEE.2018.8515862 (2018)
9631,Sudanese Arabic,Sudanese Arabic sentiment dataset,Text,Sentiment Analysis,"The Sudanese Arabic sentiment dataset is used to evaluate sentiment analysis models, focusing on three-class classification. Researchers employ this dataset to report accuracy scores, assessing model performance in distinguishing positive, negative, and neutral sentiments. This dataset enables the development and validation of sentiment analysis techniques tailored for Sudanese Arabic, contributing to the broader field of natural language processing.",,https://github.com/mustafa20999/Sudanese-Arabic-Sentiment-Datasets,https://doi.org/10.1177/01655515231188341 (2022)
9633,Swahili,AfriCLIRMatrix,Text,Information Retrieval,"The AfriCLIRMatrix dataset is used as a foundational resource for cross-lingual information retrieval (CLIR) research, providing bilingual and multilingual data. It serves as a starting point for developing and testing CLIR systems, enabling researchers to explore methodologies for improving information retrieval across languages, potentially including Swahili. The dataset's multilingual nature supports the development of more inclusive and effective CLIR solutions.",https://doi.org/10.1561/1500000019 (2009),https://huggingface.co/datasets/castorini/africlirmatrix,https://doi.org/10.18653/v1/2022.emnlp-main.597 (2022)
9636,Swahili,AFROMT,Text,Machine Translation,"The AFROMT dataset is used to construct monolingual corpora for African languages, including Swahili, primarily for training machine translation models. It provides large-scale, web-crawled data, enabling researchers to derive additional monolingual datasets. This supports the development and improvement of machine translation systems for under-resourced languages.",https://doi.org/10.18653/v1/2021.emnlp-main.99 (2021),https://github.com/machelreid/afromt,https://doi.org/10.18653/v1/2021.emnlp-main.99 (2021)
9637,Swahili,annotated Swahili dataset,Text,Parsing and Tagging,"The annotated Swahili dataset is used for morphological annotation of Swahili text, employing a two-level morphological dictionary to tag linguistic features. This methodology supports research focused on understanding and processing the morphological structure of Swahili, enabling detailed analysis of linguistic elements within the language.",,,https://doi.org/10.1145/3445975 (2021)
9642,Swahili,CLIRMatrix,Text,Information Retrieval,"The CLIRMatrix dataset is primarily used for cross-lingual information retrieval (CLIR) research, focusing on enhancing and evaluating CLIR systems for multiple African languages, including Swahili. It supports the development and testing of baseline models (e.g., BM25, mDPR, Hybrid) and language-specific analyzers, facilitating the analysis of language distribution and coverage. The dataset includes queries and documents mined from Wikipedia, enabling researchers to address the resource scarcity in less-resourced languages and improve multilingual research capabilities.",https://doi.org/10.18653/v1/2020.emnlp-main.340 (2020),https://huggingface.co/datasets/SEACrowd/clir_matrix,https://doi.org/10.18653/v1/2022.emnlp-main.597 (2022)
9671,Swahili,Common Swahili Stop-words,Text,Text Preprocessing,"The dataset of stop-words is used to enhance text preprocessing for Swahili, specifically by removing common stop-words, correcting common typos, and identifying and normalizing slang terms. This improves the accuracy of text analysis, enabling more reliable and meaningful research outcomes in Swahili language processing.",https://doi.org/10.1016/j.dib.2020.106517 (2020),https://data.mendeley.com/datasets/mmf4hnsm2n/1,https://doi.org/10.1145/3711542.3711596 (2024)
9645,Swahili,Crossmodal-3600,Multimodal,Model Evaluation,"The Crossmodal-3600 dataset is used to evaluate massively multilingual multimodal models, with a focus on Swahili and other languages. It supports cross-modal tasks and is designed for comprehensive model evaluation. Researchers use this dataset to assess the performance of models in handling diverse linguistic and modal data, enabling the development of more robust and versatile AI systems.",https://doi.org/10.48550/arXiv.2205.12522 (2022),https://google.github.io/crossmodal-3600/,https://doi.org/10.48550/arXiv.2406.15359 (2024)
9652,Swahili,Free Spoken Digit Dataset (FSDD(11)),Speech,Speech Recognition/Understanding,"The Free Spoken Digit Dataset (FSDD(11)) is used to train and evaluate spoken digit recognition models, with a focus on digit classification accuracy. It is employed in both multilingual contexts and specifically for the Swahili language. The dataset's spoken digits enable researchers to assess model performance in recognizing spoken numbers, facilitating advancements in speech recognition technology.",https://doi.org/10.1007/978-981-15-4828-4_18 (2019),https://github.com/Jakobovski/free-spoken-digit-dataset,https://doi.org/10.1145/3597494 (2023)
9658,Swahili,Kencorpus,Multimodal,Linguistic Analysis,"The Kencorpus dataset is used to support natural language processing tasks and linguistic analysis for Swahili, Dholuo, and Luhya languages. It includes both text and speech data, and a two-million-word parallel corpus of English-Swahili, addressing data scarcity issues in these languages. This dataset enables researchers to develop and test algorithms for language processing and conduct detailed linguistic studies.",https://doi.org/10.21248/jlcl.36.2023.243 (2022),https://kencorpus.maseno.ac.ke/corpus-datasets/,https://doi.org/10.48550/arXiv.2410.14289 (2024); https://doi.org/10.23919/IST-Africa67297.2025.11060514 (2025)
9659,Swahili,KenSwQuAD,Text,Question Answering,"The KenSwQuAD dataset is primarily used to develop and evaluate question answering systems for the Swahili language, particularly in low-resource settings. It serves as a critical resource for improving NLP models for underrepresented languages. The dataset is derived from annotated primary data collected from the field and the Kencorpus project, supporting linguistic research and the creation of Swahili language processing tools. It enables researchers to focus on corpus-based studies, language processing tasks, and the enhancement of question-answering capabilities in Swahili.; The KenSwQuAD dataset is primarily used for developing and evaluating question-answering systems for Swahili, a low-resource language. It serves as a linguistic resource for corpus-based studies and language processing tasks, focusing on human annotation and data collection from the Kencorpus project. This dataset supports research into improving performance in under-resourced linguistic contexts, enhancing Swahili language processing capabilities.",https://doi.org/10.1145/3578553 (2022),https://huggingface.co/datasets/lighteval/KenSwQuAD,https://doi.org/10.48550/arXiv.2405.11437 (2024); https://doi.org/10.1145/3578553 (2022); https://doi.org/10.21248/jlcl.36.2023.243 (2022)
9660,Swahili,Kiswahili phoneme dictionary,Text,Parsing and Tagging,"The Kiswahili phoneme dictionary is used for linguistic studies and natural language processing tasks, particularly in Swahili. It contains 31,759 word-phoneme pairs, enabling phoneme analysis and Part of Speech (POS) tagging. The dataset also supports the creation of resources for analyzing Swahili story texts, focusing on both linguistic and cultural aspects of the language. This rich resource facilitates detailed linguistic analysis and enhances understanding of Swahili language processing.; The Kiswahili phoneme dictionary is used for Swahili language processing, particularly in Part of Speech (POS) tagging, enhancing linguistic analysis and natural language processing tasks. It provides a resource of 31,759 word-phoneme pairs, facilitating research into phonetic and orthographic correspondences. Additionally, it supports the creation of Swahili story text collections, aiding research in Swahili language and literature.",,,https://doi.org/10.21248/jlcl.36.2023.243 (2022)
9662,Swahili,log files from an online Swahili language dataset,Unknown,Not specified,"The dataset 'log files from an online Swahili language dataset' is mentioned in research citations but lacks detailed descriptions of its usage. No specific methodologies, research questions, or applications are provided, and there is no explicit information on how these log files enable research. The dataset's relevance and specific characteristics remain unspecified in the available literature.",https://www.semanticscholar.org/paper/b0685923ada11bc3d7b02d39712dfa07daa88b36 (2004),,https://doi.org/10.17576/gema-2019-1904-01 (2019)
9663,Swahili,"Low -Resource Language Data: Parallel Corpora for Kiswahili and Kidaw'ida, Kalenjin, and Dholuo",Text,Machine Translation,"The dataset 'Low-Resource Language Data: Parallel Corpora for Kiswahili and Kidaw'ida, Kalenjin, and Dholuo' is used to study parallel corpora in low-resource African languages. Researchers focus on translation and linguistic analysis, employing the dataset to explore the structural and semantic nuances of these languages. This enables the development of more accurate translation models and deeper understanding of linguistic features specific to Kiswahili, Kidaw'ida, Kalenjin, and Dholuo.",,https://zenodo.org/records/13355021,https://doi.org/10.23919/IST-Africa67297.2025.11060514 (2025)
9674,Swahili,OPUS parallel data,Text,Machine Translation,"The OPUS parallel data dataset is used to train OPUS-MT systems for multiple language pairs, including Swahili. It focuses on parallel text alignment and enhancing translation quality. The dataset's parallel text structure enables researchers to develop and evaluate machine translation models, ensuring accurate and contextually appropriate translations across languages.",https://www.semanticscholar.org/paper/25ca4a36df2955b345634b5f8a6b6bb66a774b3c (2012),https://opus.nlpl.eu/,https://doi.org/10.18653/v1/2020.nlpcovid19-2.5 (2020)
9675,Swahili,PolitiKweli,Text,Misinformation Detection,"The PolitiKweli dataset is used to analyze political discourse in Swahili, particularly for detecting misinformation and propaganda in social media. It supports the development and evaluation of models to classify false information in political contexts. Additionally, it is utilized to study code-switched Swahili-English posts from Twitter during elections, focusing on linguistic patterns and social media usage. This dataset enables researchers to address the spread of misinformation and understand linguistic behaviors in political communication.",,https://github.com/jayneamol/kweli,https://doi.org/10.5815/ijitcs.2025.01.05 (2025)
9679,Swahili,Swahili dataset from AfriSenti-SemEval 2023 Shared Task 12,Text,Sentiment Analysis,"The Swahili dataset from AfriSenti-SemEval 2023 Shared Task 12 is used for various linguistic and computational tasks, including training the XLM-RoBERTa model for sentiment analysis, addressing Swahili verb morphology, and creating corpora of Swahili conversations to study linguistic structures, common typos, and colloquial language use. It is also utilized for multi-label emotion classification, focusing on emotional expression in Swahili. These applications leverage the dataset's rich content and diverse linguistic features to enhance understanding and modeling of the Swahili language.; The Swahili datasets prepared by Shikali et al. are utilized in various linguistic and computational studies. They are used to compare the performance of Conv-LSTM models for part-of-speech tagging, study word representation vectors using a syllabic alphabet, and analyze linguistic structures in Swahili conversations. The dataset also supports research on common Swahili typos and slang usage in Tanzanian SMS communications. Additionally, it is employed for multi-label emotion classification, focusing on emotional expression in Swahili contexts. The dataset's 28K unique words and diverse content enable these specific research applications.","https://doi.org/10.18653/v1/2021.mrl-1.11 (2021), https://www.semanticscholar.org/paper/ea6302be0401a59170824131168adeae7e80adcc (2012)",https://afrisenti-semeval.github.io/,https://doi.org/10.1109/AIBThings58340.2023.10292494 (2023); https://doi.org/10.1145/3711542.3711596 (2024); https://doi.org/10.1016/j.dib.2020.106517 (2020); https://doi.org/10.18653/v1/2022.naacl-main.23 (2022); https://doi.org/10.1145/3445975 (2021)
9681,Swahili,Spoken Swahili Digit Dataset,Speech,Speech Recognition/Understanding,"The Spoken Swahili Digit Dataset is used to develop and improve pre-training methods for spoken digit recognition in Swahili, addressing the scarcity of speech datasets for low-resource languages. This dataset enables researchers to enhance models' performance in recognizing spoken digits, contributing to advancements in speech processing for underrepresented languages.",https://doi.org/10.1145/3597494 (2023),https://github.com/regak/spoken-swahili-digit-dataset,https://doi.org/10.48550/arXiv.2405.11437 (2024)
9680,Swahili,Swahili-English Language Data,Text,Code-Switching Analysis,"The Swahili-English Language Data dataset is used to estimate the proportion of English tokens within the dataset, focusing on the impact of these tokens on model performance. It is also utilized to analyze code-switching phenomena in Swahili speakers, examining how code-switching affects model performance. This dataset enables researchers to understand the linguistic dynamics and technical challenges associated with multilingual data in natural language processing models.",https://doi.org/10.18653/v1/W16-5803 (2016),,https://www.semanticscholar.org/paper/3a2cc7117987d0350627cfde5b41a586c2c68a6d (2021)
9685,Swahili,Toxicity-200,Text,Sentiment Analysis,"The Toxicity-200 dataset is used to filter out offensive content in text data, focusing on identifying markers of toxicity. It ensures the quality and appropriateness of text by employing methods to detect and remove inappropriate content, enhancing the reliability of text datasets in various applications.",https://doi.org/10.48550/arXiv.2207.04672 (2022),https://huggingface.co/datasets/SEACrowd/toxicity_200,https://doi.org/10.18653/v1/2023.emnlp-main.11 (2023)
9691,Swahili,WURA corpus,Text,Machine Translation,"The WURA corpus is used to sample 10 billion tokens for training multilingual models, focusing on sixteen African languages and four high-resource languages. It supports the development of these models by providing a large, diverse linguistic dataset, enabling researchers to enhance model performance and cross-lingual capabilities in African languages.",https://doi.org/10.18653/v1/2023.emnlp-main.11 (2023),https://github.com/castorini/AfriTeVa-keji,https://doi.org/10.48550/arXiv.2504.06536 (2025)
9830,Sylheti,a new speech database in Sylheti,Speech,Speech Recognition/Understanding,"The Sylheti speech database is used to develop and evaluate speech recognition systems for isolated words in the Sylheti language. Researchers focus on enhancing Automatic Speech Recognition (ASR) performance for under-resourced languages, leveraging the dataset's recordings to improve system accuracy and robustness.",https://ieeexplore.ieee.org/document/9402663 (2020),,https://doi.org/10.1109/CSCC49995.2020.00014 (2020)
9831,Sylheti,ONUBAD,Text,Machine Translation,"The ONUBAD dataset is used to translate Sylheti and other Bangla regional dialects into Standard Bangla and English. It consists of an expert-translated parallel corpus with 1,540 words, 130 clauses, and 980 sentences per dialect. This dataset enables researchers to focus on translation accuracy and linguistic nuances, facilitating the development of translation models and tools for these dialects.",https://doi.org/10.1016/j.dib.2025.111276 (2025),https://data.mendeley.com/datasets/6ft99kf89b/2,https://doi.org/10.48550/arXiv.2505.12273 (2025)
10007,Tatar,Common Voice Corpus 10.0,Speech,Speech Recognition/Understanding,"The CVC dataset is used to fine-tune a Tatar speech recognition system, leveraging 129 hours of annotated data. It is specifically employed for training and testing, enabling researchers to achieve a Word Error Rate (WER) of 5.37%. This dataset facilitates the development and evaluation of speech recognition models tailored for the Tatar language.",https://doi.org/10.1007/978-3-030-83527-9_41 (2021),https://huggingface.co/datasets/mozilla-foundation/common_voice_10_0,https://doi.org/10.3390/info14020074 (2023)
10006,Tatar,Corpus of Written Tatar,Text,Transliteration,"The Corpus of Written Tatar is used to prepare and evaluate 700 shuffled sentences, both in Cyrillic and Latin scripts, for performance assessment. These sentences, totaling 8,466 words with duplicates and 5,261 without, are manually transcribed and verified by a native speaker. The dataset is also utilized to develop and train the FinTat 2 transliteration tool, specifically focusing on written Tatar language data. This enables researchers to enhance transliteration accuracy and evaluate system performance.",,https://www.corpus.tatar/en,https://doi.org/10.18653/V1/2021.CALCS-1.18 (2021)
10009,Tatar,SART,Text,Word Embeddings Evaluation,"The SART dataset is used to evaluate word embeddings for the Tatar language, focusing on tasks such as text similarity, analogies, and text relatedness. It provides benchmark datasets for classical NLP tasks, enabling researchers to assess the performance of word embeddings in these specific linguistic contexts.; The SART dataset is mentioned in the citation context but lacks detailed descriptions of its usage, methodology, research questions, or specific characteristics. Therefore, there is insufficient evidence to provide a comprehensive description of how this dataset is actually used in research.",https://doi.org/10.1007/978-3-031-24337-0_28 (2019),https://github.com/tat-nlp/SART,https://doi.org/10.1109/ICAIIC60209.2024.10463261 (2024)
10010,Tatar,Tatar Language Corpus,Text,Word Embedding,"The Tatar Language Corpus is used to train word embedding models, specifically focusing on the Tatar language. These models are trained with 300-dimensional vectors and a window size of 5, enabling researchers to capture semantic and syntactic relationships within the Tatar language. This methodology supports research in natural language processing and linguistic analysis, enhancing the representation of Tatar words in computational models.",https://doi.org/10.3115/v1/D14-1162 (2014),https://github.com/tat-nlp/SART,https://doi.org/10.1007/978-3-031-24337-0_28 (2019)
10014,Tatar,TATAR-TTS,Text,Speech Synthesis,"The TatarTTS dataset is used to develop and evaluate text-to-speech (TTS) synthesis systems for the Tatar language. Researchers focus on enhancing the naturalness and intelligibility of synthesized speech, employing methodologies that assess the quality and clarity of the generated audio. This dataset enables the creation of more effective and realistic TTS systems for Tatar, addressing specific linguistic challenges and improving user experience.; The TATAR-TTS dataset is used to train text-to-speech (TTS) models specifically for the Tatar language. It is integrated into the LJ Speech training recipe within the ESPnet-TTS toolkit, enabling researchers to develop and refine TTS systems that accurately synthesize Tatar speech. This dataset facilitates the creation of natural-sounding voice outputs, enhancing the accessibility and usability of Tatar language technologies.","https://doi.org/10.1109/ICAIIC60209.2024.10463261 (2024), https://doi.org/10.1109/ICASSP40776.2020.9053512 (2019)",https://huggingface.co/datasets/issai/TatarTTS,https://doi.org/10.1109/IECON55916.2024.10905876 (2024); https://doi.org/10.48550/arXiv.2305.15749 (2023)
10015,Tatar,Turkic Unified Multilingual Language Understanding (TUMLU),Text,Question Answering,The dataset consists of 4-choice questions at middle- and high-school levels. It consists of 38139 questions across 8 languages and 11 subjects,https://doi.org/10.48550/arXiv.2502.11020 (2025),https://github.com/ceferisbarov/TUMLU,https://doi.org/10.48550/arXiv.2502.11020 (2025)
10012,Tatar,TurkicTTS,Unknown,Not specified,"supports ten Turkic languages, including Azerbaijani, Bashkir, Kazakh, Kyrgyz, Sakha, Tatar, Turkish, Turkmen, Uyghur, and Uzbek","https://doi.org/10.48550/arXiv.2305.15749 (2023), https://doi.org/10.3390/info14020074 (2023)",https://github.com/IS2AI/TurkicTTS,https://doi.org/10.48550/arXiv.2305.15749 (2023); https://doi.org/10.3390/info14020074 (2023)
10204,Tigrigna,Nagaoka Tigrinya Corpus,Text,Parsing and Tagging,"The Nagaoka Tigrinya Corpus is used to develop a part-of-speech tagged corpus for Tigrinya, specifically focusing on categorizing news articles. This enhances linguistic analysis and improves tagging accuracy, leveraging the dataset's structured content to refine natural language processing techniques for the Tigrinya language.",https://www.semanticscholar.org/paper/4f39041e2d53ee4b0c171ed836fe7136395f2ad1 (2016),http://eng.jnlp.org/yemane/ntigcorpus,https://doi.org/10.1109/ICAIBD49809.2020.9137443 (2020)
10205,Tigrigna,Tigrinya Language Speech Corpus,Speech,Speech Recognition/Understanding,"The Tigrinya Language Speech Corpus is used to develop speech recognition systems for Tigrigna, specifically focusing on creating a medium-sized read speech corpus. This dataset supports linguistic and technological advancements by providing a resource for training and testing speech recognition models, enabling researchers to improve the accuracy and robustness of these systems for the Tigrigna language.",https://www.semanticscholar.org/paper/cc60f276ac89eb91dd83fb1de8be698a8f8cee8b (2018),,https://doi.org/10.18653/V1/2020.WINLP-1.5 (2020)
10208,Tunisian Arabic,Al-Khalil-TUN,Speech,Morphological Disambiguation,"The Al-Khalil-TUN dataset is primarily used for orthographic transcription and linguistic analysis of spoken Tunisian Arabic. It supports the extraction of function words and clitics, and is utilized in developing free software tools for linguistic research. The dataset is also used to train and test the TD version of Al-Khalil, focusing on improving the accuracy of morphological disambiguation in spoken Tunisian Arabic transcriptions.",https://aclanthology.org/I13-1133/ (2013),,https://doi.org/10.1016/J.JKSUCI.2017.01.004 (2017)
10231,Tunisian Arabic,ANS: Arabic News Stance Corpus,Text,Stance Prediction and Claim Verification,"The Tunisian Arabic Corpus is used for stance prediction and claim verification in Arabic, particularly focusing on the linguistic and contextual aspects of Tunisian Arabic claims from news and social media. Researchers employ this dataset to predict the stance and factuality of claims, leveraging its rich linguistic data to enhance the accuracy of these predictions.",https://doi.org/10.18653/v1/2020.fever-1.2 (2020),https://github.com/latynt/ans,https://doi.org/10.48550/arXiv.2305.14976 (2023)
10210,Tunisian Arabic,Araber corpus,Speech,Phonetic and Phonological Analysis,"The Araber corpus is used to provide speech data for Tunisian Arabic language research, specifically focusing on phonetic and phonological analysis. This dataset enables researchers to examine the acoustic properties and sound patterns of Tunisian Arabic, contributing to a deeper understanding of its linguistic structure. The corpus supports methodologies that involve detailed acoustic analysis and phonological modeling, facilitating research into the unique phonetic features of this dialect.",https://www.researchgate.net/publication/235971285_De_la_caracterisation_linguistique_a_l'identification_automatique_des_dialectes_arabes,,https://doi.org/10.21437/Interspeech.2005-710 (2005)
10211,Tunisian Arabic,ArSarcasm Dia subset,Text,Sentiment Analysis,"The ArSarcasmDia dataset is primarily used for sarcasm detection in Arabic, with a focus on Tunisian Arabic dialects and social media contexts. Researchers employ machine learning models to classify sarcastic versus non-sarcastic content, leveraging the dataset's nuanced linguistic features. Additionally, the dataset is used for named entity recognition, enhancing the understanding of entities within Tunisian Arabic texts.",https://www.semanticscholar.org/paper/acc88786e83acc3a7fc0280bbe592706a8034c8f (2020),https://github.com/iabufarha/ArSarcasm,https://doi.org/10.48550/arXiv.2305.14976 (2023)
10213,Tunisian Arabic,CommonVoice version 8,Speech,Speech Recognition/Understanding,"The CommonVoice version 8 dataset is used to refine the XLS-R-128 model, focusing on cross-lingual speech representation learning across 53 languages. This enhances the model's performance and robustness by leveraging diverse linguistic data, enabling more effective and generalized speech recognition capabilities. The dataset's multilingual nature is crucial for improving the model's ability to handle various languages.",https://doi.org/10.21437/interspeech.2022-143 (2021),https://huggingface.co/datasets/mozilla-foundation/common_voice_8_0,https://doi.org/10.48550/arXiv.2407.04533 (2024)
10214,Tunisian Arabic,MOV from elcinema source,Text,Sentiment Analysis,"The 'elcinema' dataset is used to build multi-domain resources for sentiment analysis in Arabic, particularly focusing on dialectal variations and multi-standard Arabic (MSA). It includes movie reviews and user comments, enabling researchers to analyze sentiment in diverse Arabic dialects. This dataset facilitates the development of more nuanced and context-specific sentiment analysis models, enhancing the understanding of user opinions and emotions in Arabic-language content.",https://doi.org/10.1007/978-3-319-18117-2_2 (2015),https://github.com/hadyelsahar/large-arabic-sentiment-analysis-resouces,https://doi.org/10.18653/v1/W17-1307 (2017)
10221,Tunisian Arabic,OTTA,Speech,Speech Recognition/Understanding,"The OTTA dataset is used for orthographic transcription of spoken Tunisian Arabic, focusing on converting spoken language into written form to enhance speech-to-text systems. It is employed to analyze conversational speech patterns, aiding in the development and improvement of speech recognition technologies for Tunisian Arabic.; The OTTA dataset is used for orthographic transcription of spoken Tunisian Arabic, providing consistent guidelines for converting spoken language into written form. It facilitates linguistic studies by enabling the analysis of conversational speech, incorporating transcriptions of dialogues between at least two speakers. This dataset supports research focused on improving language processing, understanding, and the study of spoken language characteristics in Tunisian Arabic.",https://doi.org/10.1007/978-3-642-37247-6_13 (2013),,https://doi.org/10.13053/RCS-90-1-9 (2015); https://www.semanticscholar.org/paper/cdb2ed8b103bfe711b635ba10bcd09d816667ab8 (2013)
10223,Tunisian Arabic,PREMS corpus,Speech,Linguistic Analysis,"The PREMS corpus is used to study Tunisian Arabic, focusing on linguistic patterns and structures in spoken language. It supports comparative analysis with other languages and examines linguistic development, particularly the transition from babbling to first words and individual differences. This dataset enables detailed linguistic research through its rich, structured content.",https://doi.org/10.1075/z.152.09ch8 (2009),,https://doi.org/10.1017/cnj.2018.20 (2018)
10226,Tunisian Arabic,TA lexicographic database,Text,Lexicon/Dictionary,"The TA lexicographic database is used to compile and analyze Tunisian Arabic lexical entries, integrating historical and contemporary sources. It supports linguistic research by providing a searchable Latin and Arabic script-based transcription, enabling corpus-based analysis of language patterns, structures, and usage. This dataset facilitates the development of language encoding systems and the study of linguistic dynamics in the Greater Tunis Area.",,,https://www.semanticscholar.org/paper/1ddde28f257127f41a816722511a8dedf317d317 (2023)
10225,Tunisian Arabic,TACA-TA corpus,Text,Machine Translation,"The TACA-TA testing corpus is used to evaluate and compare machine transliteration systems, specifically focusing on performance metrics in Tunisian Arabic transliteration. Researchers employ this dataset to benchmark their proposed systems against existing ones like EiKtub, ensuring rigorous assessment of transliteration accuracy and efficiency. This dataset enables precise and standardized evaluation, facilitating advancements in Tunisian Arabic transliteration technology.",,,https://www.semanticscholar.org/paper/f289447b64f774951b8b4eaf1fd07ecbaf87f506 (2019)
a10219,Tunisian Arabic,TD-MSA corpus,Text,Translation,TD.txt: contains 2k Tunisian comments scraped from Facebook and Youtube. MSA.txt contains the corresponding manual translation from TD to Modern Satndard Arabic.,https://doi.org/10.1145/3568674,https://github.com/sk-cmd/Parallel-data-TD-MSA,https://www.semanticscholar.org/paper/1ddde28f257127f41a816722511a8dedf317d317 (2023)
10228,Tunisian Arabic,TSAC,Text,Sentiment Analysis,"The TSAC dataset is used for sentiment analysis of Tunisian dialects, offering linguistic resources and experimental data to evaluate sentiment classification models. It also serves as a parallel corpus of Tunisian Arabic and Modern Standard Arabic, extracted from social networks, to support translation and cross-lingual research. This dataset enables researchers to develop and test models for both sentiment analysis and translation tasks, leveraging its unique bilingual and social media-derived content.; The TSAC dataset is used for sentiment analysis of Tunisian dialects, providing linguistic resources and experimental data. It supports research by enabling the development and evaluation of models that can accurately analyze sentiments expressed in Tunisian Arabic, thus enhancing natural language processing capabilities for this specific dialect.",https://doi.org/10.18653/v1/W17-1307 (2017),https://github.com/fbougares/TSAC,https://www.semanticscholar.org/paper/1ddde28f257127f41a816722511a8dedf317d317 (2023)
10235,Tunisian Arabic,TUN-MSA lexicon,Text,Lexicon/Dictionary,"The TUN-MSA lexicon dataset is used to generate a deverbal lexicon for Tunisian Arabic, specifically focusing on mapping rules to build a lexicon of 1500 verbs with root and verbal pattern pairs. This dataset enables researchers to systematically create and analyze verb structures, enhancing the understanding and processing of Tunisian Arabic verbs.",https://www.semanticscholar.org/paper/cdb2ed8b103bfe711b635ba10bcd09d816667ab8 (2013),,https://doi.org/10.3115/v1/W14-5311 (2014)
10232,Tunisian Arabic,Tunisian Arabic Peace Corps Dictionary,Text,Lexicon/Dictionary,"The Tunisian Arabic Peace Corps Dictionary is used as a bilingual English-Tunisian Arabic dictionary to create a Wordnet, expanding lexical resources through an approach similar to EuroWordnet building. This methodology focuses on enhancing lexical coverage and structure, enabling research in computational linguistics and natural language processing, particularly in developing linguistic resources for under-resourced languages like Tunisian Arabic.",,https://catalogue.nla.gov.au/catalog/5378570,https://doi.org/10.1109/ACLING.2015.7 (2015)
a10219,Tunisian Arabic,Tunisian Arabizi Corpus (TArC),Text,Social Media Analysis,"In a nutshell, the data gathered in TArC represent Tunisian Arabish writing and its evolution over the last ten years. TArC texts have been extracted from social media for an amount of 43 313 tokens. Each text has been extracted together with the user's metadata when publicly shared.",https://doi.org/10.48550/arXiv.2207.04796,https://github.com/eligugliotta/tarc,https://www.semanticscholar.org/paper/1ddde28f257127f41a816722511a8dedf317d317 (2023)
10234,Tunisian Arabic,Tunisian Media Corpus,Text,Linguistic Processing,"The Tunisian Media Corpus is used as a linguistic resource for merging with other datasets to study Tunisian Arabic, particularly in media contexts. It supports research in linguistic processing, automatic speech recognition, and dialectal Arabic analysis. The dataset's textual content enables detailed examination of Tunisian Arabic, enhancing understanding and technological applications in these areas.",https://www.semanticscholar.org/paper/2c14719336ce6aa55db49e6afdcd15066e25d397 (2015),https://github.com/eligugliotta/tarc,https://doi.org/10.1007/s10579-021-09538-4 (2021)
10559,Turkmen,KazNERD,Text,Named Entity Recognition,"The Turkmen-ERD dataset is used for Named Entity Recognition (NER) in the Turkmen language, supporting the development and improvement of NER models. This dataset enables researchers to train and evaluate NER systems, enhancing their performance in identifying and classifying named entities within Turkmen text. The dataset's relevance lies in its application to Turkmen language processing, contributing to the broader field of natural language processing (NLP) for under-resourced languages.",https://www.semanticscholar.org/paper/cf4c9d626facb20c271ca5cbd04af5c0eb06f813 (2021),https://github.com/IS2AI/KazNERD,https://doi.org/10.48550/arXiv.2407.05006 (2024)
10561,Turkmen,Turkmen Wikipedia,Text,Parsing and Tagging,"The Turkmen Wikipedia dataset is used to develop and evaluate Turkmen language processing tools, focusing on the quality and coverage of Turkmen content within a large-scale, multilingual environment. This dataset enables researchers to assess and improve the performance of these tools in handling Turkmen language data, ensuring they are effective in real-world applications.",https://doi.org/10.48550/arXiv.2404.04487 (2024),https://github.com/tmLang-NLP/datasets,https://doi.org/10.48550/arXiv.2407.05006 (2024)
10901,Uyghur,1898 sentence speech utterances,Speech,Speech Synthesis,"The '1898 sentence speech utterances' dataset is used to train a multilingual Text-to-Speech (TTS) system, specifically focusing on Mandarin and Uyghur languages. It contains 948 Mandarin and 950 Uyghur speech utterances, enabling research in cross-lingual speech synthesis. This dataset supports the development of TTS models that can effectively handle multiple languages, enhancing the accuracy and naturalness of synthesized speech across different linguistic contexts.",https://doi.org/10.23919/APSIPA.2018.8659652 (2018),,
10909,Uyghur,COPA,Text,Machine Translation,"The Uyghur language dataset is used to train and evaluate models for Uyghur language processing. This involves developing and testing algorithms that can effectively handle tasks such as text classification, sentiment analysis, and machine translation specific to the Uyghur language. The dataset's relevance lies in its ability to provide a robust resource for enhancing the performance and accuracy of these models in Uyghur language applications.",,https://github.com/drwiner/COPA,https://doi.org/10.18653/v1/2024.eacl-long.100 (2024)
10904,Uyghur,real scene Uyghur dataset,Text,Text Recognition,"The real scene Uyghur dataset is used to test and analyze deep learning-based text recognition models, particularly focusing on the performance of ABINet in recognizing Uyghur text in real-world scenes. This dataset enables researchers to evaluate model accuracy and robustness in complex, real-life environments, providing insights into the effectiveness of deep learning techniques for Uyghur text recognition.",https://doi.org/10.1109/TPAMI.2018.2848939 (2019),https://github.com/kongfanjie/SUST-and-RUST-datasets-for-Uyghur-STR,https://doi.org/10.3390/s23208610 (2023)
10908,Uyghur,Thuyg-20,Unknown,Not specified,"The dataset 'ThUB-20' is mentioned in the citation context but lacks detailed descriptions of its usage in research. There is no explicit information regarding its application, methodology, research questions, or specific characteristics. Therefore, it cannot be accurately described as being used for any particular research area or purpose based on the provided evidence.",,https://www.openslr.org/22/,https://doi.org/10.1109/ICARCE55724.2022.10046434 (2022)
10910,Uyghur,Uyghur morphological collaborative word corpus,Text,Parsing and Tagging,"The Uyghur morphological collaborative word corpus is primarily used for morphological segmentation and analysis, focusing on character-level and word-level annotations. It contains 20,000 to 200,000 Uyghur words and 3500 to 10,000 sentence sets, enhancing linguistic research and Uyghur language processing. The dataset supports research in morphological analysis, stemming, and linguistic structure, providing high-quality annotated data for these tasks.",,http://thuuymorph.thunlp.org/,https://doi.org/10.1007/978-3-030-84186-7_19 (2021)
11181,Western Punjabi,SMHaroof,Text,Lexicon/Dictionary,"The Western Punjabi corpus is used to develop a lexicon of 13,600 words in the Mahji dialect, derived from a 0.9 million word corpus. This dataset is automatically extracted from Wikipedia and manually pre-processed, enabling researchers to create a comprehensive lexical resource for the Western Punjabi language. The corpus supports linguistic research by providing a large, structured dataset for analyzing and documenting the Mahji dialect.",https://doi.org/10.18653/v1/W19-3101 (2019),https://ieee-dataport.org/documents/shahmukhi-database-smdb-smharoof-v1,https://doi.org/10.3724/2096-7004.di.2025.0035 (2025)
11182,Western Punjabi,Western Punjabi language dataset,Text,Sentiment Analysis,"The Western Punjabi language dataset is used for sentiment analysis and consumer behavior research, specifically by collecting and categorizing user reviews across various domains including politics, mobile phones, movies, and theatre. This dataset enables researchers to analyze sentiments and understand consumer opinions through a structured approach, providing insights into how users perceive and interact with different topics and products.",https://doi.org/10.1287/mnsc.1070.0810 (2004),https://github.com/toqeerehsan/Shahmukhi-POS-Tagging,https://doi.org/10.1109/ACCESS.2025.3527710 (2025)
11185,Wolof,"corpus of 83,000 Wolof French parallel sentences",Text,Machine Translation,"The dataset of 83,000 Wolof French parallel sentences is primarily used to train neural machine translation systems for both French-Wolof and Wolof-French translations. Researchers employ the Transformer architecture and develop Word Embedding and LSTM-based models, particularly focusing on low-resource settings. This dataset enables the advancement of machine translation technologies in under-resourced languages, enhancing the accuracy and efficiency of Wolof-French translation systems.",https://www.semanticscholar.org/paper/088f840081f0739443c69dca43094a42771f62de (2022),,https://doi.org/10.48550/arXiv.2305.00606 (2023)
11184,Wolof,SENCORPUS: A French-Wolof Parallel Corpus,Text,Machine Translation,"The French-Wolof dataset is used to train neural machine translation models, specifically focusing on the distribution of domain data. Preprocessing steps, such as removing diacritics from the source training data, are employed to enhance model performance. This dataset enables researchers to address challenges in translating between French and Wolof, contributing to advancements in low-resource language translation.",https://aclanthology.org/2020.lrec-1.341/ (2020),,https://www.semanticscholar.org/paper/088f840081f0739443c69dca43094a42771f62de (2022)
11188,Wolof,Wolof monolingual corpus,Text,Word Embedding,"The Wolof monolingual corpus is used to train word embedding models such as CBOW, Skip-gram, and GloVe. Researchers assess the quality of the corpus by evaluating the effectiveness of these embedding techniques, focusing on their performance and the insights they provide into the Wolof language. This dataset enables the development and comparison of different embedding methods, contributing to the improvement of natural language processing tasks in Wolof.","https://doi.org/10.3115/v1/D14-1162 (2014), https://www.semanticscholar.org/paper/87f40e6f3022adbc1f1905e3e506abad05a9964f (2013)",,https://www.semanticscholar.org/paper/2a2369e051d2ddd2396d8af40e743b9ff1ea83ac (2020); https://www.semanticscholar.org/paper/4cf0b3cf6b922dedcb4af292aafbc7e90721bf26 (2020)
11189,Xhosa,WordNet RDF data set,Text,Lexicon/Dictionary,"The WordNet RDF data set is used to facilitate the creation of linked data by providing English translations for Xhosa lexical entries. This linkage enhances the semantic richness of the data, enabling researchers to enrich Xhosa language resources through external connections with English terms. The dataset's RDF format supports structured linking, making it a valuable tool for linguistic and semantic research.",https://www.semanticscholar.org/paper/4f7ba001255a08f2fd9387fb1a747ad09ffe1c0e (2014),https://github.com/jrvosse/wordnet-3.0-rdf,https://www.semanticscholar.org/paper/88c4e18a4a10303809457e6131ca408fc08b25aa (2018)
11190,Xhosa,Xhosa RDF data set,Unknown,Data Validation,"The Xhosa RDF data set is used to conduct syntactic and semantic data quality tests, ensuring the integrity and correctness of the RDF data. This involves validating the data's structure and meaning, which is crucial for maintaining reliable and accurate information in RDF formats. The dataset enables researchers to assess and improve the quality of RDF data, supporting robust data management and analysis.",https://doi.org/10.1145/2566486.2568002 (2014),https://github.com/MMoOn-Project/OpenBantu/blob/master/xho/inventory/ob_xho.ttl,https://www.semanticscholar.org/paper/88c4e18a4a10303809457e6131ca408fc08b25aa (2018)
11191,Yoruba,2020 Yorùbá Wikipedia dump,Text,Linguistic Analysis,"The 2020 Yorùbá Wikipedia dump is used to study diacritic usage in Yorùbá language articles, providing a cleaned and normalized version for linguistic analysis. It serves as the largest diacritized dataset for research in Yorùbá language and computational linguistics, focusing on diacritical marks and phonological features. This dataset enables detailed linguistic studies by offering extensive, high-quality textual data.",,,https://www.semanticscholar.org/paper/4ca059f9aa3c16dffb2e7239205082aa47072dcf (2020)
11217,Yoruba,2020 Yorùbá Wikipedia dump,Text,Word Embeddings,"The Wiki dataset is primarily used to train and generate word embeddings for the Yoruba language, focusing on the quality and representation of Yoruba language vectors. Researchers use both diacritized and undiacritized (normalized) versions of the Wikipedia dump to explore the effects of diacritics and normalization on word embeddings. This methodology enhances comparability across languages and provides a broader linguistic context, enabling detailed analysis of Yoruba language modeling and vector representation.",https://dumps.wikimedia.org/ (2020),https://dumps.wikimedia.org/,https://www.semanticscholar.org/paper/4ca059f9aa3c16dffb2e7239205082aa47072dcf (2020)
11193,Yoruba,75 hour corpus,Speech,Speech Recognition/Understanding,"The 75 hour corpus is used to enhance the diversity of speakers in Yoruba speech recognition, supporting the development and evaluation of multi-speaker models. It focuses on improving tone realization and acoustic modeling, enabling robustness testing and the creation of more accurate Yoruba speech recognition systems.; The 75 hour corpus is used to train and evaluate speech recognition models for Yoruba, with a focus on tone realization and pronunciation accuracy. It supports the development and testing of open-source Yoruba speech recognition systems, emphasizing multi-speaker variability and robustness. This dataset enables researchers to improve the performance and reliability of Yoruba speech recognition technologies.",https://www.semanticscholar.org/paper/d90b9e0c1456caea44ab7b749e7d4ea12eb9dfce (2012),https://github.com/Niger-Volta-LTI/yoruba-voice,https://doi.org/10.48550/arXiv.2207.03546 (2022)
11192,Yoruba,a 4 hour multi-speaker datase,Speech,Speech Recognition/Understanding,"The 4 hour multi-speaker dataset is used to train and evaluate speech recognition models for Yoruba, with a focus on tone realization and pronunciation accuracy. It is also employed to develop and test open-source Yoruba speech recognition systems, emphasizing multi-speaker variability and robustness. This dataset enables researchers to improve the performance and reliability of Yoruba speech recognition technologies.",https://doi.org/10.21437/interspeech.2020-1096 (2020),http://openslr.org/86/,https://doi.org/10.48550/arXiv.2207.03546 (2022)
11195,Yoruba,Afriberta-Corpus,Text,Language Modeling,"The Afriberta-Corpus is used to explore the viability of pretrained multilingual language models for low-resource languages, particularly Yoruba. It provides a large-scale multilingual and monolingual corpus, enabling researchers to train and evaluate models on domain-specific aspects of Yoruba, such as news and web data. This dataset supports broader multilingual research and development, covering 167 languages, and facilitates the analysis of domain-relevant aspects of the Yoruba language.",https://doi.org/10.18653/v1/2021.mrl-1.11 (2021),https://huggingface.co/datasets/castorini/afriberta-corpus,https://doi.org/10.48550/arXiv.2412.03334 (2024)
11204,Yoruba,FLEURS test set,Speech,Speech Recognition/Understanding,"The FLEURS test set is used to evaluate the performance of Automatic Speech Recognition (ASR) models, particularly focusing on their effectiveness with the Yoruba language. This dataset enables researchers to assess model accuracy and robustness in recognizing spoken Yoruba, contributing to the development and improvement of ASR systems for under-resourced languages.",https://doi.org/10.1109/SLT54892.2023.10023141 (2022),https://huggingface.co/datasets/google/fleurs,https://doi.org/10.48550/arXiv.2505.20564 (2025)
11207,Yoruba,LagosNWU Yorùbá Speech Corpus,Speech,Speech Recognition/Understanding,"The LagosNWU Yorùbá Speech Corpus is used to study Yorùbá speech, focusing on gender representation, audio quality, and high-resolution audio. It consists of 2.75 to 4 hours of recordings from 33 to 36 speakers, recorded at 16 kHz and 48 kHz. Research emphasizes diverse speaker demographics and phonetic/phonological aspects, enabling detailed analysis of Yorùbá speech patterns.",,,https://doi.org/10.1109/SLT54892.2023.10023089 (2022)
11210,Yoruba,MENYO-20k,Text,Machine Translation,"The MENYO-20k dataset is primarily used to train and evaluate Yoruba-English neural machine translation models. Research focuses on the impact of diacritics and domain-specific content on translation quality, particularly in movie transcripts. The dataset serves as a benchmark for low-resource language pairs, enabling researchers to assess and improve the performance of Yoruba-English translation models across various domains.",https://www.semanticscholar.org/paper/24ac368d08765dfad920ceefb79fba7bfe81d83c (2021),https://github.com/uds-lsv/menyo-20k_MT,https://doi.org/10.48550/arXiv.2303.17972 (2023)
11214,Yoruba,OpenSLR 86,Text,Language Modeling,"The OpenSLR 86 dataset is used to evaluate word embedding models specifically for the Yoruba language. Researchers employ the next word prediction task to analyze phonetic and morphological features, assessing the effectiveness of these models in capturing linguistic nuances. This dataset enables detailed examination of language-specific challenges and enhances understanding of Yoruba's unique characteristics in computational linguistics.",https://doi.org/10.21437/interspeech.2020-1096 (2020),https://www.openslr.org/86/,https://doi.org/10.1109/NIGERCON62786.2024.10927351 (2024)
11220,Yoruba,Yorùbá Text C3,Text,Machine Translation,"The Yorùbá Text C3 dataset is used to enrich parallel text resources, enhancing the diversity and coverage of training data for machine translation. It serves as a foundational resource to improve the quality and accuracy of translations involving the Yorùbá language. The dataset's parallel text structure is crucial for training models to better handle the linguistic nuances of Yorùbá.",https://www.semanticscholar.org/paper/4e96e6d2abc54bc55d5489a9e5a666f273b69410 (2019),https://huggingface.co/datasets/ajesujoba/yoruba_text_c3,https://doi.org/10.48550/arXiv.2412.03334 (2024)
11265,Zarma,Feriji Dataset,Text,Error Detection and Correction,"The Feriji Dataset is used to address the scarcity of annotated data in the Zarma language by generating synthetic datasets through custom corruption scripts. It evaluates system performance on linguistic errors by manually corrupting sentences from a French-Zarma parallel corpus and assesses spelling correction accuracy by introducing typographical errors into 3,539 sentences. This enables research on error detection and correction in Zarma, enhancing the development of language processing systems for under-resourced languages.",https://doi.org/10.48550/arXiv.2406.05888 (2024),https://huggingface.co/datasets/27Group/Feriji,https://doi.org/10.48550/arXiv.2410.15539 (2024)
