ID	Cited Article	normalized_id	s2_paperId	year	publicationVenue	journal	citationCount	_error
10212	https://www.semanticscholar.org/paper/a24b30b1db2ed332aae0ca77b578f9d4b94a7bab	a24b30b1db2ed332aae0ca77b578f9d4b94a7bab	a24b30b1db2ed332aae0ca77b578f9d4b94a7bab	2012	International Conference on Language Resources and Evaluation		161	
9676	https://doi.org/10.1007/S10579-011-9159-7	2a477fb9ea4cfccdf796d15b0fbb85aee02d0e79	2a477fb9ea4cfccdf796d15b0fbb85aee02d0e79	2011	Language Resources and Evaluation	Language Resources and Evaluation	47	
9677	https://doi.org/10.1007/S10579-011-9159-7	2a477fb9ea4cfccdf796d15b0fbb85aee02d0e79	2a477fb9ea4cfccdf796d15b0fbb85aee02d0e79	2011	Language Resources and Evaluation	Language Resources and Evaluation	47	
9651	https://www.semanticscholar.org/paper/562c09c112df56c5696c010d90a815d6018a86c8	562c09c112df56c5696c010d90a815d6018a86c8	562c09c112df56c5696c010d90a815d6018a86c8	2017	International Conference on Learning Representations	ArXiv	1693	
5620	https://doi.org/10.18653/v1/N18-1149	53489041a08ef1a6cd19b4c95ce092a148283b6b	53489041a08ef1a6cd19b4c95ce092a148283b6b	2018	North American Chapter of the Association for Computational Linguistics	ArXiv	222	
10	https://doi.org/10.1023/A:1001798929185	dcd0ee8cb2d43ce4101ddc3f6b3e236aa92d5794	dcd0ee8cb2d43ce4101ddc3f6b3e236aa92d5794	1999	Computers and the Humanities	Computers and the Humanities	159	
9	https://doi.org/10.18653/v1/P19-1310	83ff258bdb027e38b75f3043b0789620c17b27f0	83ff258bdb027e38b75f3043b0789620c17b27f0	2019	Annual Meeting of the Association for Computational Linguistics		242	
185	https://doi.org/10.5617/OSLA.75	71bce2f0f10a8d40b0e30191520a55595bb9a1d6	71bce2f0f10a8d40b0e30191520a55595bb9a1d6	2011		Oslo Studies in Language	31	
768	https://doi.org/10.1075/CLL.20	72d37d3ba92046410cb65853f60ec0c3be5dad36	72d37d3ba92046410cb65853f60ec0c3be5dad36	1999			14	
767	https://doi.org/10.5944/ENDOXA.37.2016.16613	0f613765335990a42b61ec97f7c28c8f4aea2396	0f613765335990a42b61ec97f7c28c8f4aea2396	2016			4	
769	https://doi.org/10.1093/APPLIN/5.3.196	e7cd5f7d359d1521ffe4a811773667f6b8042536	e7cd5f7d359d1521ffe4a811773667f6b8042536	1984		Applied Linguistics	1157	
834	https://doi.org/10.1007/s10579-017-9400-0	1e4830ca56cdd4d95b5d8b05172509a9df18528d	1e4830ca56cdd4d95b5d8b05172509a9df18528d	2017	Language Resources and Evaluation	Language Resources and Evaluation	26	
830	https://doi.org/10.1007/BFb0034731	8d6a8196de5db4fa8567397c2a6c24d3acfbf44e	8d6a8196de5db4fa8567397c2a6c24d3acfbf44e	1996	International Conference on Database and Expert Systems Applications		177	
837	https://doi.org/10.1177/0165551516683617	3da81146139cc9f6b57c23b9a55a5ea59ad4bc51	3da81146139cc9f6b57c23b9a55a5ea59ad4bc51	2018	Journal of information science	Journal of Information Science	25	
1976	https://www.semanticscholar.org/paper/ef9f81a662aa9618173d033e95d46d74e14aeafc	ef9f81a662aa9618173d033e95d46d74e14aeafc	ef9f81a662aa9618173d033e95d46d74e14aeafc	2007			174	
2140	https://www.semanticscholar.org/paper/43f2ad297941db230c089ba353efc3f281ab678c	43f2ad297941db230c089ba353efc3f281ab678c	43f2ad297941db230c089ba353efc3f281ab678c	2020			12020	
4283	https://doi.org/10.5944/ENDOXA.37.2016.16613	0f613765335990a42b61ec97f7c28c8f4aea2396	0f613765335990a42b61ec97f7c28c8f4aea2396	2016			4	
4285	https://www.semanticscholar.org/paper/3ee12dec281cc490e6b626076a2fc8402a7dcd24	3ee12dec281cc490e6b626076a2fc8402a7dcd24	3ee12dec281cc490e6b626076a2fc8402a7dcd24	1958			177	
4286	https://doi.org/10.3115/v1/D14-1162	f37e1b62a767a307c046404ca96bc140b3e68cb5	f37e1b62a767a307c046404ca96bc140b3e68cb5	2014	Conference on Empirical Methods in Natural Language Processing		32778	
4479	https://doi.org/10.58414/scientifictemper.2024.15.3.27	a53c1aa048adbf0a1aad9c54d630bfb108c3dfc6	a53c1aa048adbf0a1aad9c54d630bfb108c3dfc6	2024	THE SCIENTIFIC TEMPER	The Scientific Temper	1	
5539	https://www.semanticscholar.org/paper/7b07ef9ba4419314fc3a569d9b63361ed87932f7	7b07ef9ba4419314fc3a569d9b63361ed87932f7	7b07ef9ba4419314fc3a569d9b63361ed87932f7	2020	Workshop on Spoken Language Technologies for Under-resourced Languages		34	
5548	https://www.semanticscholar.org/paper/8ed9c7d54fd3f0b1ce3815b2eca82147b771ca8f	8ed9c7d54fd3f0b1ce3815b2eca82147b771ca8f	8ed9c7d54fd3f0b1ce3815b2eca82147b771ca8f	2003			323	
5681	https://aclanthology.org/L16-1129	URL:https://aclanthology.org/L16-1129						no_entry
5767	https://www.semanticscholar.org/paper/96b8611c3e8d887362df292522debe2c3cfa1def	96b8611c3e8d887362df292522debe2c3cfa1def	96b8611c3e8d887362df292522debe2c3cfa1def	2021	International Conference on Language Resources and Evaluation	ArXiv	28	
6816	https://www.semanticscholar.org/paper/af860938276d3a8a60b9eaa6c701f7bdc29537d8	af860938276d3a8a60b9eaa6c701f7bdc29537d8	af860938276d3a8a60b9eaa6c701f7bdc29537d8	2006	Conference of the Association for Machine Translation in the Americas		22	
7189	https://www.semanticscholar.org/paper/887d8d4bae488941d9a3a26ec39122abc84fad79	887d8d4bae488941d9a3a26ec39122abc84fad79	887d8d4bae488941d9a3a26ec39122abc84fad79	2010	International Conference on Language Resources and Evaluation		133	
7209	https://doi.org/10.18653/v1/2020.nlposs-1.10	5039ed9e100d3a1cbbc25a02c82f6ee181609e83	5039ed9e100d3a1cbbc25a02c82f6ee181609e83	2020		ArXiv	66	
7214	https://doi.org/10.48550/arXiv.2203.13778	77e09c4b9ffb3024af6af3002728ab254fb479b1	77e09c4b9ffb3024af6af3002728ab254fb479b1	2022	Workshop on Trolling, Aggression and Cyberbullying	ArXiv	43	
7219	https://www.semanticscholar.org/paper/7ebbb9f14a08fda8d76b3f299254c2b0d2c59d9a	7ebbb9f14a08fda8d76b3f299254c2b0d2c59d9a	7ebbb9f14a08fda8d76b3f299254c2b0d2c59d9a	2022		ArXiv	60	
7347	https://www.semanticscholar.org/paper/92343cecdc990380de362b969eec60081959f507	92343cecdc990380de362b969eec60081959f507	92343cecdc990380de362b969eec60081959f507	2019			443	
7403	https://doi.org/10.1017/9781787445086.003	ffeddbdc2ffe2bc8e528947fa234acbc3e477314	ffeddbdc2ffe2bc8e528947fa234acbc3e477314	2019		A Dictionary of the Safaitic Inscriptions	318	
7428	https://doi.org/10.4102/RW.V6I1.77	f518cb84526f3520e3d217e9f64fa6610ee3c602	f518cb84526f3520e3d217e9f64fa6610ee3c602	2015		Reading and Writing	21	
7429	https://doi.org/10.1080/02572117.2000.10587438	709188d887d4a220f3985aa881fa891f1440f0c6	709188d887d4a220f3985aa881fa891f1440f0c6	2000		South African Journal of African Languages	20	
10229	https://doi.org/10.1017/S1351324922000444	a758b7d22f60f9c87023b7c493d151bcec421e7b	a758b7d22f60f9c87023b7c493d151bcec421e7b	2022	Natural Language Engineering	Natural Language Engineering	5	
10215	https://doi.org/10.21437/ICSLP.2002-303	399da68d3b97218b6c80262df7963baa89dcc71b	399da68d3b97218b6c80262df7963baa89dcc71b	2002	Interspeech		5149	
10230	https://www.semanticscholar.org/paper/e8551be410daf4525a26d87f3c867b6db6955076	e8551be410daf4525a26d87f3c867b6db6955076	e8551be410daf4525a26d87f3c867b6db6955076	2014	International Conference on Language Resources and Evaluation		76	
10903	https://doi.org/10.1007/s10590-017-9212-4	436a5a43a49808c8cbb0870334921980ae68d4f5	436a5a43a49808c8cbb0870334921980ae68d4f5	2018	Machine Translation	Machine Translation	0	
5609	https://doi.org/10.1109/ICoICT55009.2022.9914883	ea5c452326b1f4964615c4ee7342ec93bbe35beb	ea5c452326b1f4964615c4ee7342ec93bbe35beb	2022	International Conference on Information and Communicatiaon Technology	2022 10th International Conference on Information and Communication Technology (ICoICT)	6	
5610	https://www.semanticscholar.org/paper/e705a87b501e0d6f50c43b1d042cc1ef7bf29de3	e705a87b501e0d6f50c43b1d042cc1ef7bf29de3	e705a87b501e0d6f50c43b1d042cc1ef7bf29de3	2021		ArXiv	41	
5802	https://doi.org/10.17977/um018v3i22020p106-111	41effcb311668dab95a0357f144efd3c2edba2c7	41effcb311668dab95a0357f144efd3c2edba2c7	2020	Knowledge Engineering and Data Science	Knowl. Eng. Data Sci.	14	
5813	https://doi.org/10.18653/v1/2021.eacl-main.96	8c4d1e81c277f71cd9e3c9a0af356203c7948dca	8c4d1e81c277f71cd9e3c9a0af356203c7948dca	2021	Conference of the European Chapter of the Association for Computational Linguistics		48	
5815	https://www.semanticscholar.org/paper/8ed9c7d54fd3f0b1ce3815b2eca82147b771ca8f	8ed9c7d54fd3f0b1ce3815b2eca82147b771ca8f	8ed9c7d54fd3f0b1ce3815b2eca82147b771ca8f	2003			323	
9646	https://doi.org/10.18653/v1/2022.naacl-main.23	0e2b5ce92b08cf315fa63945565c736db665e453	0e2b5ce92b08cf315fa63945565c736db665e453	2022	North American Chapter of the Association for Computational Linguistics		19	
8671	https://aclanthology.org/2021.wassa-1.20/	URL:https://aclanthology.org/2021.wassa-1.20/						no_entry
8682	https://www.semanticscholar.org/paper/ff9d2c6fa90e51c6795d7ed56bb5bdadcee82085	ff9d2c6fa90e51c6795d7ed56bb5bdadcee82085	ff9d2c6fa90e51c6795d7ed56bb5bdadcee82085	2021	Workshop on Computational Approaches to Subjectivity, Sentiment and Social Media Analysis		11	
10216	https://doi.org/10.1109/SLT.2016.7846277	4ff46d1291fa06b9d5dde4c7347c90648813e028	4ff46d1291fa06b9d5dde4c7347c90648813e028	2016	Spoken Language Technology Workshop	2016 IEEE Spoken Language Technology Workshop (SLT)	122	
8637	https://doi.org/10.18653/v1/P19-1310	83ff258bdb027e38b75f3043b0789620c17b27f0	83ff258bdb027e38b75f3043b0789620c17b27f0	2019	Annual Meeting of the Association for Computational Linguistics		242	
10219	https://www.semanticscholar.org/paper/995ec006ac98a697ea38bd4eea8c1f3170a8adb4	995ec006ac98a697ea38bd4eea8c1f3170a8adb4	995ec006ac98a697ea38bd4eea8c1f3170a8adb4	2020	International Conference on Language Resources and Evaluation		200	
5641	https://www.semanticscholar.org/paper/b668ce936cff0b0ca8b635cd5f25a62eaf4eb3df	b668ce936cff0b0ca8b635cd5f25a62eaf4eb3df	b668ce936cff0b0ca8b635cd5f25a62eaf4eb3df	2021	arXiv.org	ArXiv	1607	
5751	https://doi.org/10.3115/v1/N15-1151	1f2e8fe19086ef8f4be7808bcf80f3b89ae02008	1f2e8fe19086ef8f4be7808bcf80f3b89ae02008	2015	North American Chapter of the Association for Computational Linguistics	ArXiv	85	
5753	https://www.semanticscholar.org/paper/fee52611a082ab136cfd03bd73b838a2e6db20c9	fee52611a082ab136cfd03bd73b838a2e6db20c9	fee52611a082ab136cfd03bd73b838a2e6db20c9	2014	International Conference on Language Resources and Evaluation		87	
5674	https://doi.org/10.4156/IJIIP.VOL3.ISSUE4.7	4fce7238828f8a173fb088cd0fa5904831d62744	4fce7238828f8a173fb088cd0fa5904831d62744	2012			3	
5727	https://doi.org/10.2200/s00416ed1v01y201204hlt016	33c95f4d13958e65e676a9cd64bd4d8df0fdb44d	33c95f4d13958e65e676a9cd64bd4d8df0fdb44d	2012	Synthesis Lectures on Human Language Technologies		6389	
5731	https://doi.org/10.1007/978-3-319-67217-5_26	8db23dc016fe233c53e6810f61b9bfb89b59fd61	8db23dc016fe233c53e6810f61b9bfb89b59fd61	2017	Social Informatics		1	
5834	https://doi.org/10.1109/ICAICTA.2015.7335365	b4e6bcae2bb856497e660b852de5b0ba51cf8073	b4e6bcae2bb856497e660b852de5b0ba51cf8073	2015		2015 2nd International Conference on Advanced Informatics: Concepts, Theory and Applications (ICAICTA)	9	
5835	https://doi.org/10.55338/jikomsi.v7i1.2846	cb56492ccec2fde94c367cf215a5c41d5acfa58a	cb56492ccec2fde94c367cf215a5c41d5acfa58a	2024		Jurnal Ilmu Komputer dan Sistem Informasi (JIKOMSI)	4	
5838	https://doi.org/10.1109/ISRITI54043.2021.9702784	88d2f0fc474412d930d287c0addab02b9e0f2956	88d2f0fc474412d930d287c0addab02b9e0f2956	2021		2021 4th International Seminar on Research of Information Technology and Intelligent Systems (ISRITI)	2	
7232	https://doi.org/10.18653/v1/N18-1101	5ded2b8c64491b4a67f6d39ce473d4b9347a672e	5ded2b8c64491b4a67f6d39ce473d4b9347a672e	2017	North American Chapter of the Association for Computational Linguistics		4668	
7244	https://www.semanticscholar.org/paper/92343cecdc990380de362b969eec60081959f507	92343cecdc990380de362b969eec60081959f507	92343cecdc990380de362b969eec60081959f507	2019			443	
7255	https://doi.org/10.48550/arXiv.2212.10039	450785d4e7316dbea165db6e0f01f2538cb6b6ad	450785d4e7316dbea165db6e0f01f2538cb6b6ad	2022	Fire		11	
5	https://doi.org/10.18653/v1/P19-1050	f2d257625e8029f6f4998deb6279f97e07e2893c	f2d257625e8029f6f4998deb6279f97e07e2893c	2018	Annual Meeting of the Association for Computational Linguistics	ArXiv	1198	
165	https://doi.org/10.1145/2629489	dab7e605237ad4f4fe56dcba2861b8f0a57112be	dab7e605237ad4f4fe56dcba2861b8f0a57112be	2014	Communications of the ACM	Communications of the ACM	2573	
719	https://syspin.iisc.ac.in/	URL:https://syspin.iisc.ac.in/						no_entry
819	https://doi.org/10.48550/arXiv.2406.10118	ba5284674face6cca3b678fd7a82d691ec29349b	ba5284674face6cca3b678fd7a82d691ec29349b	2024	Conference on Empirical Methods in Natural Language Processing		26	
4476	https://doi.org/10.18653/v1/2020.acl-main.747	6fec3e579c7cd4f13bdabbee2b6ac2e8ff5941c6	6fec3e579c7cd4f13bdabbee2b6ac2e8ff5941c6	2019	Annual Meeting of the Association for Computational Linguistics	ArXiv	7133	
5625	https://www.semanticscholar.org/paper/21b786b3f870fc7fa247c143aa41de88b1fc6141	21b786b3f870fc7fa247c143aa41de88b1fc6141	21b786b3f870fc7fa247c143aa41de88b1fc6141	2018	Neural Information Processing Systems	ArXiv	3281	
5740	https://doi.org/10.1109/IALP.2014.6973519	b55a4a4ff3f635af764fe91640973d0c9cdcb76d	b55a4a4ff3f635af764fe91640973d0c9cdcb76d	2014	International Conference on Asian Language Processing	2014 International Conference on Asian Language Processing (IALP)	94	
5788	https://www.semanticscholar.org/paper/cb58c7d42958f468019294ff9af5c398ab167d96	cb58c7d42958f468019294ff9af5c398ab167d96	cb58c7d42958f468019294ff9af5c398ab167d96	1995			4	
5689	https://doi.org/10.1109/IALP.2018.8629262	842a4f8486dd47d4ee16f76706900b57e44e349e	842a4f8486dd47d4ee16f76706900b57e44e349e	2018	International Conference on Asian Language Processing	2018 International Conference on Asian Language Processing (IALP)	84	
5763	https://doi.org/10.1016/j.ipm.2017.07.005	c3facb5772fab40373341864030e69ab093a59ce	c3facb5772fab40373341864030e69ab093a59ce	2017	Information Processing & Management	Inf. Process. Manag.	26	
5851	https://doi.org/10.26499/ICEAP.V2I1.95	7e23b993429588a2f018849682806703428fd835	7e23b993429588a2f018849682806703428fd835	2018		ICEAP Proceeding Book Vol 2	9	
5650	https://doi.org/10.18653/V1/2020.COLING-MAIN.66	1109d62ebd2b29a7dc148bc30dd6cfc803a63dec	1109d62ebd2b29a7dc148bc30dd6cfc803a63dec	2020	International Conference on Computational Linguistics		296	
5538	https://www.semanticscholar.org/paper/d38763b4b0bbf1ed91b55107c658fcc96f8ef82d	d38763b4b0bbf1ed91b55107c658fcc96f8ef82d	d38763b4b0bbf1ed91b55107c658fcc96f8ef82d	2011		ArXiv	1323	
5593	https://doi.org/10.32604/cmc.2022.021449	e3df4f71ff74af4fba92be022a310754b5d7091d	e3df4f71ff74af4fba92be022a310754b5d7091d	2022	Computers Materials & Continua	Computers, Materials & Continua	41	
6812	https://doi.org/10.18653/v1/W19-3512	22563d036d203e9644baa1f7a6ddc201de8e3053	22563d036d203e9644baa1f7a6ddc201de8e3053	2019		Proceedings of the Third Workshop on Abusive Language Online	172	
7381	https://www.semanticscholar.org/paper/f5808755486ad4fe58d832e752e624382c5a2d5a	f5808755486ad4fe58d832e752e624382c5a2d5a	f5808755486ad4fe58d832e752e624382c5a2d5a	2020	International Conference on Language Resources and Evaluation		36	
7385	https://doi.org/10.18653/V1/2020.COLING-MAIN.480	c360814d32fe45b7db2fcbaebb5d01402aff9b4f	c360814d32fe45b7db2fcbaebb5d01402aff9b4f	2020	International Conference on Computational Linguistics	ArXiv	43	
7423	https://www.semanticscholar.org/paper/c569e43792ce618922781b7ab765a1eb4ba36827	c569e43792ce618922781b7ab765a1eb4ba36827	c569e43792ce618922781b7ab765a1eb4ba36827	1994			2	
7434	https://doi.org/10.48550/arXiv.2501.19393	ef8a8bd193b1a0a5e2c834a7a28869a2ec85bab7	ef8a8bd193b1a0a5e2c834a7a28869a2ec85bab7	2025	arXiv.org	ArXiv	725	
7516	https://doi.org/10.1049/iet-ipr.2015.0146	16c65ea82a08ba3590eb4a01d34ae8126002ab4f	16c65ea82a08ba3590eb4a01d34ae8126002ab4f	2015	IET Image Processing	IET Image Process.	41	
7529	https://doi.org/10.1023/A:1022627411411	52b7bf3ba59b31f362aa07f957f1543a29a4279e	52b7bf3ba59b31f362aa07f957f1543a29a4279e	1995	Machine-mediated learning	Machine Learning	41375	
8838	https://www.semanticscholar.org/paper/995ec006ac98a697ea38bd4eea8c1f3170a8adb4	995ec006ac98a697ea38bd4eea8c1f3170a8adb4	995ec006ac98a697ea38bd4eea8c1f3170a8adb4	2020	International Conference on Language Resources and Evaluation		200	
8839	https://www.semanticscholar.org/paper/a88c353124fd71c2f6af4b3387d0607878bc923c	a88c353124fd71c2f6af4b3387d0607878bc923c	a88c353124fd71c2f6af4b3387d0607878bc923c	2021			13	
8841	https://doi.org/10.21437/Interspeech.2009-760	a8f5c7af77f30d5b68069b925ecf7599ceedcd73	a8f5c7af77f30d5b68069b925ecf7599ceedcd73	2009	Interspeech		23	
9664	https://doi.org/10.18653/v1/2021.findings-acl.106	302a691914b1e000ba260f88e6859d1b0ae35557	302a691914b1e000ba260f88e6859d1b0ae35557	2021	Findings		16	
10911	https://doi.org/10.3115/1596276.1596305	1deed1a4a03e07aee3b8b8e4716f35033c715a57	1deed1a4a03e07aee3b8b8e4716f35033c715a57	2006	Conference on Computational Natural Language Learning		1096	
8830	https://www.semanticscholar.org/paper/a18b2736041977700500b63ba80c1e24e8f6f061	a18b2736041977700500b63ba80c1e24e8f6f061	a18b2736041977700500b63ba80c1e24e8f6f061	2019			22	
8831	https://doi.org/10.11647/obp.0307	bc881dec4b22954d76e548c02a0cd5e357a3c49b	bc881dec4b22954d76e548c02a0cd5e357a3c49b	2022			2	
5606	https://www.semanticscholar.org/paper/8ed9c7d54fd3f0b1ce3815b2eca82147b771ca8f	8ed9c7d54fd3f0b1ce3815b2eca82147b771ca8f	8ed9c7d54fd3f0b1ce3815b2eca82147b771ca8f	2003			323	
10207	https://doi.org/10.1109/ACLing.2015.7	1fa946e2633e4617f8689af3f002de45c5389ba8	1fa946e2633e4617f8689af3f002de45c5389ba8	2015	International Conference on Arabic Computational Linguistics	2015 First International Conference on Arabic Computational Linguistics (ACLing)	6	
179	https://www.semanticscholar.org/paper/cf862b168e9c0f5e544c10a03eee588efb0c09b1	cf862b168e9c0f5e544c10a03eee588efb0c09b1	cf862b168e9c0f5e544c10a03eee588efb0c09b1	2020			5	
187	https://www.semanticscholar.org/paper/ad23a0651b0eeb87bb2bb856bea26c6b0c2f15af	ad23a0651b0eeb87bb2bb856bea26c6b0c2f15af	ad23a0651b0eeb87bb2bb856bea26c6b0c2f15af	2018	International Conference on Language Resources and Evaluation		235	
178	https://www.semanticscholar.org/paper/c20c68c45127439139a08adb0b1f2b8354a94d6c	c20c68c45127439139a08adb0b1f2b8354a94d6c	c20c68c45127439139a08adb0b1f2b8354a94d6c	2019	International Conference on Language Resources and Evaluation		704	
182	https://www.semanticscholar.org/paper/82cf69e48ede65b9d1f419da786c0349342d449d	82cf69e48ede65b9d1f419da786c0349342d449d	82cf69e48ede65b9d1f419da786c0349342d449d	2014	International Conference on Language Resources and Evaluation		312	
188	https://doi.org/10.18653/v1/2022.semeval-1.196	b47620078d2106bae5d6489319e016eb26a93647	b47620078d2106bae5d6489319e016eb26a93647	2022	International Workshop on Semantic Evaluation		122	
190	https://doi.org/10.18653/v1/N19-1380	c644956d5cfdb7ad7ea24a420608b9b58c148e3d	c644956d5cfdb7ad7ea24a420608b9b58c148e3d	2018	North American Chapter of the Association for Computational Linguistics		297	
192	https://doi.org/10.18653/v1/2020.acl-main.560	0e141942fa265142f41a2a26eb17b6005d3af29e	0e141942fa265142f41a2a26eb17b6005d3af29e	2020	Annual Meeting of the Association for Computational Linguistics		985	
191	https://www.semanticscholar.org/paper/b0a621b75a6cd4796be9a04eb2ee8a68ded4c7a1	b0a621b75a6cd4796be9a04eb2ee8a68ded4c7a1	b0a621b75a6cd4796be9a04eb2ee8a68ded4c7a1	2016	International Conference on Language Resources and Evaluation		5	
831	https://www.semanticscholar.org/paper/3911933c247f705b2488fdd067330820e8db07bf	3911933c247f705b2488fdd067330820e8db07bf	3911933c247f705b2488fdd067330820e8db07bf	2012			1203	
846	https://www.semanticscholar.org/paper/3911933c247f705b2488fdd067330820e8db07bf	3911933c247f705b2488fdd067330820e8db07bf	3911933c247f705b2488fdd067330820e8db07bf	2012			1203	
4424	https://doi.org/10.18653/v1/W16-5812	652905d1fafff6cd6fe94e652a372c3e2bf00339	652905d1fafff6cd6fe94e652a372c3e2bf00339	2016		ArXiv	38	
4462	https://doi.org/10.1109/TITS.2022.3203800	30a0363a6bf0a97b8256e77a03d4b2a217aef521	30a0363a6bf0a97b8256e77a03d4b2a217aef521	2023		IEEE Transactions on Intelligent Transportation Systems	39	
4498	https://doi.org/10.48550/arXiv.2205.15960	11f64ec047782cada21d50efea1e0dc5843675f6	11f64ec047782cada21d50efea1e0dc5843675f6	2022	Conference of the European Chapter of the Association for Computational Linguistics		100	
4503	https://doi.org/10.18653/V1/2020.COLING-MAIN.91	75d04436ab8fd65cf105872bc8d3b7262348fe19	75d04436ab8fd65cf105872bc8d3b7262348fe19	2020	International Conference on Computational Linguistics		65	
5712	https://www.semanticscholar.org/paper/1b3265dd92f441ec565a83207e3bc6acc1273b9a	1b3265dd92f441ec565a83207e3bc6acc1273b9a	1b3265dd92f441ec565a83207e3bc6acc1273b9a	2015			5	
5611	https://www.semanticscholar.org/paper/421b9e3f18202b757f0de42ca4a1d2de7dbe29ba	421b9e3f18202b757f0de42ca4a1d2de7dbe29ba	421b9e3f18202b757f0de42ca4a1d2de7dbe29ba	2019	Fire		32	
5563	https://doi.org/10.3115/1119176.1119195	10f97f1fb4f5c2c8e6c44d4a33da46d331dd4aeb	10f97f1fb4f5c2c8e6c44d4a33da46d331dd4aeb	2003	Conference on Computational Natural Language Learning		4460	
5783	https://doi.org/10.18178/wcse.2021.02.011	9ec12c5311abcf134971f9bbb5cf3b6f61a24dd8	9ec12c5311abcf134971f9bbb5cf3b6f61a24dd8	2021		Proceedings of 2021 the 11th International Workshop on Computer Science and Engineering	9	
5679	https://doi.org/10.11591/ijai.v11.i3.pp895-904	37d95c31e07584248da5e4fa863540e23a051b0d	37d95c31e07584248da5e4fa863540e23a051b0d	2022	IAES International Journal of Artificial Intelligence (IJ-AI)	IAES International Journal of Artificial Intelligence (IJ-AI)	12	
5583	https://doi.org/10.1108/ERR.1999.3.11.129.120	fc0763a2da79777ad9174b9eac3767f16a86cbc9	fc0763a2da79777ad9174b9eac3767f16a86cbc9	1999		Electronic Resources Review	2189	
5569	https://www.semanticscholar.org/paper/LORELEI-Language-Packs%3A-Data%2C-Tools%2C-and-Resources-Strassel-Tracey/195351aee7cfae3a80fa77b16e7eece9f9afc894	195351aee7cfae3a80fa77b16e7eece9f9afc894	195351aee7cfae3a80fa77b16e7eece9f9afc894	2016	International Conference on Language Resources and Evaluation		122	
5632	https://doi.org/10.1109/ICACSIS53237.2021.9631331	aeb45c9bec2b3e7876621f923bc1675063994094	aeb45c9bec2b3e7876621f923bc1675063994094	2021	International Conference on Advanced Computer Science and Information System	2021 International Conference on Advanced Computer Science and Information Systems (ICACSIS)	10	
5588	https://doi.org/10.1613/JAIR.1.12007	4d08dcd2cc1e9691defe664a10f021424a896a1e	4d08dcd2cc1e9691defe664a10f021424a896a1e	2019	Journal of Artificial Intelligence Research	J. Artif. Intell. Res.	354	
5541	https://doi.org/10.1109/ICFHR.2016.0042	e2ef0351c59f49415a980fce2a6cd3e52ca94506	e2ef0351c59f49415a980fce2a6cd3e52ca94506	2016	International Conference on Frontiers in Handwriting Recognition	2016 15th International Conference on Frontiers in Handwriting Recognition (ICFHR)	34	
5578	https://www.semanticscholar.org/paper/f9f23c63e2822687096b86edf4ae9435cb579b8c	f9f23c63e2822687096b86edf4ae9435cb579b8c	f9f23c63e2822687096b86edf4ae9435cb579b8c	2024	Findings		90	
5773	https://doi.org/10.48550/arXiv.2307.16039	fc84f5b58e68871f3d6889dc2a93dffa7e107be2	fc84f5b58e68871f3d6889dc2a93dffa7e107be2	2023	Conference on Empirical Methods in Natural Language Processing	ArXiv	178	
5774	https://www.semanticscholar.org/paper/93f0902b4267919b63ccd81542affb7abbb4b518	93f0902b4267919b63ccd81542affb7abbb4b518	93f0902b4267919b63ccd81542affb7abbb4b518	2020	International Conference on Language Resources and Evaluation		3	
5808	https://doi.org/10.18653/V1/E17-1042	0a22389bd99b7efe3627ec6fc77ddaf3ff5e2faa	0a22389bd99b7efe3627ec6fc77ddaf3ff5e2faa	2016	Conference of the European Chapter of the Association for Computational Linguistics		1115	
5831	https://doi.org/10.1145/1060745.1060797	2671e9ff0eb68739d6610cf67937e6b34a2fcf10	2671e9ff0eb68739d6610cf67937e6b34a2fcf10	2005	The Web Conference		1884	
5833	https://doi.org/10.1109/ICAICTA49861.2020.9429032	d463beaf9306326d9374cbd3510695fcf17b5c57	d463beaf9306326d9374cbd3510695fcf17b5c57	2020		2020 7th International Conference on Advance Informatics: Concepts, Theory and Applications (ICAICTA)	17	
5521	https://doi.org/10.1145/3041021.3054223	651644a5dbbe97cf69e4e64c0c6afb2b532c447d	651644a5dbbe97cf69e4e64c0c6afb2b532c447d	2017	The Web Conference	Proceedings of the 26th International Conference on World Wide Web Companion	1177	
5547	https://doi.org/10.1371/journal.pone.0196391	892c911ca68f5b4bad59cde7eeb6c738ec6c4586	892c911ca68f5b4bad59cde7eeb6c738ec6c4586	2018	PLoS ONE	PLoS ONE	1837	
7190	https://doi.org/10.1145/3368567.3368584	9fff5516e8ee76106a3ba9d266fd4acf372c076f	9fff5516e8ee76106a3ba9d266fd4acf372c076f	2019	Fire	Proceedings of the 11th Annual Meeting of the Forum for Information Retrieval Evaluation	344	
7231	https://doi.org/10.17562/PB-37-3	5f5167f1ca76e7306c12abaae301ed6c2b1d81ed	5f5167f1ca76e7306c12abaae301ed6c2b1d81ed	2008		Polibits	38	
7321	https://doi.org/10.1093/APPLIN/20.4.481	9b04acc9f38e4a14fefb98f23f7de912386d47eb	9b04acc9f38e4a14fefb98f23f7de912386d47eb	1999		Applied Linguistics	69	
7392	https://www.semanticscholar.org/paper/880c3a51450b9a4c9f3c0de44352b2ae0f8a3e63	880c3a51450b9a4c9f3c0de44352b2ae0f8a3e63	880c3a51450b9a4c9f3c0de44352b2ae0f8a3e63	2019	arXiv.org	ArXiv	25	
9630	https://doi.org/10.1007/978-3-319-67056-0_3	fdaa957d6c0a5c99b1cdbbf9054fe9eeed40b01c	fdaa957d6c0a5c99b1cdbbf9054fe9eeed40b01c	2018			132	
10233	https://doi.org/10.1109/AICCSA.2013.6616508	628f0ea04a3bf522a85ebccca6296c882ebdc825	628f0ea04a3bf522a85ebccca6296c882ebdc825	2013	ACS/IEEE International Conference on Computer Systems and Applications	2013 ACS International Conference on Computer Systems and Applications (AICCSA)	18	
10560	https://doi.org/10.1109/icisct52966.2021.9670140	3749ae410addda3338023ecccb5c99681d853589	3749ae410addda3338023ecccb5c99681d853589	2021		2021 International Conference on Information Science and Communications Technologies (ICISCT)	2	
10902	https://www.semanticscholar.org/paper/d88c756b301859880d263230f8e2e0438a499bde	d88c756b301859880d263230f8e2e0438a499bde	d88c756b301859880d263230f8e2e0438a499bde	2010			105	
8827	https://doi.org/10.1007/978-3-030-87802-3_5	b5d33f96ef7301a9706da5128591dd0bf98e4507	b5d33f96ef7301a9706da5128591dd0bf98e4507	2021	International Conference on Speech and Computer		5	
7536	https://doi.org/10.1109/NCVPRIPG.2015.7490020	9efcb0cecfa6a5ce59b891e809353725a7073de5	9efcb0cecfa6a5ce59b891e809353725a7073de5	2015	National Conference on Computer Vision, Pattern Recognition, Image Processing, and Graphics	2015 Fifth National Conference on Computer Vision, Pattern Recognition, Image Processing and Graphics (NCVPRIPG)	18	
7537	https://doi.org/10.1109/NCVPRIPG.2015.7490020	9efcb0cecfa6a5ce59b891e809353725a7073de5	9efcb0cecfa6a5ce59b891e809353725a7073de5	2015	National Conference on Computer Vision, Pattern Recognition, Image Processing, and Graphics	2015 Fifth National Conference on Computer Vision, Pattern Recognition, Image Processing and Graphics (NCVPRIPG)	18	
a5552	https://doi.org/10.1109/ICAICTA.2019.8904199	26dc86404fac9d8ead6c98e8237e29c4a5f7981f	26dc86404fac9d8ead6c98e8237e29c4a5f7981f	2019		2019 International Conference of Advanced Informatics: Concepts, Theory and Applications (ICAICTA)	41	
5552	https://doi.org/10.1109/IALP.2018.8629181	f2731766bcaaf8589063642cb30e824eea163d4c	f2731766bcaaf8589063642cb30e824eea163d4c	2018	International Conference on Asian Language Processing	2018 International Conference on Asian Language Processing (IALP)	50	
5617	https://doi.org/10.1109/ICEEI47359.2019.8988898	eb230fb0ba0e86d08d0e3f4350332b09820f5de4	eb230fb0ba0e86d08d0e3f4350332b09820f5de4	2019	International Conference on Electrical Engineering and Informatics	2019 International Conference on Electrical Engineering and Informatics (ICEEI)	15	
5616	https://doi.org/10.29207/resti.v5i6.3521	7e8be7e7ccbe988dc403b3805474c4b99225a184	7e8be7e7ccbe988dc403b3805474c4b99225a184	2021	Jurnal RESTI (Rekayasa Sistem dan Teknologi Informasi)	Jurnal RESTI (Rekayasa Sistem dan Teknologi Informasi)	23	
5585	https://doi.org/10.1162/tacl_a_00317	83a820fe19944a7621238b8cfcc0b8a0cbc0f4b6	83a820fe19944a7621238b8cfcc0b8a0cbc0f4b6	2020	Transactions of the Association for Computational Linguistics	Transactions of the Association for Computational Linguistics	661	
5549	https://doi.org/10.1109/ICoICT52021.2021.9527450	911133455682b19b53e187a4830e55db824907ed	911133455682b19b53e187a4830e55db824907ed	2021	International Conference on Information and Communicatiaon Technology	2021 9th International Conference on Information and Communication Technology (ICoICT)	5	
6	https://doi.org/10.48550/arXiv.2503.19642	5378b13489fa6209abece0b0058edcea5db3b863	5378b13489fa6209abece0b0058edcea5db3b863	2025	arXiv.org	ArXiv	1	
138	https://doi.org/10.1007/978-981-33-4084-8_4	4220eddf15ca2fa85918a2d240d0a50320acd44f	4220eddf15ca2fa85918a2d240d0a50320acd44f	2021		Proceedings of the International Conference on Computing and Communication Systems	16	
133	https://www.semanticscholar.org/paper/05582b1f331e736677f601625ef8668032984ea2	05582b1f331e736677f601625ef8668032984ea2	05582b1f331e736677f601625ef8668032984ea2	2005	˜The œinternational Arab journal of information technology	Int. Arab J. Inf. Technol.	22	
132	https://doi.org/10.5120/17522-8084	399be02d5c63baea054a56d123af066ef9324154	399be02d5c63baea054a56d123af066ef9324154	2014		International Journal of Computer Applications	14	
141	https://doi.org/10.1145/2432553.2432566	da1deaa8d7813cbb03bd31a593d49cdcee28eb9b	da1deaa8d7813cbb03bd31a593d49cdcee28eb9b	2012			12	
140	https://doi.org/10.1007/978-3-030-42363-6_15	aa1777f2c7034bdd37d0c091a9202f2204bd7c94	aa1777f2c7034bdd37d0c091a9202f2204bd7c94	2019			5	
166	https://www.semanticscholar.org/paper/81ed0e757ae2d66a43d73407ad6f7e0359adf6d7	81ed0e757ae2d66a43d73407ad6f7e0359adf6d7	81ed0e757ae2d66a43d73407ad6f7e0359adf6d7	2020	arXiv.org	ArXiv	106	
164	https://www.semanticscholar.org/paper/c794da8601b9d77635d7204b49aa10decd4cacd7	c794da8601b9d77635d7204b49aa10decd4cacd7	c794da8601b9d77635d7204b49aa10decd4cacd7	2015	arXiv.org	ArXiv	12	
157	https://doi.org/10.48550/arXiv.2409.08706	86ec99323303fbef3a385033204ea61646ba3203	86ec99323303fbef3a385033204ea61646ba3203	2024	Pacific Asia Conference on Language, Information and Computation	ArXiv	7	
146	https://www.semanticscholar.org/paper/0b6df9e9b7d3ca332600bb8ac24ff2f957b80768	0b6df9e9b7d3ca332600bb8ac24ff2f957b80768	0b6df9e9b7d3ca332600bb8ac24ff2f957b80768	2023	Pacific Asia Conference on Language, Information and Computation		4	
144	https://doi.org/10.52783/jes.1506	8c0f917262badd552b3dcd405ab6fd35cab718c5	8c0f917262badd552b3dcd405ab6fd35cab718c5	2024	Journal of Electrical Systems	Journal of Electrical Systems	1	
137	https://www.semanticscholar.org/paper/b51ce2126eadf25586b118b284cc5dfa0065b557	b51ce2126eadf25586b118b284cc5dfa0065b557	b51ce2126eadf25586b118b284cc5dfa0065b557	2022	Taiwan Conference on Computational Linguistics and Speech Processing		12	
136	https://doi.org/10.48550/arXiv.2207.03422	7881a1982a565f6d4125dec52c7b7a904dd97c2b	7881a1982a565f6d4125dec52c7b7a904dd97c2b	2022	International Conference on Language Resources and Evaluation		9	
150	https://www.semanticscholar.org/paper/bfdc43beebd1f0d2b24b8f1564a9072bb21a6a64	bfdc43beebd1f0d2b24b8f1564a9072bb21a6a64	bfdc43beebd1f0d2b24b8f1564a9072bb21a6a64	2021			7	
149	https://doi.org/10.18653/v1/2020.loresmt-1.9	beb4d58f53b45ee2f7757fc25d3538b022bcb614	beb4d58f53b45ee2f7757fc25d3538b022bcb614	2020		Proceedings of the 3rd Workshop on Technologies for MT of Low Resource Languages	17	
176	https://www.semanticscholar.org/paper/56051929213235139795ed282f1ad0b30c549ac8	56051929213235139795ed282f1ad0b30c549ac8	56051929213235139795ed282f1ad0b30c549ac8	2016	International Conference on Language Resources and Evaluation		5	
189	https://www.semanticscholar.org/paper/0a1cf8dbb859c13cbdb40788d7e69060155f9d77	0a1cf8dbb859c13cbdb40788d7e69060155f9d77	0a1cf8dbb859c13cbdb40788d7e69060155f9d77	2014	International Conference on Language Resources and Evaluation		114	
177	https://www.semanticscholar.org/paper/ed20e4ca1741b8b3a74a049010435cb6bf815c2d	ed20e4ca1741b8b3a74a049010435cb6bf815c2d	ed20e4ca1741b8b3a74a049010435cb6bf815c2d	2016	International Conference on Language Resources and Evaluation		72	
717	https://doi.org/10.1109/NCC.2012.6176831	003c4a2cd63e775ebe8cf674e9a577d05a7e2b24	003c4a2cd63e775ebe8cf674e9a577d05a7e2b24	2012	National Conference on Communications	2012 National Conference on Communications (NCC)	56	
760	https://www.semanticscholar.org/paper/901b36e56d80f2e36eab150d85d631450b23785e	901b36e56d80f2e36eab150d85d631450b23785e	901b36e56d80f2e36eab150d85d631450b23785e	2013			3	
765	https://doi.org/10.11591/ijece.v9i4.pp3194-3202	db197542ec20ea52b34eab89435cafae3acea459	db197542ec20ea52b34eab89435cafae3acea459	2019	International Journal of Electrical and Computer Engineering (IJECE)	International Journal of Electrical and Computer Engineering (IJECE)	6	
764	https://doi.org/10.1109/ICSDA.2017.8384451	636f8c339c312c65d2842dd268e2707220722e93	636f8c339c312c65d2842dd268e2707220722e93	2017	Oriental COCOSDA International Conference on Speech Database and Assessments	2017 20th Conference of the Oriental Chapter of the International Coordinating Committee on Speech Databases and Speech I/O Systems and Assessment (O-COCOSDA)	2	
758	https://doi.org/10.21437/Eurospeech.2003-150	9cee27024667b035d4b713d99dae795c4d841d03	9cee27024667b035d4b713d99dae795c4d841d03	2003	Interspeech		162	
828	https://www.semanticscholar.org/paper/4ddb51690435785cdadbe3ce3907a5f3495acb46	4ddb51690435785cdadbe3ce3907a5f3495acb46	4ddb51690435785cdadbe3ce3907a5f3495acb46	1966			23	
821	https://doi.org/10.1016/j.dib.2021.107479	09dfd1a8a2f218f90ed621f08ab31aab32d23168	09dfd1a8a2f218f90ed621f08ab31aab32d23168	2021	Data in Brief	Data in Brief	9	
832	https://www.semanticscholar.org/paper/602db1616942b9d4d408b4934c766da8e67854f4	602db1616942b9d4d408b4934c766da8e67854f4	602db1616942b9d4d408b4934c766da8e67854f4	2021	arXiv.org	ArXiv	4	
820	https://doi.org/10.21928/juhd.v1n4y2015.pp393-397	886475a043d324b0a8aa403ec99ba0c0e0d45dba	886475a043d324b0a8aa403ec99ba0c0e0d45dba	2015			10	
835	https://doi.org/10.1177/0165551516683617	3da81146139cc9f6b57c23b9a55a5ea59ad4bc51	3da81146139cc9f6b57c23b9a55a5ea59ad4bc51	2018	Journal of information science	Journal of Information Science	25	
836	https://doi.org/10.1109/ICDT.2009.29	f710783bf888752e2e0cf3481edcb90a61e92e92	f710783bf888752e2e0cf3481edcb90a61e92e92	2009		2009 Fourth International Conference on Digital Telecommunications	10	
843	https://www.semanticscholar.org/paper/b103e1ec19f19780c2b172be85b2f0863fa20c8b	b103e1ec19f19780c2b172be85b2f0863fa20c8b	b103e1ec19f19780c2b172be85b2f0863fa20c8b	2010			46	
849	https://doi.org/10.1109/ICFHR.2016.0090	c4f553149a59a339456969b601e00e4a827a93a7	c4f553149a59a339456969b601e00e4a827a93a7	2016	International Conference on Frontiers in Handwriting Recognition	2016 15th International Conference on Frontiers in Handwriting Recognition (ICFHR)	29	
852	https://doi.org/10.1109/ICET.2009.5353160	6aadc9fc2aa39eadc36b8c5adf9b56e63fd6215b	6aadc9fc2aa39eadc36b8c5adf9b56e63fd6215b	2009	International Conference on Emerging Technologies	2009 International Conference on Emerging Technologies	22	
1719	https://doi.org/10.1109/icccnt45670.2019.8944868	9434d4f4840d458e23e0f7401d0e00c6466be270	9434d4f4840d458e23e0f7401d0e00c6466be270	2019	International Conference on Computing Communication and Networking Technologies	2019 10th International Conference on Computing, Communication and Networking Technologies (ICCCNT)	22	
1977	https://doi.org/10.1162/tacl_a_00317	83a820fe19944a7621238b8cfcc0b8a0cbc0f4b6	83a820fe19944a7621238b8cfcc0b8a0cbc0f4b6	2020	Transactions of the Association for Computational Linguistics	Transactions of the Association for Computational Linguistics	661	
1978	https://doi.org/10.5788/18-0-488	607c448791b0be00aa1eb53ab3bb9a6285448986	607c448791b0be00aa1eb53ab3bb9a6285448986	2009		Lexikos	44	
2141	https://doi.org/10.1145/3383306	ffe6e99e12768ae01d0caa823ed0b24185520a41	ffe6e99e12768ae01d0caa823ed0b24185520a41	2020		ACM Transactions on Asian and Low-Resource Language Information Processing (TALLIP)	22	
4404	https://doi.org/10.1007/s40012-014-0059-z	d697340cf59b90b7e987dacab2bb3b746e7ff134	d697340cf59b90b7e987dacab2bb3b746e7ff134	2015	CSI Transactions on ICT	CSI Transactions on ICT	0	
4405	https://doi.org/10.1109/ic-ETITE47903.2020.410	de9541573026878f2a54c980aac57e5b6bb3162a	de9541573026878f2a54c980aac57e5b6bb3162a	2020		2020 International Conference on Emerging Trends in Information Technology and Engineering (ic-ETITE)	11	
4407	https://doi.org/10.1007/978-981-10-3920-1_46	eb06564e48ee7eb81d2dbb22a3234046a3424268	eb06564e48ee7eb81d2dbb22a3234046a3424268	2018			8	
4408	https://www.semanticscholar.org/paper/1d480a2ae449ee625aa543610ed2574e3c87643e	1d480a2ae449ee625aa543610ed2574e3c87643e	1d480a2ae449ee625aa543610ed2574e3c87643e	2016			88	
4414	https://doi.org/10.1109/ICSSIT53264.2022.9716483	e5b02fe61d7567aa411990f56430403089049e9c	e5b02fe61d7567aa411990f56430403089049e9c	2022		2022 4th International Conference on Smart Systems and Inventive Technology (ICSSIT)	8	
4415	https://doi.org/10.1007/978-981-10-3920-1_46	eb06564e48ee7eb81d2dbb22a3234046a3424268	eb06564e48ee7eb81d2dbb22a3234046a3424268	2018			8	
4427	https://doi.org/10.1016/j.patcog.2010.01.008	6d912f5807dfedbee5cf9ca292259e06415062ce	6d912f5807dfedbee5cf9ca292259e06415062ce	2010	Pattern Recognition	Pattern Recognit.	202	
4431	https://doi.org/10.1504/IJAPR.2015.075955	18150ff03fbf89c4d84f24820d8055b3debfb36c	18150ff03fbf89c4d84f24820d8055b3debfb36c	2015	International Journal of Applied Pattern Recognition	Int. J. Appl. Pattern Recognit.	17	
4459	https://doi.org/10.1007/s10791-012-9203-2	b05c34cc70a3b397a9bea1fff48c3adad623152b	b05c34cc70a3b397a9bea1fff48c3adad623152b	2012		Information Retrieval	0	
4470	https://www.semanticscholar.org/paper/bbaa0815c38e1be942b64bf21b378e6c59f8d64a	bbaa0815c38e1be942b64bf21b378e6c59f8d64a	bbaa0815c38e1be942b64bf21b378e6c59f8d64a	2022			10	
4501	https://www.semanticscholar.org/paper/022bd7119eefbb248f8315b2546462bb6fb37627	022bd7119eefbb248f8315b2546462bb6fb37627	022bd7119eefbb248f8315b2546462bb6fb37627				12	
5516	https://doi.org/10.1016/J.PROCS.2021.01.059	6f74cff7768dcc49f3f9a4e72c3fd758c98f9ffe	6f74cff7768dcc49f3f9a4e72c3fd758c98f9ffe	2021		Procedia Computer Science	45	
5518	https://doi.org/10.21437/Interspeech.2014-564	5d833331b0e22ff359db05c62a8bca18c4f04b68	5d833331b0e22ff359db05c62a8bca18c4f04b68	2013	Interspeech		1130	
5527	https://doi.org/10.14569/IJACSA.2016.070358	683cbcd1c54a1f163b160c462aec804ce4cd0943	683cbcd1c54a1f163b160c462aec804ce4cd0943	2016		International Journal of Advanced Computer Science and Applications	11	
5649	https://www.semanticscholar.org/paper/e0e68cedb8d1cd2643da97fe223b096ad851aa4c	e0e68cedb8d1cd2643da97fe223b096ad851aa4c	e0e68cedb8d1cd2643da97fe223b096ad851aa4c	2016	International Conference on Language Resources and Evaluation		15	
5738	https://doi.org/10.1109/SLT.2014.7078619	fa1d68e8f151996abae6c7e23393fb7ebbb13379	fa1d68e8f151996abae6c7e23393fb7ebbb13379	2014	Spoken Language Technology Workshop	2014 IEEE Spoken Language Technology Workshop (SLT)	11	
5662	https://doi.org/10.1145/2348283.2348380	5feb6d5f47295009ac8286a1cb2aa065aaf3ea9a	5feb6d5f47295009ac8286a1cb2aa065aaf3ea9a	2012	Annual International ACM SIGIR Conference on Research and Development in Information Retrieval		294	
5642	https://doi.org/10.1109/I2CT57861.2023.10126234	2921cda284af104753a30f66172701149480fb2c	2921cda284af104753a30f66172701149480fb2c	2023		2023 IEEE 8th International Conference for Convergence in Technology (I2CT)	4	
5670	https://doi.org/10.1109/IALP.2016.7876005	1badaaa8ddee689b771dc9af9089df839bc59ee7	1badaaa8ddee689b771dc9af9089df839bc59ee7	2016	International Conference on Asian Language Processing	2016 International Conference on Asian Language Processing (IALP)	13	
5696	https://www.semanticscholar.org/paper/2c08e64edebbeafd4e85d68c08ba272a2455f75e	2c08e64edebbeafd4e85d68c08ba272a2455f75e	2c08e64edebbeafd4e85d68c08ba272a2455f75e	2003			12	
5654	https://doi.org/10.1111/1467-839X.00086	613c18ae4ad517db683650040a6d978ef47a1591	613c18ae4ad517db683650040a6d978ef47a1591	2001		Asian Journal of Social Psychology	143	
5524	https://doi.org/10.1016/j.procs.2019.11.155	b983bc3d697e42daef556f6a276e7fe262e9f3c6	b983bc3d697e42daef556f6a276e7fe262e9f3c6	2019	Procedia Computer Science	Procedia Computer Science	13	
5667	https://doi.org/10.1109/ic2ie47452.2019.8940826	5d6245d1ac36d7d54d7c261896bbe72e0eff6c44	5d6245d1ac36d7d54d7c261896bbe72e0eff6c44	2019		2019 2nd International Conference of Computer and Informatics Engineering (IC2IE)	3	
5645	https://doi.org/10.1109/IC2IE60547.2023.10331336	5ad01ad37c16b4e803a25496dd1f2eb977ffc5b5	5ad01ad37c16b4e803a25496dd1f2eb977ffc5b5	2023		2023 6th International Conference of Computer and Informatics Engineering (IC2IE)	1	
5557	https://doi.org/10.1016/J.PROCS.2016.04.053	f9012e951d63108d4042cf5d7067eaf4bf3ee7f6	f9012e951d63108d4042cf5d7067eaf4bf3ee7f6	2016	Workshop on Spoken Language Technologies for Under-resourced Languages		36	
5684	https://doi.org/10.1109/CITSM.2016.7577585	f168f0baea4cb38491e7c1889a62ad5f334d921e	f168f0baea4cb38491e7c1889a62ad5f334d921e	2016		2016 4th International Conference on Cyber and IT Service Management	7	
5576	https://doi.org/10.1109/IC3INA.2018.8629519	96bbf3c2da5bf53e815e7524b4648649eed908b6	96bbf3c2da5bf53e815e7524b4648649eed908b6	2018	International Conference on Computer, Control, Informatics and its Applications	2018 International Conference on Computer, Control, Informatics and its Applications (IC3INA)	9	
5577	https://doi.org/10.1109/ICEEIE47180.2019.8981479	40e2bf248e19fd0821e7adf43b405081744e27cc	40e2bf248e19fd0821e7adf43b405081744e27cc	2019		2019 International Conference on Electrical, Electronics and Information Engineering (ICEEIE)	21	
5657	https://doi.org/10.34123/SEMNASOFFSTAT.V2020I1.601	921c2d9421e68029aff6862b010463d9075e46cc	921c2d9421e68029aff6862b010463d9075e46cc	2021	Seminar Nasional Official Statistics	Seminar Nasional Official Statistics	5	
5665	https://www.semanticscholar.org/paper/8ed9c7d54fd3f0b1ce3815b2eca82147b771ca8f	8ed9c7d54fd3f0b1ce3815b2eca82147b771ca8f	8ed9c7d54fd3f0b1ce3815b2eca82147b771ca8f	2003			323	
5687	https://www.semanticscholar.org/paper/1540afe9197e371b64d157bf3614fcef709ad292	1540afe9197e371b64d157bf3614fcef709ad292	1540afe9197e371b64d157bf3614fcef709ad292	2015			20	
5688	https://www.semanticscholar.org/paper/33b9c2c8411276a7f565a1af8beff509fccd0a9a	33b9c2c8411276a7f565a1af8beff509fccd0a9a	33b9c2c8411276a7f565a1af8beff509fccd0a9a	2014			56	
5584	https://www.semanticscholar.org/paper/57dff08efcb9e2d6417a1e851a23109e03bf0c56	57dff08efcb9e2d6417a1e851a23109e03bf0c56	57dff08efcb9e2d6417a1e851a23109e03bf0c56	2007	Artificial Intelligence and Applications		23	
5568	https://doi.org/10.1109/ICOICT.2017.8074652	3a0792cdf5746db6a94877205fa79605f09f638a	3a0792cdf5746db6a94877205fa79605f09f638a	2017	International Conference on Information and Communicatiaon Technology	2017 5th International Conference on Information and Communication Technology (ICoIC7)	27	
5574	https://doi.org/10.1016/J.WEBSEM.2009.07.002	58f72b53d576c6e4a42b4d8812e5542ffa2c03cc	58f72b53d576c6e4a42b4d8812e5542ffa2c03cc	2009	Journal of Web Semantics	J. Web Semant.	2493	
5677	https://doi.org/10.1109/CDAN.2016.7570949	192476a0a6c261fc8c2e8179987d4ddc7bda334b	192476a0a6c261fc8c2e8179987d4ddc7bda334b	2016	Symposium on Colossal Data Analysis and Networking	2016 Symposium on Colossal Data Analysis and Networking (CDAN)	49	
5571	https://doi.org/10.14236/EWIC/EASE2006.10	f635740af4f4c05d639a8c0e5035dbeb405858f3	f635740af4f4c05d639a8c0e5035dbeb405858f3	2006	International Conference on Evaluation & Assessment in Software Engineering		127	
5672	https://doi.org/10.1109/ICOICT.2016.7571935	f57afe2dd32c3ae4e2e9f278eb521b019b215c5a	f57afe2dd32c3ae4e2e9f278eb521b019b215c5a	2016	International Conference on Information and Communicatiaon Technology	2016 4th International Conference on Information and Communication Technology (ICoICT)	3	
5710	https://doi.org/10.1166/ASL.2018.10675	95f871b2f7f198ab4137fc3e2e7224d02f985750	95f871b2f7f198ab4137fc3e2e7224d02f985750	2018		Advanced Science Letters	9	
5525	https://doi.org/10.1016/J.PROCS.2018.08.193	bbcd6ac0e56e75a8967e77ce89e4c6fbcda67e98	bbcd6ac0e56e75a8967e77ce89e4c6fbcda67e98	2018	International Conference on Computer Science and Computational Intelligence		48	
5526	https://doi.org/10.1016/J.PROCS.2016.04.053	f9012e951d63108d4042cf5d7067eaf4bf3ee7f6	f9012e951d63108d4042cf5d7067eaf4bf3ee7f6	2016	Workshop on Spoken Language Technologies for Under-resourced Languages		36	
5529	https://doi.org/10.1109/KST51265.2021.9415829	db3c40a82226ee097996fda83779693bf5361711	db3c40a82226ee097996fda83779693bf5361711	2021	International Conference on Knowledge and Smart Technology	2021 13th International Conference on Knowledge and Smart Technology (KST)	7	
5531	https://doi.org/10.1109/AGERS51788.2020.9452770	e38b839536ef7b0f5e1b8a305fca9c9f25ff4fdd	e38b839536ef7b0f5e1b8a305fca9c9f25ff4fdd	2020		2020 IEEE Asia-Pacific Conference on Geoscience, Electronics and Remote Sensing Technology (AGERS)	5	
5532	https://doi.org/10.1109/ICAICTA.2016.7803103	03ecbbd309e15b2c58fd91a0dd2ca77226d6171d	03ecbbd309e15b2c58fd91a0dd2ca77226d6171d	2016		2016 International Conference On Advanced Informatics: Concepts, Theory And Application (ICAICTA)	52	
5533	https://doi.org/10.1109/ICIMCIS48181.2019.8985194	1b4f25939fc75f59028a222e85dd251561f36f90	1b4f25939fc75f59028a222e85dd251561f36f90	2019		2019 International Conference on Informatics, Multimedia, Cyber and Information System (ICIMCIS)	5	
5614	https://doi.org/10.18653/v1/N16-2013	df704cca917666dace4e42b4d3a50f65597b8f06	df704cca917666dace4e42b4d3a50f65597b8f06	2016	North American Chapter of the Association for Computational Linguistics		1696	
5791	https://doi.org/10.1109/ICACSIS.2018.8618182	152962b70f2fe9f4074dab581effe2612a6b2f30	152962b70f2fe9f4074dab581effe2612a6b2f30	2018	International Conference on Advanced Computer Science and Information System	2018 International Conference on Advanced Computer Science and Information Systems (ICACSIS)	26	
5693	https://doi.org/10.1109/ICELTICs50595.2020.9315538	f75927baed935adb8894b3145ed0fe54aa860f9a	f75927baed935adb8894b3145ed0fe54aa860f9a	2020	International Conference on Electrical Engineering and Informatics	2020 International Conference on Electrical Engineering and Informatics (ICELTICs)	7	
5652	https://doi.org/10.1109/SLT.2014.7078619	fa1d68e8f151996abae6c7e23393fb7ebbb13379	fa1d68e8f151996abae6c7e23393fb7ebbb13379	2014	Spoken Language Technology Workshop	2014 IEEE Spoken Language Technology Workshop (SLT)	11	
5683	https://doi.org/10.3991/IJET.V13I08.8084	092de720ea423b41e34677aad458fc5c449ce8aa	092de720ea423b41e34677aad458fc5c449ce8aa	2018	International Journal of Emerging Technologies in Learning (iJET)	Int. J. Emerg. Technol. Learn.	7	
5633	https://doi.org/10.1109/ICSTC.2018.8528283	4f5a99846f0fc58beba12ce9c14c23e6c0a6e8ff	4f5a99846f0fc58beba12ce9c14c23e6c0a6e8ff	2018	International Conference on Information Control Systems & Technologies	2018 4th International Conference on Science and Technology (ICST)	6	
5661	https://doi.org/10.18653/v1/2020.semeval-1.170	420eb7f0a3c0598c996a03821d9ff0d4c8c5a96f	420eb7f0a3c0598c996a03821d9ff0d4c8c5a96f	2020	International Workshop on Semantic Evaluation	ArXiv	6	
5567	https://doi.org/10.1109/CITSM52892.2021.9589004	420b6fa7a5ee2cea48034629a3d6062a3f0fa6a4	420b6fa7a5ee2cea48034629a3d6062a3f0fa6a4	2021		2021 9th International Conference on Cyber and IT Service Management (CITSM)	8	
5615	https://doi.org/10.18653/v1/W19-3506	ad3b9d3136037eeaade13580050cbb16640aa084	ad3b9d3136037eeaade13580050cbb16640aa084	2019		Proceedings of the Third Workshop on Abusive Language Online	219	
5678	https://doi.org/10.1109/ICECCE52056.2021.9514223	9a61becd00b350d297dc98cbc63d36f7f5203315	9a61becd00b350d297dc98cbc63d36f7f5203315	2021		2021 International Conference on Electrical, Communication, and Computer Engineering (ICECCE)	8	
5517	https://www.semanticscholar.org/paper/49917b77c8dbbaf55da7194f8b0b7b92edfa1690	49917b77c8dbbaf55da7194f8b0b7b92edfa1690	49917b77c8dbbaf55da7194f8b0b7b92edfa1690	2015			17	
5522	https://doi.org/10.1007/11563983_7	29a38fbd771145dc1f5d88d08d515356a8e848f4	29a38fbd771145dc1f5d88d08d515356a8e848f4	2005	IFIP Working Conference on Database Semantics		37	
5694	https://www.semanticscholar.org/paper/2c08e64edebbeafd4e85d68c08ba272a2455f75e	2c08e64edebbeafd4e85d68c08ba272a2455f75e	2c08e64edebbeafd4e85d68c08ba272a2455f75e	2003			12	
5621	https://doi.org/10.1016/J.PROCS.2018.08.169	3d5e7476a13bdf183640a1b6fb653a331bfbfed0	3d5e7476a13bdf183640a1b6fb653a331bfbfed0	2018	International Conference on Computer Science and Computational Intelligence		120	
5519	https://doi.org/10.1016/J.PROCS.2018.08.169	3d5e7476a13bdf183640a1b6fb653a331bfbfed0	3d5e7476a13bdf183640a1b6fb653a331bfbfed0	2018	International Conference on Computer Science and Computational Intelligence		120	
5528	https://doi.org/10.1016/J.PROCS.2018.08.169	3d5e7476a13bdf183640a1b6fb653a331bfbfed0	3d5e7476a13bdf183640a1b6fb653a331bfbfed0	2018	International Conference on Computer Science and Computational Intelligence		120	
5666	https://doi.org/10.1109/ICACSIS51025.2020.9263157	b7bc1d773ca3982f4132e111d55b5281d09e7c39	b7bc1d773ca3982f4132e111d55b5281d09e7c39	2020	International Conference on Advanced Computer Science and Information System	2020 International Conference on Advanced Computer Science and Information Systems (ICACSIS)	13	
5594	https://doi.org/10.31294/instk.v2i1.419	f9bc748159fc6958d533f4a5c02e7f5a5aa47ea6	f9bc748159fc6958d533f4a5c02e7f5a5aa47ea6	2021	INSANtek	INSANtek	4	
5656	https://doi.org/10.18653/v1/D19-5554	e7a07220abe9a0be361620b6cfc9452878ad0a53	e7a07220abe9a0be361620b6cfc9452878ad0a53	2019	Conference on Empirical Methods in Natural Language Processing		51	
5732	https://www.semanticscholar.org/paper/7562204c80b95b7d5dfb3d1138fda76d903e7e41	7562204c80b95b7d5dfb3d1138fda76d903e7e41	7562204c80b95b7d5dfb3d1138fda76d903e7e41	2019			2	
5530	https://doi.org/10.1109/ICAICTA.2015.7335365	b4e6bcae2bb856497e660b852de5b0ba51cf8073	b4e6bcae2bb856497e660b852de5b0ba51cf8073	2015		2015 2nd International Conference on Advanced Informatics: Concepts, Theory and Applications (ICAICTA)	9	
5775	https://doi.org/10.31219/osf.io/ujmte	029f21227043cf788872f7251b0cf5d3177e4348	029f21227043cf788872f7251b0cf5d3177e4348	2020			328	
5603	https://doi.org/10.1016/j.procs.2023.01.221	6d7182c9f1019674b37c254b4b2b6779a6a6c436	6d7182c9f1019674b37c254b4b2b6779a6a6c436	2023	Procedia Computer Science	Procedia Computer Science	69	
5595	https://www.semanticscholar.org/paper/1b560f892432fb853d233c92f9294640bc91de3c	1b560f892432fb853d233c92f9294640bc91de3c	1b560f892432fb853d233c92f9294640bc91de3c	2012	International Conference on Language Resources and Evaluation		477	
5600	https://www.semanticscholar.org/paper/38142195ecbeda00b25108e435183c87a7a76ac3	38142195ecbeda00b25108e435183c87a7a76ac3	38142195ecbeda00b25108e435183c87a7a76ac3	2018	International Conference on Language Resources and Evaluation		8	
5744	https://doi.org/10.31091/MUDRA.V33I1.196	5b3100b49adf6360fed35f3ab56bcdeb97df21ac	5b3100b49adf6360fed35f3ab56bcdeb97df21ac	2018			9	
5627	https://doi.org/10.18653/v1/W19-3506	ad3b9d3136037eeaade13580050cbb16640aa084	ad3b9d3136037eeaade13580050cbb16640aa084	2019		Proceedings of the Third Workshop on Abusive Language Online	219	
5629	https://doi.org/10.1109/IALP.2018.8629144	f11aa3672eb62e26ecd3424471c32445559d5335	f11aa3672eb62e26ecd3424471c32445559d5335	2018	International Conference on Asian Language Processing	2018 International Conference on Asian Language Processing (IALP)	11	
5698	https://www.semanticscholar.org/paper/41713cdd3af12f4fe8e50fee0d71ffb1a904a49e	41713cdd3af12f4fe8e50fee0d71ffb1a904a49e	41713cdd3af12f4fe8e50fee0d71ffb1a904a49e	2018	Global WordNet Conference		7	
5723	https://doi.org/10.21437/SLTU.2018-14	a0a60eb316aa07798a89e07f206b2d5fd9e51d61	a0a60eb316aa07798a89e07f206b2d5fd9e51d61	2018	Workshop on Spoken Language Technologies for Under-resourced Languages		49	
5565	https://doi.org/10.1109/IBITeC59006.2023.10390908	11d3474a9b8f5cf29d37f13cffc403ddf73abd05	11d3474a9b8f5cf29d37f13cffc403ddf73abd05	2023		2023 IEEE International Biomedical Instrumentation and Technology Conference (IBITeC)	1	
5748	https://doi.org/10.1007/s11263-016-0966-6	97ad70a9fa3f99adf18030e5e38ebe3d90daa2db	97ad70a9fa3f99adf18030e5e38ebe3d90daa2db	2015	International Journal of Computer Vision	International Journal of Computer Vision	5808	
5756	https://doi.org/10.1109/IALP.2018.8629158	875c03206f21883cb5a4310d7f1d7dd037e2a9ff	875c03206f21883cb5a4310d7f1d7dd037e2a9ff	2018	International Conference on Asian Language Processing	2018 International Conference on Asian Language Processing (IALP)	18	
5566	https://doi.org/10.18653/v1/D19-5554	e7a07220abe9a0be361620b6cfc9452878ad0a53	e7a07220abe9a0be361620b6cfc9452878ad0a53	2019	Conference on Empirical Methods in Natural Language Processing		51	
5686	https://www.semanticscholar.org/paper/bd295c8fdf638141cfab227c9692b2fbdc5c2146	bd295c8fdf638141cfab227c9692b2fbdc5c2146	bd295c8fdf638141cfab227c9692b2fbdc5c2146	2013	Annual Meeting of the Association for Computational Linguistics		36	
5792	https://doi.org/10.20473/JISEBI.4.1.57-64	3dd120264e3eda5a9c57ffcd3c0f8ac485bc0711	3dd120264e3eda5a9c57ffcd3c0f8ac485bc0711	2018		Journal of Information Systems Engineering and Business Intelligence	33	
5794	https://doi.org/10.1109/ICTS.2017.8265649	e5b454519c5331d5fcfc8453b832754ec3baf6fb	e5b454519c5331d5fcfc8453b832754ec3baf6fb	2017		2017 11th International Conference on Information & Communication Technology and System (ICTS)	51	
5795	https://www.semanticscholar.org/paper/01e35a95572f8d1b80ab96abce1e1be2675e530e	01e35a95572f8d1b80ab96abce1e1be2675e530e	01e35a95572f8d1b80ab96abce1e1be2675e530e	2006			3	
5798	https://doi.org/10.1109/JCSSE.2019.8864150	c90f13cb465ae25efae928cd0681a1a08017cd2c	c90f13cb465ae25efae928cd0681a1a08017cd2c	2019	International Joint Conference on Computer Science and Software Engineering	2019 16th International Joint Conference on Computer Science and Software Engineering (JCSSE)	10	
5809	https://doi.org/10.1109/ICAICTA.2019.8904199	26dc86404fac9d8ead6c98e8237e29c4a5f7981f	26dc86404fac9d8ead6c98e8237e29c4a5f7981f	2019		2019 International Conference of Advanced Informatics: Concepts, Theory and Applications (ICAICTA)	41	
5812	https://doi.org/10.1109/ICSDA.2017.8384448	d6f0833ec0e3995680670a02fef8f45d32059a84	d6f0833ec0e3995680670a02fef8f45d32059a84	2017	Oriental COCOSDA International Conference on Speech Database and Assessments	2017 20th Conference of the Oriental Chapter of the International Coordinating Committee on Speech Databases and Speech I/O Systems and Assessment (O-COCOSDA)	8	
5821	https://doi.org/10.1109/IALP51396.2020.9310514	8ccc65905aa35f93af17655c1b43a2b6789b39af	8ccc65905aa35f93af17655c1b43a2b6789b39af	2020	International Conference on Asian Language Processing	2020 International Conference on Asian Language Processing (IALP)	3	
5822	https://doi.org/10.1109/ICACSIS.2016.7872776	9ee22ed3666231ee398f623ae107d037c70c324f	9ee22ed3666231ee398f623ae107d037c70c324f	2016	International Conference on Advanced Computer Science and Information System	2016 International Conference on Advanced Computer Science and Information Systems (ICACSIS)	223	
5827	https://doi.org/10.1145/3582768.3582771	fa1e480730b6bbb95d0761629a7d42332d17860f	fa1e480730b6bbb95d0761629a7d42332d17860f	2022	International Conference on Natural Language Processing and Information Retrieval	Proceedings of the 2022 6th International Conference on Natural Language Processing and Information Retrieval	5	
5839	https://doi.org/10.1109/ICIMTech.2019.8843722	d2725da2b51dbeb8350b0ae1e7748683e1bac8d6	d2725da2b51dbeb8350b0ae1e7748683e1bac8d6	2019	International Conference on Information Management and Technology	2019 International Conference on Information Management and Technology (ICIMTech)	44	
5841	https://doi.org/10.1051/e3sconf/202235905001	ba7b57b9dc92a9e95e5922f6922c3a0a9e778cc1	ba7b57b9dc92a9e95e5922f6922c3a0a9e778cc1	2022	E3S Web of Conferences	E3S Web of Conferences	4	
5730	https://www.semanticscholar.org/paper/8ed9c7d54fd3f0b1ce3815b2eca82147b771ca8f	8ed9c7d54fd3f0b1ce3815b2eca82147b771ca8f	8ed9c7d54fd3f0b1ce3815b2eca82147b771ca8f	2003			323	
5853	https://doi.org/10.1088/1757-899X/909/1/012071	eafa7b931cc80e9bbe903406d9a05e552445dfc0	eafa7b931cc80e9bbe903406d9a05e552445dfc0	2020		IOP Conference Series: Materials Science and Engineering	8	
5861	https://doi.org/10.1515/9783110218442	e5fedfc19de70d9c2bf62e86370bfec17189e21a	e5fedfc19de70d9c2bf62e86370bfec17189e21a	2009			76	
6397	https://doi.org/10.29303/jcosine.v4i1.346	61d6f1210be1cc491f0e60ad482cfc4e40f60d9b	61d6f1210be1cc491f0e60ad482cfc4e40f60d9b	2020			6	
6406	https://doi.org/10.30998/JH.V3I1.90	20dad1d778aec129c4866c7a10f7894bbeabe84a	20dad1d778aec129c4866c7a10f7894bbeabe84a	2019		Hortatori : Jurnal Pendidikan Bahasa dan Sastra Indonesia	1	
6418	https://doi.org/10.1145/3639233.3639247	dad5d7af40d3bcdd901645580d3a8dae3e2b86f8	dad5d7af40d3bcdd901645580d3a8dae3e2b86f8	2023	International Conference on Natural Language Processing and Information Retrieval	Proceedings of the 2023 7th International Conference on Natural Language Processing and Information Retrieval	3	
6405	https://www.semanticscholar.org/paper/967db70850f4d79081e750e65aaa4e272cb472ba	967db70850f4d79081e750e65aaa4e272cb472ba	967db70850f4d79081e750e65aaa4e272cb472ba	2018	International Conference on Language Resources and Evaluation		17	
6394	https://www.semanticscholar.org/paper/21b786b3f870fc7fa247c143aa41de88b1fc6141	21b786b3f870fc7fa247c143aa41de88b1fc6141	21b786b3f870fc7fa247c143aa41de88b1fc6141	2018	Neural Information Processing Systems	ArXiv	3281	
6557	https://doi.org/10.1109/O-COCOSDA202152914.2021.9660421	76d322b261e59c9694134a931ba083a12a789c2d	76d322b261e59c9694134a931ba083a12a789c2d	2021	Oriental COCOSDA International Conference on Speech Database and Assessments	2021 24th Conference of the Oriental COCOSDA International Committee for the Co-ordination and Standardisation of Speech Databases and Assessment Techniques (O-COCOSDA)	6	
6541	https://doi.org/10.18653/v1/D19-5201	62305a5110d24767a008c1fcfe3168fe0e4c9a81	62305a5110d24767a008c1fcfe3168fe0e4c9a81	2019	Conference on Empirical Methods in Natural Language Processing		55	
6555	https://doi.org/10.1109/ACCESS.2023.3332361	568ec45ef641b75f0b8152dd31de230fa53e74e4	568ec45ef641b75f0b8152dd31de230fa53e74e4	2023	IEEE Access	IEEE Access	2	
6556	https://www.semanticscholar.org/paper/814a4f680b9ba6baba23b93499f4b48af1a27678	814a4f680b9ba6baba23b93499f4b48af1a27678	814a4f680b9ba6baba23b93499f4b48af1a27678	2020	International Conference on Learning Representations	ArXiv	5720	
6538	https://doi.org/10.21437/Eurospeech.2003-150	9cee27024667b035d4b713d99dae795c4d841d03	9cee27024667b035d4b713d99dae795c4d841d03	2003	Interspeech		162	
6559	https://doi.org/10.18653/v1/S18-1001	66c8ab0b3b7698cf5333c3f7350a6eaa5302294b	66c8ab0b3b7698cf5333c3f7350a6eaa5302294b	2018	International Workshop on Semantic Evaluation		823	
6568	https://doi.org/10.18653/v1/S16-1081	3e555b6054aa6fd4b46f87cd632668aaf8a91db6	3e555b6054aa6fd4b46f87cd632668aaf8a91db6	2016	International Workshop on Semantic Evaluation		639	
6558	https://doi.org/10.3115/v1/S14-2009	2b74f47b1336c948d2371a30209ec56c936763a9	2b74f47b1336c948d2371a30209ec56c936763a9	2014	International Workshop on Semantic Evaluation		586	
6579	https://www.semanticscholar.org/paper/a2d87894b31c8621ec3c3d72328bdfb142ea4b5a	a2d87894b31c8621ec3c3d72328bdfb142ea4b5a	a2d87894b31c8621ec3c3d72328bdfb142ea4b5a	2013	Annual Meeting of the Association for Computational Linguistics		53	
6802	https://doi.org/10.1109/BigComp57234.2023.00037	5f89dfb129c20e35aeeb69639ee964c98b05c0de	5f89dfb129c20e35aeeb69639ee964c98b05c0de	2023	International Conference on Big Data and Smart Computing	2023 IEEE International Conference on Big Data and Smart Computing (BigComp)	2	
6804	https://doi.org/10.48550/arXiv.2205.06072	5036e7c2d0bcd340113e1153e60a2ff913923400	5036e7c2d0bcd340113e1153e60a2ff913923400	2022		ArXiv	21	
6810	https://doi.org/10.1109/JCSSE.2016.7748893	7dde29b919c7b99b2711ec12b385555149ea2d9b	7dde29b919c7b99b2711ec12b385555149ea2d9b	2016	International Joint Conference on Computer Science and Software Engineering	2016 13th International Joint Conference on Computer Science and Software Engineering (JCSSE)	3	
6827	https://doi.org/10.3115/v1/W14-3603	4742e2ab12816c7fada8f1d710b211b5d8b5b759	4742e2ab12816c7fada8f1d710b211b5d8b5b759	2014			60	
6822	https://www.semanticscholar.org/paper/ebdcfcd11c8da6e20e4486b65bed5d23f931dc63	ebdcfcd11c8da6e20e4486b65bed5d23f931dc63	ebdcfcd11c8da6e20e4486b65bed5d23f931dc63	2012	North American Chapter of the Association for Computational Linguistics		214	
6819	https://www.semanticscholar.org/paper/e2ee53e8e1a8f7ae76f4dcf964b9cf0966bb2661	e2ee53e8e1a8f7ae76f4dcf964b9cf0966bb2661	e2ee53e8e1a8f7ae76f4dcf964b9cf0966bb2661	2020			20	
6818	https://www.semanticscholar.org/paper/c7724204465574309251bc61afee3ed832cccc41	c7724204465574309251bc61afee3ed832cccc41	c7724204465574309251bc61afee3ed832cccc41	2014	European Association for Machine Translation Conferences/Workshops		1	
6832	https://doi.org/10.1609/AAAI.V34I05.6360	5f093185ccff65fe350b46eadc4cfbbe80667423	5f093185ccff65fe350b46eadc4cfbbe80667423	2019	AAAI Conference on Artificial Intelligence		72	
6837	https://www.semanticscholar.org/paper/35c6bcc3a86023f95b6be40aa6eddf8df52c027d	35c6bcc3a86023f95b6be40aa6eddf8df52c027d	35c6bcc3a86023f95b6be40aa6eddf8df52c027d	2020	International Conference on Language Resources and Evaluation		12	
7168	https://doi.org/10.1145/2389776.2389779	a746491ecb06e4ad3fb8f934a0531c2cbfaaf7c3	a746491ecb06e4ad3fb8f934a0531c2cbfaaf7c3	2012			6	
7170	https://doi.org/10.1145/3238797	16818a485efb4f324a808982f8160a89f6d2db21	16818a485efb4f324a808982f8160a89f6d2db21	2018		ACM Transactions on Asian and Low-Resource Language Information Processing (TALLIP)	25	
7196	https://www.semanticscholar.org/paper/e6916adb30b22fc5a42174c8307444f05052cd17	e6916adb30b22fc5a42174c8307444f05052cd17	e6916adb30b22fc5a42174c8307444f05052cd17	2019	arXiv.org	ArXiv	6	
7197	https://www.semanticscholar.org/paper/6b48ae58acc2d1a7d73c9c271c0df3307dd2e1c9	6b48ae58acc2d1a7d73c9c271c0df3307dd2e1c9	6b48ae58acc2d1a7d73c9c271c0df3307dd2e1c9	2020	International Conference on Language Resources and Evaluation		42	
7210	https://doi.org/10.1007/978-981-10-8569-7_4	85a658b56b546d14deedce0a5fc89c90c2f3c194	85a658b56b546d14deedce0a5fc89c90c2f3c194	2018			4	
7224	https://doi.org/10.2139/SSRN.3852112	9499b60479d3d974950b36c8fe7df1fe7ae6ad3e	9499b60479d3d974950b36c8fe7df1fe7ae6ad3e	2021		Social Science Research Network	3	
7226	https://doi.org/10.1109/ICSDA.2013.6709893	34b93989b1e6889859ab71319ca1b3011fb7cf99	34b93989b1e6889859ab71319ca1b3011fb7cf99	2013	International Conference Oriental COCOSDA held jointly with Conference on Asian Spoken Language Research and Evaluation	2013 International Conference Oriental COCOSDA held jointly with 2013 Conference on Asian Spoken Language Research and Evaluation (O-COCOSDA/CASLRE)	12	
7227	https://doi.org/10.1007/978-981-13-9187-3_2	51f51279e02d1773c7dfcbe450c800e529a4fb0d	51f51279e02d1773c7dfcbe450c800e529a4fb0d	2018	International Conference on Recent Trends in Image Processing and Pattern Recognition		1	
7230	https://doi.org/10.1007/978-981-16-0507-9_37	e2199c536717ba3ec1ec0951f10d4810d7bcd08f	e2199c536717ba3ec1ec0951f10d4810d7bcd08f	2020	International Conference on Recent Trends in Image Processing and Pattern Recognition		2	
7234	https://doi.org/10.1109/ICNTE56631.2023.10146625	b9003d2afc6edc0585be482d86b7a8ebdb0d0e09	b9003d2afc6edc0585be482d86b7a8ebdb0d0e09	2023	International Conference on Nascent Technologies in Engineering	2023 5th Biennial International Conference on Nascent Technologies in Engineering (ICNTE)	0	
7235	https://doi.org/10.1007/978-981-10-8569-7_4	85a658b56b546d14deedce0a5fc89c90c2f3c194	85a658b56b546d14deedce0a5fc89c90c2f3c194	2018			4	
7236	https://doi.org/10.1007/978-981-10-8569-7_4	85a658b56b546d14deedce0a5fc89c90c2f3c194	85a658b56b546d14deedce0a5fc89c90c2f3c194	2018			4	
7242	https://doi.org/10.18653/v1/K17-3009	ea40fba2dc52bde32dedd45b05f83d27dc2ea6c7	ea40fba2dc52bde32dedd45b05f83d27dc2ea6c7	2017	Conference on Computational Natural Language Learning		584	
7243	https://doi.org/10.3115/1072399.1072415	d5bfbc7a36b3a39a0fa70ad09a83fbec052f7cef	d5bfbc7a36b3a39a0fa70ad09a83fbec052f7cef	1995	Message Understanding Conference		179	
7254	https://doi.org/10.35940/ijitee.b7023.129219	d59ba27bcff972bffb4d508bcb326b15ba18244f	d59ba27bcff972bffb4d508bcb326b15ba18244f	2019		International Journal of Innovative Technology and Exploring Engineering	1	
7260	https://www.semanticscholar.org/paper/eb98c1ab0b81187f49905dfa89a85bc7451c5554	eb98c1ab0b81187f49905dfa89a85bc7451c5554	eb98c1ab0b81187f49905dfa89a85bc7451c5554	2016			3	
7263	https://doi.org/10.1109/ICCICT.2018.8325898	a3eb744527c433e37f3b4b00a30a6dda389bd762	a3eb744527c433e37f3b4b00a30a6dda389bd762	2018	International Conference on Communication, Information & Computing Technology	2018 International Conference on Communication information and Computing Technology (ICCICT)	3	
7264	https://www.semanticscholar.org/paper/67728616a406409dd804f598aa68afcd88f52870	67728616a406409dd804f598aa68afcd88f52870	67728616a406409dd804f598aa68afcd88f52870	2017	International Conference on Dependency Linguistics		9	
7268	https://www.semanticscholar.org/paper/0fe73c19513dfd17372d8ef58da0d0149725832c	0fe73c19513dfd17372d8ef58da0d0149725832c	0fe73c19513dfd17372d8ef58da0d0149725832c	2018	International Conference on Language Resources and Evaluation	ArXiv	1462	
7273	https://doi.org/10.4000/DISCOURS.5852	39f9fbbe0d74e40c6a70c9d8a12afdd35ad21a4e	39f9fbbe0d74e40c6a70c9d8a12afdd35ad21a4e	2009		Discours. Revue de linguistique, psycholinguistique et informatique.A journal of linguistics, psycholinguistics and computational linguistics	94	
7328	https://www.semanticscholar.org/paper/8450c495467c30b0d860adec099d18b86821b482	8450c495467c30b0d860adec099d18b86821b482	8450c495467c30b0d860adec099d18b86821b482	2014			23	
7323	https://doi.org/10.4236/IIM.2014.62004	c8c4d371c9b8a759b3927de6c2b0f1fa98f4501c	c8c4d371c9b8a759b3927de6c2b0f1fa98f4501c	2014		Intelligent Information Management	31	
7335	https://doi.org/10.1001/ARCHNEUR.1994.00540180063015	137743ee8d930661ede1f297d9dc5b593b0d580c	137743ee8d930661ede1f297d9dc5b593b0d580c	1994	Archives of Neurology	Archives of neurology	571	
7326	https://doi.org/10.1109/ISACC.2015.7377332	e0c924ea6670aa268e6dd0ecf5077739db7ae455	e0c924ea6670aa268e6dd0ecf5077739db7ae455	2015		2015 International Symposium on Advanced Computing and Communication (ISACC)	25	
7359	https://doi.org/10.1109/ICASSP.1988.196669	a2a4080f0587dea4c4ff98d18fb1e22273a71665	a2a4080f0587dea4c4ff98d18fb1e22273a71665	1988		ICASSP-88., International Conference on Acoustics, Speech, and Signal Processing	393	
7338	https://doi.org/10.18653/v1/2024.acl-long.44	fe6670cfc0d0dfe184afc8e003df51333d3a750e	fe6670cfc0d0dfe184afc8e003df51333d3a750e	2023	Annual Meeting of the Association for Computational Linguistics		205	
7362	https://www.semanticscholar.org/paper/967db70850f4d79081e750e65aaa4e272cb472ba	967db70850f4d79081e750e65aaa4e272cb472ba	967db70850f4d79081e750e65aaa4e272cb472ba	2018	International Conference on Language Resources and Evaluation		17	
7330	https://doi.org/10.1109/CCCS.2018.8586841	16ccf32ee598036a17778a8155bf9bc5d1bcba55	16ccf32ee598036a17778a8155bf9bc5d1bcba55	2018	International Conference on Communication, Computing & Security	2018 IEEE 3rd International Conference on Computing, Communication and Security (ICCCS)	3	
7349	https://www.semanticscholar.org/paper/4b69af4ab75f8f7ee2de9deef383b6cc38f546bf	4b69af4ab75f8f7ee2de9deef383b6cc38f546bf	4b69af4ab75f8f7ee2de9deef383b6cc38f546bf	2009			9	
7360	https://doi.org/10.1109/compe49325.2020	7ca49efad3b8f4f4d86da78f4a189af5769e5a6d	7ca49efad3b8f4f4d86da78f4a189af5769e5a6d	2020			7	
7363	https://doi.org/10.3115/v1/W14-3907	9d1470698bbf4573974c97b62ad466fe3127f7fd	9d1470698bbf4573974c97b62ad466fe3127f7fd	2014			260	
7337	https://doi.org/10.4236/IIM.2014.62004	c8c4d371c9b8a759b3927de6c2b0f1fa98f4501c	c8c4d371c9b8a759b3927de6c2b0f1fa98f4501c	2014		Intelligent Information Management	31	
7393	https://www.semanticscholar.org/paper/df3d90db3450b60e86cb95146629b658eedbc6bb	df3d90db3450b60e86cb95146629b658eedbc6bb	df3d90db3450b60e86cb95146629b658eedbc6bb	2005			35	
7372	https://doi.org/10.1007/s10579-025-09850-3	e33d82f0604c9993fc9c2b65510eabc37288e6b6	e33d82f0604c9993fc9c2b65510eabc37288e6b6	2025	Language Resources and Evaluation	Language Resources and Evaluation	3	
7386	https://doi.org/10.18653/v1/W19-7803	f6ae2aaf0a27278aa07d232cd9b59019f75850e1	f6ae2aaf0a27278aa07d232cd9b59019f75850e1	2019		Proceedings of the 18th International Workshop on Treebanks and Linguistic Theories (TLT, SyntaxFest 2019)	23	
7397	https://doi.org/10.3115/1073083.1073135	d7da009f457917aa381619facfa5ffae9329a6e9	d7da009f457917aa381619facfa5ffae9329a6e9	2002	Annual Meeting of the Association for Computational Linguistics		29924	
7402	https://doi.org/10.18653/v1/2021.findings-acl.413	ecf5618b513aa5c4d5bf62ca251923a188251117	ecf5618b513aa5c4d5bf62ca251923a188251117	2021	Findings		414	
7404	https://www.semanticscholar.org/paper/2156f2f4591ebb8d831c95b153b578ab58f1fed3	2156f2f4591ebb8d831c95b153b578ab58f1fed3	2156f2f4591ebb8d831c95b153b578ab58f1fed3	2018	International Conference on Language Resources and Evaluation		47	
7411	https://www.semanticscholar.org/paper/4eb31f206dd4cb2663b520dfdef86d9ae3e532a6	4eb31f206dd4cb2663b520dfdef86d9ae3e532a6	4eb31f206dd4cb2663b520dfdef86d9ae3e532a6	2015			5	
7405	https://doi.org/10.1007/s10586-017-0916-2	baee393130c2b84d29e3bf1c0478baa2cbd01fe2	baee393130c2b84d29e3bf1c0478baa2cbd01fe2	2017	Cluster Computing	Cluster Computing	16	
7412	https://doi.org/10.1371/journal.pone.0133648	0369c4942fba5ca15065bbbfedb75277424a8619	0369c4942fba5ca15065bbbfedb75277424a8619	2015	PLoS ONE	PLoS ONE	21	
7406	https://doi.org/10.1155/2021/6669672	396699bdab5916619aeffcbe825518c864e0ac40	396699bdab5916619aeffcbe825518c864e0ac40	2021	Complex	Complex.	15	
7430	https://www.semanticscholar.org/paper/004849a0e4f8a5de90157c72571763fcd25674ab	004849a0e4f8a5de90157c72571763fcd25674ab	004849a0e4f8a5de90157c72571763fcd25674ab	2022			11	
7426	https://www.semanticscholar.org/paper/414f849fcc7303348a2a041601fce724cfa1d021	414f849fcc7303348a2a041601fce724cfa1d021	414f849fcc7303348a2a041601fce724cfa1d021	2004			210	
7517	https://doi.org/10.1007/s11704-014-3354-9	056c6fdab74fe911e2344d1880f88ef10882ea27	056c6fdab74fe911e2344d1880f88ef10882ea27	2014		Frontiers of Computer Science	0	
7515	https://doi.org/10.1007/978-981-10-6872-0_18	e352c2b977504ac68d0d8a08cbe87fb654635f76	e352c2b977504ac68d0d8a08cbe87fb654635f76	2018			15	
7526	https://link.springer.com/article/10.1007/s11704-014-3354-9	URL:https://link.springer.com/article/10.1007/s11704-014-3354-9						no_entry
7534	https://www.semanticscholar.org/paper/86692421c4a0198cf10935a6466013f7b82a1fa4	86692421c4a0198cf10935a6466013f7b82a1fa4	86692421c4a0198cf10935a6466013f7b82a1fa4				8	
7535	https://doi.org/10.1007/s11704-014-3354-9	056c6fdab74fe911e2344d1880f88ef10882ea27	056c6fdab74fe911e2344d1880f88ef10882ea27	2014		Frontiers of Computer Science	0	
7522	https://doi.org/10.1109/ICDAR.2005.183	b85c4f1ada368415580ff95858dadf0eb4a7e1b3	b85c4f1ada368415580ff95858dadf0eb4a7e1b3	2005	IEEE International Conference on Document Analysis and Recognition	Eighth International Conference on Document Analysis and Recognition (ICDAR'05)	67	
8571	https://doi.org/10.1109/IRANIANMVIP.2011.6121550	7a954037e7545f770f96f0793c08fa00053232d0	7a954037e7545f770f96f0793c08fa00053232d0	2011	Iranian Conference on Machine Vision and Image Processing	2011 7th Iranian Conference on Machine Vision and Image Processing	11	
8651	https://doi.org/10.55492/dhasa.v3i03.3819	1c30a34a58ccc0486f2615ad3d809adaeabe4097	1c30a34a58ccc0486f2615ad3d809adaeabe4097	2021		Journal of the Digital Humanities Association of Southern Africa (DHASA)	2	
8638	https://www.semanticscholar.org/paper/7a0640db17b461b75df21f737154ad0f6d43e9de	7a0640db17b461b75df21f737154ad0f6d43e9de	7a0640db17b461b75df21f737154ad0f6d43e9de	2020	International Conference on Language Resources and Evaluation		25	
8654	https://www.semanticscholar.org/paper/004849a0e4f8a5de90157c72571763fcd25674ab	004849a0e4f8a5de90157c72571763fcd25674ab	004849a0e4f8a5de90157c72571763fcd25674ab	2022			11	
8666	https://doi.org/10.18653/v1/N16-2008	c158923f83d23245e28c5e91f68f445035075144	c158923f83d23245e28c5e91f68f445035075144	2016	North American Chapter of the Association for Computational Linguistics		12	
8667	https://doi.org/10.1109/ICETAS.2018.8629110	3d223a5ff0c340a17a2646b023aca81e79449142	3d223a5ff0c340a17a2646b023aca81e79449142	2018		2018 IEEE 5th International Conference on Engineering Technologies and Applied Sciences (ICETAS)	3	
8672	https://www.semanticscholar.org/paper/887d8d4bae488941d9a3a26ec39122abc84fad79	887d8d4bae488941d9a3a26ec39122abc84fad79	887d8d4bae488941d9a3a26ec39122abc84fad79	2010	International Conference on Language Resources and Evaluation		133	
8673	https://doi.org/10.13140/RG.2.2.35194.03524	DOI:10.13140/RG.2.2.35194.03524						no_entry
8674	https://www.semanticscholar.org/paper/867fd4ef5ed039761ac7ece131bc42daac5280a5	867fd4ef5ed039761ac7ece131bc42daac5280a5	867fd4ef5ed039761ac7ece131bc42daac5280a5	2017	arXiv.org	ArXiv	7	
8676	https://doi.org/10.17485/ijst/2019/v12i33/146130	62d19e1e5c7dad3ba79cebd2f7579d249f37fcda	62d19e1e5c7dad3ba79cebd2f7579d249f37fcda	2019	Indian Journal of Science and Technology	Indian Journal of Science and Technology	7	
8677	https://doi.org/10.5815/ijitcs.2019.06.02	eef703dc24ae9977d87b11ed3a78a2513269b390	eef703dc24ae9977d87b11ed3a78a2513269b390	2019	International Journal of Information Technology and Computer Science	International Journal of Information Technology and Computer Science	1	
8679	https://doi.org/10.14569/IJACSA.2017.081038	98f2751f77ac6ef26fb400efa2b41af214bf1173	98f2751f77ac6ef26fb400efa2b41af214bf1173	2017		International Journal of Advanced Computer Science and Applications	14	
8680	https://doi.org/10.1109/INMIC48123.2019.9022770	df4828f2a88a312923515ceea82f73cf80d83fd9	df4828f2a88a312923515ceea82f73cf80d83fd9	2019	International Multi-Topic Conference	2019 22nd International Multitopic Conference (INMIC)	5	
8685	https://doi.org/10.14569/ijacsa.2020.01104104	b73d3baa260608350d70552cd40f3242525c50b0	b73d3baa260608350d70552cd40f3242525c50b0	2020		International Journal of Advanced Computer Science and Applications	15	
9629	https://doi.org/10.1109/FiCloud.2014.100	7a90dccbefee7b10bbc97a20d0d3a66755c66230	7a90dccbefee7b10bbc97a20d0d3a66755c66230	2014	International Conference on Future Internet of Things and Cloud	2014 International Conference on Future Internet of Things and Cloud	130	
9662	https://www.semanticscholar.org/paper/b0685923ada11bc3d7b02d39712dfa07daa88b36	b0685923ada11bc3d7b02d39712dfa07daa88b36	b0685923ada11bc3d7b02d39712dfa07daa88b36	2004			68	
9680	https://doi.org/10.18653/v1/W16-5803	cea0f12f0266a687f7230d26977fe3096406062b	cea0f12f0266a687f7230d26977fe3096406062b	2016			29	
9830	https://ieeexplore.ieee.org/document/9402663	URL:https://ieeexplore.ieee.org/document/9402663						no_entry
10235	https://www.semanticscholar.org/paper/cdb2ed8b103bfe711b635ba10bcd09d816667ab8	cdb2ed8b103bfe711b635ba10bcd09d816667ab8	cdb2ed8b103bfe711b635ba10bcd09d816667ab8	2013	International Joint Conference on Natural Language Processing		29	
10901	https://doi.org/10.23919/APSIPA.2018.8659652	513c16eb8123a79cc6bd68923884425e932d7a1c	513c16eb8123a79cc6bd68923884425e932d7a1c	2018	Asia-Pacific Signal and Information Processing Association Annual Summit and Conference	2018 Asia-Pacific Signal and Information Processing Association Annual Summit and Conference (APSIPA ASC)	1	
11184	https://aclanthology.org/2020.lrec-1.341/	URL:https://aclanthology.org/2020.lrec-1.341/						no_entry
11185	https://www.semanticscholar.org/paper/088f840081f0739443c69dca43094a42771f62de	088f840081f0739443c69dca43094a42771f62de	088f840081f0739443c69dca43094a42771f62de	2022	International Conference on Language Resources and Evaluation		6	
11188	https://doi.org/10.3115/v1/D14-1162	f37e1b62a767a307c046404ca96bc140b3e68cb5	f37e1b62a767a307c046404ca96bc140b3e68cb5	2014	Conference on Empirical Methods in Natural Language Processing		32778	
10223	https://doi.org/10.1075/z.152.09ch8	7b6d950a4e689a70004a55cff53781dee49e336e	7b6d950a4e689a70004a55cff53781dee49e336e	2009			11	
10208	https://aclanthology.org/I13-1133/	URL:https://aclanthology.org/I13-1133/						no_entry
10210	https://www.researchgate.net/publication/235971285_De_la_caracterisation_linguistique_a_l'identification_automatique_des_dialectes_arabes	URL:https://www.researchgate.net/publication/235971285_De_la_caracterisation_linguistique_a_l'identification_automatique_des_dialectes_arabes						no_entry
8818	https://www.semanticscholar.org/paper/de02a7e9c5e0eeb2cab4d7dd810e5e573327a2f5	de02a7e9c5e0eeb2cab4d7dd810e5e573327a2f5	de02a7e9c5e0eeb2cab4d7dd810e5e573327a2f5	2020			12	
10221	https://doi.org/10.1007/978-3-642-37247-6_13	926437989999360c7c4ef63099c313abcb055a0c	926437989999360c7c4ef63099c313abcb055a0c	2013	Conference on Intelligent Text Processing and Computational Linguistics		19	
5537	https://etd.repository.ugm.ac.id/penelitian/detail/128633	URL:https://etd.repository.ugm.ac.id/penelitian/detail/128633						no_entry
5659	https://doi.org/10.1109/ICIMCIS56303.2022.10017528	f56002003ab129db6a86fef097700dafe6d06678	f56002003ab129db6a86fef097700dafe6d06678	2022		2022 International Conference on Informatics, Multimedia, Cyber and Information System (ICIMCIS)	1	
10205	https://www.semanticscholar.org/paper/cc60f276ac89eb91dd83fb1de8be698a8f8cee8b	cc60f276ac89eb91dd83fb1de8be698a8f8cee8b	cc60f276ac89eb91dd83fb1de8be698a8f8cee8b	2018			8	
5635	https://doi.org/10.18653/V1/2020.COLING-MAIN.66	1109d62ebd2b29a7dc148bc30dd6cfc803a63dec	1109d62ebd2b29a7dc148bc30dd6cfc803a63dec	2020	International Conference on Computational Linguistics		296	
8828	https://www.semanticscholar.org/paper/0657ee32d949a1f8bb98362f4e539c8db03d52c5	0657ee32d949a1f8bb98362f4e539c8db03d52c5	0657ee32d949a1f8bb98362f4e539c8db03d52c5	2020	Workshop on NLP for Similar Languages, Varieties and Dialects		12	
5648	https://www.semanticscholar.org/paper/5feb32a73dd1bd9e13f84a7b3344497a5545106b	5feb32a73dd1bd9e13f84a7b3344497a5545106b	5feb32a73dd1bd9e13f84a7b3344497a5545106b	2016	arXiv.org	ArXiv	1249	
7	https://www.sciencedirect.com/science/article/pii/S2352340925006043	URL:https://www.sciencedirect.com/science/article/pii/S2352340925006043						no_entry
8	https://www.semanticscholar.org/paper/ba4c923b43360325cba984549aa3c3224863d1f6	ba4c923b43360325cba984549aa3c3224863d1f6	ba4c923b43360325cba984549aa3c3224863d1f6	2018	International Conference on Language Resources and Evaluation	ArXiv	263	
12	https://doi.org/10.1109/ICDARW.2019.40090	f6af297293d7f5b60d8b7731b7e7979cf877c610	f6af297293d7f5b60d8b7731b7e7979cf877c610	2019		2019 International Conference on Document Analysis and Recognition Workshops (ICDARW)	5	
145	https://www.semanticscholar.org/paper/01d99bfa62e7cc66ee70115ea5d6e4fc471d5c96	01d99bfa62e7cc66ee70115ea5d6e4fc471d5c96	01d99bfa62e7cc66ee70115ea5d6e4fc471d5c96	2014	Global WordNet Conference		18	
170	https://www.semanticscholar.org/paper/a4a7467a02f9eef2e26dfec7efa01da936e8aa54	a4a7467a02f9eef2e26dfec7efa01da936e8aa54	a4a7467a02f9eef2e26dfec7efa01da936e8aa54	2014	International Conference on Language Resources and Evaluation		22	
158	https://doi.org/10.1007/978-3-642-20128-8_8	ebdc31a20fedc342d3569e395c0e79beb9b2621f	ebdc31a20fedc342d3569e395c0e79beb9b2621f	2013			22	
160	https://www.semanticscholar.org/paper/d0986c1792bb6565804985e3ecfd2cae4509a5c3	d0986c1792bb6565804985e3ecfd2cae4509a5c3	d0986c1792bb6565804985e3ecfd2cae4509a5c3	2020	International Conference on Language Resources and Evaluation		52	
163	https://www.semanticscholar.org/paper/f4af3fe736b616452424d50cbd47d52f0a210582	f4af3fe736b616452424d50cbd47d52f0a210582	f4af3fe736b616452424d50cbd47d52f0a210582	2020	European Association for Machine Translation Conferences/Workshops		611	
134	https://doi.org/10.48550/arXiv.2205.03018	011f594f8029a963ab40d8c2ee90f809b9798265	011f594f8029a963ab40d8c2ee90f809b9798265	2022	arXiv.org	ArXiv	25	
155	https://doi.org/10.18653/v1/2024.acl-long.843	23b608d50413862fe82ca371d919da18c77ec0ef	23b608d50413862fe82ca371d919da18c77ec0ef	2024	Annual Meeting of the Association for Computational Linguistics	ArXiv	46	
152	https://doi.org/10.48550/arXiv.2211.11418	32100a9b4dfb7476e642703a85ae6c2998ecbc8f	32100a9b4dfb7476e642703a85ae6c2998ecbc8f	2022	arXiv.org	ArXiv	71	
148	https://doi.org/10.3115/v1/N15-3017	315fe153d7653814030e5ccf24aaff136bfec24f	315fe153d7653814030e5ccf24aaff136bfec24f	2015	North American Chapter of the Association for Computational Linguistics		46	
159	https://doi.org/10.1145/3297001.3297045	d892f1197798c188d11e436ab61c83e01666aea2	d892f1197798c188d11e436ab61c83e01666aea2	2019		Proceedings of the ACM India Joint International Conference on Data Science and Management of Data	8	
171	https://doi.org/10.48550/arXiv.2407.13522	b2ca8749205708a813e1392cec5c30afc3b9953d	b2ca8749205708a813e1392cec5c30afc3b9953d	2024	North American Chapter of the Association for Computational Linguistics		11	
147	https://www.semanticscholar.org/paper/63a71de0dafc90910e37a2b07169ff486d9b5fe5	63a71de0dafc90910e37a2b07169ff486d9b5fe5	63a71de0dafc90910e37a2b07169ff486d9b5fe5	2019	International Conference on Language Resources and Evaluation	ArXiv	1884	
161	https://doi.org/10.1109/cvpr.2016.90	2c03df8b48bf3fa39054345bafabfeff15bfd11d	2c03df8b48bf3fa39054345bafabfeff15bfd11d	2015	Computer Vision and Pattern Recognition	2016 IEEE Conference on Computer Vision and Pattern Recognition (CVPR)	203916	
181	https://doi.org/10.1515/ZGL-2013-0009	2e22cdf4f08914b3873fff23e217b228e6505d11	2e22cdf4f08914b3873fff23e217b228e6505d11	2013		Zeitschrift Fur Germanistische Linguistik	29	
184	https://www.semanticscholar.org/paper/0a1cf8dbb859c13cbdb40788d7e69060155f9d77	0a1cf8dbb859c13cbdb40788d7e69060155f9d77	0a1cf8dbb859c13cbdb40788d7e69060155f9d77	2014	International Conference on Language Resources and Evaluation		114	
186	https://doi.org/10.22210/suvlin.2019.088.07	0e65a80c3c8e053640ca02e6d8c13089f9e9a2f1	0e65a80c3c8e053640ca02e6d8c13089f9e9a2f1	2020			2	
193	https://www.semanticscholar.org/paper/d2dac0f91d12e2aa0c2471052fb8887cd81aa2ad	d2dac0f91d12e2aa0c2471052fb8887cd81aa2ad	d2dac0f91d12e2aa0c2471052fb8887cd81aa2ad	2024	International Conference on Language Resources and Evaluation		10	
172	https://doi.org/10.18653/v1/P17-1178	616253f6b1e83ede361457de2f51b0bf70555b13	616253f6b1e83ede361457de2f51b0bf70555b13	2017	Annual Meeting of the Association for Computational Linguistics		530	
175	https://www.semanticscholar.org/paper/70026982e00bc01bec76148bfb7f14c982c4ab85	70026982e00bc01bec76148bfb7f14c982c4ab85	70026982e00bc01bec76148bfb7f14c982c4ab85	2021	International Conference on Language Resources and Evaluation	ArXiv	2	
718	https://doi.org/10.1109/ICASSP49357.2023.10096933	04046c92079e34012e811416972b3aa8a188479d	04046c92079e34012e811416972b3aa8a188479d	2022	IEEE International Conference on Acoustics, Speech, and Signal Processing	ICASSP 2023 - 2023 IEEE International Conference on Acoustics, Speech and Signal Processing (ICASSP)	28	
715	https://doi.org/10.1162/tacl_a_00065	a486e2839291111bb44fa1f07731ada123539f75	a486e2839291111bb44fa1f07731ada123539f75	2016	Transactions of the Association for Computational Linguistics	Transactions of the Association for Computational Linguistics	2121	
716	https://www.semanticscholar.org/paper/cc58ebb219feb0f6da5c0f52bed1721dcc4068a1	cc58ebb219feb0f6da5c0f52bed1721dcc4068a1	cc58ebb219feb0f6da5c0f52bed1721dcc4068a1	2020			14	
a	https://doi.org/10.48550/arXiv.2206.12931	DOI:10.48550/arXiv.2206.12931						no_entry
759	https://doi.org/10.21437/Interspeech.2015-132	e512ddb8a2186dc3dea90fc41c6bfdbda9285d0b	e512ddb8a2186dc3dea90fc41c6bfdbda9285d0b	2015	Interspeech		13	
766	https://doi.org/10.1162/tacl_a_00051	e2dba792360873aef125572812f3673b1a85d850	e2dba792360873aef125572812f3673b1a85d850	2016	Transactions of the Association for Computational Linguistics	Transactions of the Association for Computational Linguistics	10221	
762	https://doi.org/10.1016/j.heliyon.2022.e10375	4a7755a5582eef73d98115abd1d31d0af2bc75fe	4a7755a5582eef73d98115abd1d31d0af2bc75fe	2022	Heliyon	Heliyon	29	
818	https://doi.org/10.1007/s10579-014-9287-y	c43693c4f22362769e75da2274dff97bcc57f602	c43693c4f22362769e75da2274dff97bcc57f602	2014	Language Resources and Evaluation	Language Resources and Evaluation	247	
829	https://doi.org/10.37652/juaps.2022.176501	da16d2daf2ae61eba192d3dde009bb0381673fa2	da16d2daf2ae61eba192d3dde009bb0381673fa2	2022	Journal of university of Anbar for pure science	Journal of University of Anbar for Pure Science	4	
842	https://www.semanticscholar.org/paper/2fb97d01e987a798958472d384ecbb533a321996	2fb97d01e987a798958472d384ecbb533a321996	2fb97d01e987a798958472d384ecbb533a321996	2013	Annual Meeting of the Association for Computational Linguistics		27	
839	https://www.semanticscholar.org/paper/6ad3ffae7d0f087f04b20434fbd4d91e5ea5b7b7	6ad3ffae7d0f087f04b20434fbd4d91e5ea5b7b7	6ad3ffae7d0f087f04b20434fbd4d91e5ea5b7b7	2019			15	
844	https://www.semanticscholar.org/paper/b103e1ec19f19780c2b172be85b2f0863fa20c8b	b103e1ec19f19780c2b172be85b2f0863fa20c8b	b103e1ec19f19780c2b172be85b2f0863fa20c8b	2010			46	
838	https://doi.org/10.48550/arXiv.2301.04962	58ac9afff0e2aa62dfc4290049f68fb1cc0352e6	58ac9afff0e2aa62dfc4290049f68fb1cc0352e6	2023	arXiv.org	ArXiv	2	
827	https://www.semanticscholar.org/paper/602db1616942b9d4d408b4934c766da8e67854f4	602db1616942b9d4d408b4934c766da8e67854f4	602db1616942b9d4d408b4934c766da8e67854f4	2021	arXiv.org	ArXiv	4	
826	https://www.semanticscholar.org/paper/72dd600355084dc51d1ebc6d0b5cac26ec9e09ec	72dd600355084dc51d1ebc6d0b5cac26ec9e09ec	72dd600355084dc51d1ebc6d0b5cac26ec9e09ec	2019	arXiv.org	ArXiv	7	
823	https://doi.org/10.1093/LLC/FQY074	744e1d847e27d624d74176b553f2b43e14112a66	744e1d847e27d624d74176b553f2b43e14112a66	2019	Digital Scholarship in the Humanities	Digit. Scholarsh. Humanit.	35	
851	https://doi.org/10.7717/peerj-cs.1617	9c0253e76bd5df1cf5c614d4e83cb7e6ccd7f81d	9c0253e76bd5df1cf5c614d4e83cb7e6ccd7f81d	2023	PeerJ Computer Science	PeerJ Computer Science	7	
850	https://doi.org/10.22581/MUET1982.2101.14	6ca33564fe5fe349714efb228d394a614c7e093c	6ca33564fe5fe349714efb228d394a614c7e093c	2021		January 2021	16	
847	https://doi.org/10.1117/12.2003731	46f28f1b15bdad1d24f4472074ba54b64bd297a6	46f28f1b15bdad1d24f4472074ba54b64bd297a6	2013	Electronic imaging		110	
848	https://doi.org/10.6017/ITAL.V40I1.12553	005205d14981faec1730cf9d1ed489703f3f7a81	005205d14981faec1730cf9d1ed489703f3f7a81	2021	Information Technology and Libraries	Information Technology and Libraries	4	
853	https://doi.org/10.1109/ICASSP.2019.8683536	8788019718c7cd07118010d9eedba786916e0b3d	8788019718c7cd07118010d9eedba786916e0b3d	2019	IEEE International Conference on Acoustics, Speech, and Signal Processing	ICASSP 2019 - 2019 IEEE International Conference on Acoustics, Speech and Signal Processing (ICASSP)	98	
1975	https://www.semanticscholar.org/paper/feed9002765ede951407801628ab5e4cdc96b60b	feed9002765ede951407801628ab5e4cdc96b60b	feed9002765ede951407801628ab5e4cdc96b60b	2009	European Association for Machine Translation Conferences/Workshops		15	
2135	https://doi.org/10.48550/arXiv.2208.10684	37fa3a28ecddac6f38d4aace04290ffa80ba8f32	37fa3a28ecddac6f38d4aace04290ffa80ba8f32	2022	International Conference on Computational Linguistics		26	
2139	https://doi.org/10.1016/j.comcom.2022.01.003	49963e9c7642d4b9827b7ce179b2f9b7efab756f	49963e9c7642d4b9827b7ce179b2f9b7efab756f	2022	Computer Communications	Comput. Commun.	25	
4409	https://www.semanticscholar.org/paper/6569c9b81b7721fff588ee58c7607367045e9af0	6569c9b81b7721fff588ee58c7607367045e9af0	6569c9b81b7721fff588ee58c7607367045e9af0	2003			27	
4411	https://doi.org/10.1007/978-981-15-4828-4_18	5c24795ecdf5ac2f84855a283785e6183a22229b	5c24795ecdf5ac2f84855a283785e6183a22229b	2019			10	
4412	https://www.semanticscholar.org/paper/6ab992162e4ba22c99c4e21b5d9854353462aef5	6ab992162e4ba22c99c4e21b5d9854353462aef5	6ab992162e4ba22c99c4e21b5d9854353462aef5	2018	International Conference on Computational Linguistics		36	
4418	https://doi.org/10.1007/978-3-030-86337-1_30	bb1bc5945bef8b12e16a2bee608ab79925a7ccea	bb1bc5945bef8b12e16a2bee608ab79925a7ccea	2021	IEEE International Conference on Document Analysis and Recognition		26	
4423	https://doi.org/10.1007/s10579-020-09523-3	85443402202798a597b554c4169b62a17bae8a6f	85443402202798a597b554c4169b62a17bae8a6f	2021	Language Resources and Evaluation	Language Resources and Evaluation	15	
4433	https://doi.org/10.1162/tacl_a_00452	3acedae6febb3d9567e896696f966c92ff406a17	3acedae6febb3d9567e896696f966c92ff406a17	2021	Transactions of the Association for Computational Linguistics	Transactions of the Association for Computational Linguistics	248	
4436	https://doi.org/10.1145/3483446	ca8a69c6c46dc67433e6f14913d1f9a43b55a879	ca8a69c6c46dc67433e6f14913d1f9a43b55a879	2021		Transactions on Asian and Low-Resource Language Information Processing	12	
4464	https://doi.org/10.48550/arXiv.2302.08956	13c6b2da558f8f77af78298ffa18eaf769262c6d	13c6b2da558f8f77af78298ffa18eaf769262c6d	2023	Conference on Empirical Methods in Natural Language Processing	ArXiv	95	
4468	https://www.semanticscholar.org/paper/63a71de0dafc90910e37a2b07169ff486d9b5fe5	63a71de0dafc90910e37a2b07169ff486d9b5fe5	63a71de0dafc90910e37a2b07169ff486d9b5fe5	2019	International Conference on Language Resources and Evaluation	ArXiv	1884	
4469	https://www.semanticscholar.org/paper/a6cb366736791bcccc5c8639de5a8f9636bf87e8	a6cb366736791bcccc5c8639de5a8f9636bf87e8	a6cb366736791bcccc5c8639de5a8f9636bf87e8	2014	International Conference on Learning Representations	CoRR	154744	
4474	https://doi.org/10.48550/arXiv.2402.08638	64c8edfd8db83a893eaf0e2d137acb23eb698fd3	64c8edfd8db83a893eaf0e2d137acb23eb698fd3	2024	Annual Meeting of the Association for Computational Linguistics		43	
4475	https://doi.org/10.18653/V1/2020.COLING-MAIN.480	c360814d32fe45b7db2fcbaebb5d01402aff9b4f	c360814d32fe45b7db2fcbaebb5d01402aff9b4f	2020	International Conference on Computational Linguistics	ArXiv	43	
4478	https://doi.org/10.1016/j.dib.2024.110124	3e3194d5d3e1cc60a51936ee100cb89d906eb9c2	3e3194d5d3e1cc60a51936ee100cb89d906eb9c2	2024	Data in Brief	Data in Brief	3	
4480	https://doi.org/10.1371/journal.pone.0285376	5244ff66a3fb02178ad093b02868ec498c0f0e5a	5244ff66a3fb02178ad093b02868ec498c0f0e5a	2023	PLoS ONE	PLOS ONE	8	
4482	https://doi.org/10.1109/ACCESS.2021.3127140	d52104361a0c0a0767fd62e5020e2744d0e68c3b	d52104361a0c0a0767fd62e5020e2744d0e68c3b	2021	IEEE Access	IEEE Access	55	
4485	https://www.semanticscholar.org/paper/6995aff0c181ef6c8236b7e9cc27af8ddcf935a1	6995aff0c181ef6c8236b7e9cc27af8ddcf935a1	6995aff0c181ef6c8236b7e9cc27af8ddcf935a1	2021		ArXiv	15	
4489	https://doi.org/10.48550/arXiv.2205.02022	063d9fa4861356500219b7e81d5a654aa921da6f	063d9fa4861356500219b7e81d5a654aa921da6f	2022	North American Chapter of the Association for Computational Linguistics		123	
4496	https://doi.org/10.18653/v1/2021.mrl-1.11	b2474a00d7de3373bab934c09acef1994fa82207	b2474a00d7de3373bab934c09acef1994fa82207	2021		Proceedings of the 1st Workshop on Multilingual Representation Learning	231	
4497	https://doi.org/10.18653/v1/2020.nlpcovid19-2.5	5431098723db5858c4553f0259921cbbdd6492d5	5431098723db5858c4553f0259921cbbdd6492d5	2020		ArXiv	98	
4500	https://doi.org/10.18653/v1/P19-1310	83ff258bdb027e38b75f3043b0789620c17b27f0	83ff258bdb027e38b75f3043b0789620c17b27f0	2019	Annual Meeting of the Association for Computational Linguistics		242	
4463	https://doi.org/10.48550/arXiv.2304.13634	0a45d0cb2357de960765da3f6f0355a6a1bd4a88	0a45d0cb2357de960765da3f6f0355a6a1bd4a88	2023	International Workshop on Semantic Evaluation		8	
4481	https://doi.org/10.48550/arXiv.2205.01133	69b7585cde35aab63d9bd77a3d7df06e8ca659e9	69b7585cde35aab63d9bd77a3d7df06e8ca659e9	2022	International Conference on Language Resources and Evaluation		20	
4487	https://doi.org/10.1016/j.dib.2024.110124	3e3194d5d3e1cc60a51936ee100cb89d906eb9c2	3e3194d5d3e1cc60a51936ee100cb89d906eb9c2	2024	Data in Brief	Data in Brief	3	
4490	https://doi.org/10.1162/tacl_a_00474	789b8487da7188442085983caba3ffaae05531e9	789b8487da7188442085983caba3ffaae05531e9	2021	Transactions of the Association for Computational Linguistics	Transactions of the Association for Computational Linguistics	652	
5587	https://doi.org/10.1002/asi.23062	4211bff1388da30a3b7dfd35d6aef2032900ca5c	4211bff1388da30a3b7dfd35d6aef2032900ca5c	2013		Journal of the Association for Information Science and Technology	560	
5697	https://www.semanticscholar.org/paper/bb2ffb3da76c4e7d74288209e49b7a97c16c4f6c	bb2ffb3da76c4e7d74288209e49b7a97c16c4f6c	bb2ffb3da76c4e7d74288209e49b7a97c16c4f6c	2008			27	
5558	https://doi.org/10.18653/V1/2021.NAACL-MAIN.41	74276a37bfa50f90dfae37f767b2b67784bd402a	74276a37bfa50f90dfae37f767b2b67784bd402a	2020	North American Chapter of the Association for Computational Linguistics		2759	
5653	https://doi.org/10.1109/IALP.2018.8629262	842a4f8486dd47d4ee16f76706900b57e44e349e	842a4f8486dd47d4ee16f76706900b57e44e349e	2018	International Conference on Asian Language Processing	2018 International Conference on Asian Language Processing (IALP)	84	
5711	https://doi.org/10.18653/v1/2022.semeval-1.111	5be620b1347c22b167881d27a890eac937ea2921	5be620b1347c22b167881d27a890eac937ea2921	2022	International Workshop on Semantic Evaluation		91	
5739	https://doi.org/10.48550/arXiv.2204.02470	b5002aa334f8d0c0e1a4dedad79580e10a928c30	b5002aa334f8d0c0e1a4dedad79580e10a928c30	2022	Interspeech		28	
5728	https://www.semanticscholar.org/paper/8ed9c7d54fd3f0b1ce3815b2eca82147b771ca8f	8ed9c7d54fd3f0b1ce3815b2eca82147b771ca8f	8ed9c7d54fd3f0b1ce3815b2eca82147b771ca8f	2003			323	
5535	https://doi.org/10.1109/SIBIRCON56155.2022.10017011	d98fa97d2ebba1c7a25874545159deaa398cf4e5	d98fa97d2ebba1c7a25874545159deaa398cf4e5	2022	IEEE Region International Conference on Computational Technologies in Electrical and Electronics Engineering	2022 IEEE International Multi-Conference on Engineering, Computer and Information Sciences (SIBIRCON)	1	
5540	https://doi.org/10.18653/v1/2021.emnlp-main.571	acb5e45732d76ef69b709a8eec21aa0ebae9c804	acb5e45732d76ef69b709a8eec21aa0ebae9c804	2021	Conference on Empirical Methods in Natural Language Processing	ArXiv	20	
5554	https://www.semanticscholar.org/paper/68c1f36518e1e4f99197f894adea2284f5b7aca1	68c1f36518e1e4f99197f894adea2284f5b7aca1	68c1f36518e1e4f99197f894adea2284f5b7aca1	2019			6	
5776	https://doi.org/10.47738/jads.v4i3.113	decc9fb2eb659b0dab180a7d2c3254f91515ea6b	decc9fb2eb659b0dab180a7d2c3254f91515ea6b	2023	Journal of Applied Data Sciences	Journal of Applied Data Sciences	21	
5703	https://doi.org/10.1109/IALP.2018.8629109	c98ace286190898b63b596ba92d36048d6173819	c98ace286190898b63b596ba92d36048d6173819	2018	International Conference on Asian Language Processing	2018 International Conference on Asian Language Processing (IALP)	70	
5699	https://doi.org/10.34123/icdsos.v2021i1.237	63375523c886135882f87b309f59189f204c2566	63375523c886135882f87b309f59189f204c2566	2022	Proceedings of The International Conference on Data Science and Official Statistics	Proceedings of The International Conference on Data Science and Official Statistics	2	
5752	https://doi.org/10.48550/arXiv.2205.15960	11f64ec047782cada21d50efea1e0dc5843675f6	11f64ec047782cada21d50efea1e0dc5843675f6	2022	Conference of the European Chapter of the Association for Computational Linguistics		100	
5735	https://www.semanticscholar.org/paper/1b560f892432fb853d233c92f9294640bc91de3c	1b560f892432fb853d233c92f9294640bc91de3c	1b560f892432fb853d233c92f9294640bc91de3c	2012	International Conference on Language Resources and Evaluation		477	
5704	https://www.semanticscholar.org/paper/a54b56af24bb4873ed0163b77df63b92bd018ddc	a54b56af24bb4873ed0163b77df63b92bd018ddc	a54b56af24bb4873ed0163b77df63b92bd018ddc	2019	arXiv.org	ArXiv	8155	
5612	https://doi.org/10.18653/v1/W19-3506	ad3b9d3136037eeaade13580050cbb16640aa084	ad3b9d3136037eeaade13580050cbb16640aa084	2019		Proceedings of the Third Workshop on Abusive Language Online	219	
5644	https://doi.org/10.1109/ICACSIS51025.2020.9263084	5c3061c064978e6de635e2e58cf5db21a006e74d	5c3061c064978e6de635e2e58cf5db21a006e74d	2020	International Conference on Advanced Computer Science and Information System	2020 International Conference on Advanced Computer Science and Information Systems (ICACSIS)	14	
5534	https://doi.org/10.20473/jisebi.6.1.9-17	7248c495698e683c26e1b8107cbbefe0ae24ca92	7248c495698e683c26e1b8107cbbefe0ae24ca92	2020	Journal of Information Systems Engineering and Business Intelligence	Journal of Information Systems Engineering and Business Intelligence	10	
5575	https://doi.org/10.1109/ISRITI48646.2019.9034620	71ca62ff3d60c08e518a4836b7f66aa4cb4d5cd3	71ca62ff3d60c08e518a4836b7f66aa4cb4d5cd3	2019		2019 International Seminar on Research of Information Technology and Intelligent Systems (ISRITI)	26	
5637	https://doi.org/10.18653/v1/2020.emnlp-demos.2	72cdd6ebe0221fb568ef20534f44ba5b35190a56	72cdd6ebe0221fb568ef20534f44ba5b35190a56	2020	Conference on Empirical Methods in Natural Language Processing		970	
a5552	https://doi.org/10.1109/IALP.2018.8629262	842a4f8486dd47d4ee16f76706900b57e44e349e	842a4f8486dd47d4ee16f76706900b57e44e349e	2018	International Conference on Asian Language Processing	2018 International Conference on Asian Language Processing (IALP)	84	
5660	https://doi.org/10.18653/v1/P16-1156	2990cf242558ede739d6a26a2f8b098f94390323	2990cf242558ede739d6a26a2f8b098f94390323	2016	Annual Meeting of the Association for Computational Linguistics		65	
5701	https://doi.org/10.18653/v1/2020.aacl-main.85	26da56580fcf8fc6dd5644ede6575bdbbd7caf1a	26da56580fcf8fc6dd5644ede6575bdbbd7caf1a	2020			346	
5762	https://doi.org/10.18653/v1/2020.acl-main.156	528dd0da358b4939d99eeb92548deccfeac48bd6	528dd0da358b4939d99eeb92548deccfeac48bd6	2020	Annual Meeting of the Association for Computational Linguistics		251	
5737	https://doi.org/10.18653/v1/2020.aacl-main.60	c63f803a248809d16c63cfbe89cfff0ea0e9a3c0	c63f803a248809d16c63cfbe89cfff0ea0e9a3c0	2020			50	
5536	https://doi.org/10.1109/SocialCom-PASSAT.2012.55	fd7ad6a98c77ab5a9a0e01bd41094c9c39874b78	fd7ad6a98c77ab5a9a0e01bd41094c9c39874b78	2012		2012 International Conference on Privacy, Security, Risk and Trust and 2012 International Confernece on Social Computing	656	
5556	https://doi.org/10.1016/j.dib.2020.106231	f158c5dfc59d6880f2896d7bc78e293f3eef5978	f158c5dfc59d6880f2896d7bc78e293f3eef5978	2020	Data in Brief	Data in Brief	32	
5628	https://doi.org/10.1109/IALP.2014.6973521	95dbb3ce88cb129d977afea023182d7245d2bc1e	95dbb3ce88cb129d977afea023182d7245d2bc1e	2014	International Conference on Asian Language Processing	2014 International Conference on Asian Language Processing (IALP)	49	
5676	https://doi.org/10.1109/IALP.2017.8300625	41fa0c318410aa8ee86cd7cf58c9d369fdef3251	41fa0c318410aa8ee86cd7cf58c9d369fdef3251	2017	International Conference on Asian Language Processing	2017 International Conference on Asian Language Processing (IALP)	109	
5709	https://doi.org/10.31098/cset.v1i1.397	85a6667a05cc2c1bca08ab802268cf8e88deff5b	85a6667a05cc2c1bca08ab802268cf8e88deff5b	2021		RSF Conference Series: Engineering and Technology	14	
5668	https://www.semanticscholar.org/paper/b50c7c60416e334440e18832a9ee9b6fddf636d2	b50c7c60416e334440e18832a9ee9b6fddf636d2	b50c7c60416e334440e18832a9ee9b6fddf636d2	2020	Pacific Asia Conference on Language, Information and Computation	ArXiv	30	
5545	https://doi.org/10.1109/IALP.2018.8629181	f2731766bcaaf8589063642cb30e824eea163d4c	f2731766bcaaf8589063642cb30e824eea163d4c	2018	International Conference on Asian Language Processing	2018 International Conference on Asian Language Processing (IALP)	50	
5581	https://doi.org/10.1016/j.dib.2022.108465	80793ef94b824c29c46cabc84c65f0a97564253a	80793ef94b824c29c46cabc84c65f0a97564253a	2022	Data in Brief	Data in Brief	10	
5618	https://doi.org/10.1109/ICEEI47359.2019.8988898	eb230fb0ba0e86d08d0e3f4350332b09820f5de4	eb230fb0ba0e86d08d0e3f4350332b09820f5de4	2019	International Conference on Electrical Engineering and Informatics	2019 International Conference on Electrical Engineering and Informatics (ICEEI)	15	
5623	https://doi.org/10.1016/J.PROCS.2018.08.169	3d5e7476a13bdf183640a1b6fb653a331bfbfed0	3d5e7476a13bdf183640a1b6fb653a331bfbfed0	2018	International Conference on Computer Science and Computational Intelligence		120	
5663	https://doi.org/10.1088/1742-6596/1751/1/012036	65015e8e2cae9d8d886fdd006a80a4b8be266618	65015e8e2cae9d8d886fdd006a80a4b8be266618	2021		Journal of Physics: Conference Series	18	
5705	https://doi.org/10.1109/ICSDA.2012.6422469	9f1a1d2cb6b278b7ee24e67d4c2ac38c1161fa1d	9f1a1d2cb6b278b7ee24e67d4c2ac38c1161fa1d	2012		2012 International Conference on Speech Database and Assessments	6	
5707	https://doi.org/10.1109/ICSDA.2012.6422469	9f1a1d2cb6b278b7ee24e67d4c2ac38c1161fa1d	9f1a1d2cb6b278b7ee24e67d4c2ac38c1161fa1d	2012		2012 International Conference on Speech Database and Assessments	6	
5718	https://doi.org/10.1109/IALP.2018.8629151	3e62f682878a739125eae09b78f00db9acbb1078	3e62f682878a739125eae09b78f00db9acbb1078	2018	International Conference on Asian Language Processing	2018 International Conference on Asian Language Processing (IALP)	84	
5725	https://www.semanticscholar.org/paper/330d74432b0f5171bdd900ea9093c6864a023b2a	330d74432b0f5171bdd900ea9093c6864a023b2a	330d74432b0f5171bdd900ea9093c6864a023b2a	2019	arXiv.org	ArXiv	3	
5733	https://doi.org/10.21437/SLTU.2018-14	a0a60eb316aa07798a89e07f206b2d5fd9e51d61	a0a60eb316aa07798a89e07f206b2d5fd9e51d61	2018	Workshop on Spoken Language Technologies for Under-resourced Languages		49	
5580	https://doi.org/10.1109/IALP.2018.8629262	842a4f8486dd47d4ee16f76706900b57e44e349e	842a4f8486dd47d4ee16f76706900b57e44e349e	2018	International Conference on Asian Language Processing	2018 International Conference on Asian Language Processing (IALP)	84	
5639	https://doi.org/10.1109/IALP.2017.8300625	41fa0c318410aa8ee86cd7cf58c9d369fdef3251	41fa0c318410aa8ee86cd7cf58c9d369fdef3251	2017	International Conference on Asian Language Processing	2017 International Conference on Asian Language Processing (IALP)	109	
a5585	https://doi.org/10.18653/v1/2022.emnlp-main.465	DOI:10.18653/v1/2022.emnlp-main.465						no_entry
5640	https://doi.org/10.18653/v1/2020.emnlp-main.700	e960a8684e33906582b94a53932138d3d502671b	e960a8684e33906582b94a53932138d3d502671b	2020	Conference on Empirical Methods in Natural Language Processing		70	
5626	https://doi.org/10.48550/arXiv.2210.13778	4b14fb1ae60ceeaec9ccbf2c03475d324de507b2	4b14fb1ae60ceeaec9ccbf2c03475d324de507b2	2022	Conference on Empirical Methods in Natural Language Processing		11	
5702	https://doi.org/10.1609/aaai.v36i10.21320	127ffc8697630a76b1b4149c24d1350f69205f41	127ffc8697630a76b1b4149c24d1350f69205f41	2021	AAAI Conference on Artificial Intelligence		164	
5596	https://doi.org/10.48550/arXiv.2305.14288	91b2b47cabd800ef658b65bfe1f52b7293a740c3	91b2b47cabd800ef658b65bfe1f52b7293a740c3	2023	Conference on Empirical Methods in Natural Language Processing	ArXiv	87	
5520	https://doi.org/10.48550/arXiv.2402.08638	64c8edfd8db83a893eaf0e2d137acb23eb698fd3	64c8edfd8db83a893eaf0e2d137acb23eb698fd3	2024	Annual Meeting of the Association for Computational Linguistics		43	
5564	https://doi.org/10.48550/arXiv.2310.04928	3f421c7defc20c21e97abad5fa92887a06ec5df8	3f421c7defc20c21e97abad5fa92887a06ec5df8	2023	Conference on Empirical Methods in Natural Language Processing		54	
5597	https://doi.org/10.48550/arXiv.2406.11546	5328b32c265241256ae1a113cb4e2d65d5ab045d	5328b32c265241256ae1a113cb4e2d65d5ab045d	2024	Annual Meeting of the Association for Computational Linguistics		25	
5579	https://doi.org/10.48550/arXiv.2502.18148	DOI:10.48550/arXiv.2502.18148						no_entry
5746	https://www.semanticscholar.org/paper/b50c7c60416e334440e18832a9ee9b6fddf636d2	b50c7c60416e334440e18832a9ee9b6fddf636d2	b50c7c60416e334440e18832a9ee9b6fddf636d2	2020	Pacific Asia Conference on Language, Information and Computation	ArXiv	30	
5749	https://doi.org/10.48550/arXiv.2410.15522	7b4c8f700f9c79cfa63c0bd7b133c58dae0c0894	7b4c8f700f9c79cfa63c0bd7b133c58dae0c0894	2024	Annual Meeting of the Association for Computational Linguistics		38	
5750	https://doi.org/10.1109/CVPR.2017.127	778ce81457383bd5e3fdb11b145ded202ebb4970	778ce81457383bd5e3fdb11b145ded202ebb4970	2016	Computer Vision and Pattern Recognition	2017 IEEE Conference on Computer Vision and Pattern Recognition (CVPR)	432	
5754	https://doi.org/10.1109/KSE.2018.8573337	2bac8a94090719bc3d94b02711b7999d4b91db57	2bac8a94090719bc3d94b02711b7999d4b91db57	2018	International Conference on Knowledge and Systems Engineering	2018 10th International Conference on Knowledge and Systems Engineering (KSE)	66	
5758	https://doi.org/10.1016/j.dib.2024.110192	09c3a1b79832a4e517b122a99e4eb00e9aa1bf0d	09c3a1b79832a4e517b122a99e4eb00e9aa1bf0d	2024	Data in Brief	Data in Brief	2	
5759	https://doi.org/10.1109/IWBIS.2017.8275098	cb2398c5dfa27cf984f7348bb9fa86942335508e	cb2398c5dfa27cf984f7348bb9fa86942335508e	2017	International Workshop on Big Data and Information Security	2017 International Workshop on Big Data and Information Security (IWBIS)	10	
5669	https://doi.org/10.18653/v1/W19-3506	ad3b9d3136037eeaade13580050cbb16640aa084	ad3b9d3136037eeaade13580050cbb16640aa084	2019		Proceedings of the Third Workshop on Abusive Language Online	219	
5605	https://www.semanticscholar.org/paper/330d74432b0f5171bdd900ea9093c6864a023b2a	330d74432b0f5171bdd900ea9093c6864a023b2a	330d74432b0f5171bdd900ea9093c6864a023b2a	2019	arXiv.org	ArXiv	3	
5768	https://doi.org/10.18653/v1/2020.aacl-main.60	c63f803a248809d16c63cfbe89cfff0ea0e9a3c0	c63f803a248809d16c63cfbe89cfff0ea0e9a3c0	2020			50	
5769	https://doi.org/10.48550/arXiv.2205.06266	c08c2fd7b269bd9d6c1162adc3b059cdf21d40a6	c08c2fd7b269bd9d6c1162adc3b059cdf21d40a6	2022	North American Chapter of the Association for Computational Linguistics	ArXiv	153	
5770	https://doi.org/10.48550/arXiv.2309.06085	0e09e8c08b9d0a8720768b054371945e4bbba862	0e09e8c08b9d0a8720768b054371945e4bbba862	2023	arXiv.org	ArXiv	11	
5780	https://www.semanticscholar.org/paper/25ca4a36df2955b345634b5f8a6b6bb66a774b3c	25ca4a36df2955b345634b5f8a6b6bb66a774b3c	25ca4a36df2955b345634b5f8a6b6bb66a774b3c	2012	International Conference on Language Resources and Evaluation		1965	
5784	https://doi.org/10.3115/1690299.1690312	9f668d335efb613bf3f26e34b12fd3e4437a5404	9f668d335efb613bf3f26e34b12fd3e4437a5404	2009			7	
5714	https://doi.org/10.18653/v1/W15-3302	6a028acd37246ced61310c7d30a083e455affede	6a028acd37246ced61310c7d30a083e455affede	2015			15	
5787	https://doi.org/10.48550/arXiv.2205.04651	385ed1c09120a7af662d5d0acec9f3e3bb1e2851	385ed1c09120a7af662d5d0acec9f3e3bb1e2851	2022	Pacific Asia Conference on Language, Information and Computation	ArXiv	13	
5646	https://www.semanticscholar.org/paper/a70fd36953d654cd585046c43815fa9ce5187172	a70fd36953d654cd585046c43815fa9ce5187172	a70fd36953d654cd585046c43815fa9ce5187172	2020	Workshop on Building and Using Comparable Corpora		15	
5793	https://doi.org/10.1109/ICTS.2019.8850995	371f4a644ae30b10f5f20b3e396e173358180737	371f4a644ae30b10f5f20b3e396e173358180737	2019		2019 12th International Conference on Information & Communication Technology and System (ICTS)	4	
5800	https://doi.org/10.1007/978-3-031-23793-5_34	ddbdacbbc29a89a16ba94e865fbc131b7fcd0cac	ddbdacbbc29a89a16ba94e865fbc131b7fcd0cac	2018	Conference on Intelligent Text Processing and Computational Linguistics		14	
5803	https://doi.org/10.48550/arXiv.2502.06298	0d8495b1ba7caca5132f33d3a909f86e350aaa5f	0d8495b1ba7caca5132f33d3a909f86e350aaa5f	2025	North American Chapter of the Association for Computational Linguistics		8	
5806	https://doi.org/10.1109/ICACSIS.2017.8355036	566aa4d4786c774bbbdd929a361d667373186f7b	566aa4d4786c774bbbdd929a361d667373186f7b	2017	International Conference on Advanced Computer Science and Information System	2017 International Conference on Advanced Computer Science and Information Systems (ICACSIS)	8	
5811	https://doi.org/10.1109/ACCESS.2023.3307712	ddadc53b0194fde0dfbd97fa8b9fdfd404ba7930	ddadc53b0194fde0dfbd97fa8b9fdfd404ba7930	2023	IEEE Access	IEEE Access	6	
5814	https://www.semanticscholar.org/paper/574453271bf9dbce7df005e9e1c2e0bb77eb1c6d	574453271bf9dbce7df005e9e1c2e0bb77eb1c6d	574453271bf9dbce7df005e9e1c2e0bb77eb1c6d	2018	Pacific Asia Conference on Language, Information and Computation		100	
5816	https://doi.org/10.18653/v1/N19-1014	f828b3c378434b8945c4e21472e7e2efa908b6eb	f828b3c378434b8945c4e21472e7e2efa908b6eb	2019	North American Chapter of the Association for Computational Linguistics	ArXiv	220	
5819	https://doi.org/10.52549/ijeei.v10i1.3565	05ae546867c85ab0524406393706da3e743e113a	05ae546867c85ab0524406393706da3e743e113a	2022	Indonesian Journal of Electrical Engineering and Informatics (IJEEI)	Indonesian Journal of Electrical Engineering and Informatics (IJEEI)	11	
5820	https://doi.org/10.1109/CENIM51130.2020.9297929	4c027f3e6e235929b159c4b9590f88bf4866780c	4c027f3e6e235929b159c4b9590f88bf4866780c	2020	CENiM	2020 International Conference on Computer Engineering, Network, and Intelligent Multimedia (CENIM)	15	
5826	https://doi.org/10.18653/v1/N18-2084	7b29f45df975ed1e4c3864b6ab4483f11086aa76	7b29f45df975ed1e4c3864b6ab4483f11086aa76	2018	North American Chapter of the Association for Computational Linguistics	ArXiv	352	
5828	https://www.semanticscholar.org/paper/da19f6f033257a7831f53f238e37b4e5768e9f43	da19f6f033257a7831f53f238e37b4e5768e9f43	da19f6f033257a7831f53f238e37b4e5768e9f43	2006			46	
5829	https://www.semanticscholar.org/paper/278bdf4ed974541265b0208eac9f421cd5486000	278bdf4ed974541265b0208eac9f421cd5486000	278bdf4ed974541265b0208eac9f421cd5486000	2013			4	
5830	https://doi.org/10.47065/josyc.v4i4.3905	b8da711f21377ca7cb4ecc9d5ba229eab5803d26	b8da711f21377ca7cb4ecc9d5ba229eab5803d26	2023	Journal of Computer System and Informatics (JoSYC)	Journal of Computer System and Informatics (JoSYC)	2	
5837	https://doi.org/10.1109/iccsai53272.2021.9609746	31e5c93f5b0b734aa93f733ffb071439c78d6a9f	31e5c93f5b0b734aa93f733ffb071439c78d6a9f	2021	International Conference on Computer Science and Artificial Intelligence	2021 1st International Conference on Computer Science and Artificial Intelligence (ICCSAI)	14	
5843	https://www.semanticscholar.org/paper/e95ad36302f92f45abe169fbc5185e55407bcc34	e95ad36302f92f45abe169fbc5185e55407bcc34	e95ad36302f92f45abe169fbc5185e55407bcc34	2013	Annual Meeting of the Association for Computational Linguistics		578	
5846	https://doi.org/10.18653/V1/2020.COLING-MAIN.66	1109d62ebd2b29a7dc148bc30dd6cfc803a63dec	1109d62ebd2b29a7dc148bc30dd6cfc803a63dec	2020	International Conference on Computational Linguistics		296	
5849	https://doi.org/10.3115/v1/P15-1113	2288985b24b95be22eb25bfba8a63e77d9c4115f	2288985b24b95be22eb25bfba8a63e77d9c4115f	2015	Annual Meeting of the Association for Computational Linguistics		71	
5850	https://www.semanticscholar.org/paper/3e795f8d94f552f2abeb09bcadec480f9e8a4586	3e795f8d94f552f2abeb09bcadec480f9e8a4586	3e795f8d94f552f2abeb09bcadec480f9e8a4586	2020	arXiv.org	ArXiv	4	
5860	https://www.semanticscholar.org/paper/288ef622fe53317f92ddb66677a7a0b691719c38	288ef622fe53317f92ddb66677a7a0b691719c38	288ef622fe53317f92ddb66677a7a0b691719c38	2011	Pacific Asia Conference on Language, Information and Computation		59	
5862	https://www.semanticscholar.org/paper/04ca48e573c0800fc572f2af1d475dd2645e840a	04ca48e573c0800fc572f2af1d475dd2645e840a	04ca48e573c0800fc572f2af1d475dd2645e840a	2008	Australasian Language Technology Association Workshop		109	
5863	https://doi.org/10.1007/978-3-031-23793-5_34	ddbdacbbc29a89a16ba94e865fbc131b7fcd0cac	ddbdacbbc29a89a16ba94e865fbc131b7fcd0cac	2018	Conference on Intelligent Text Processing and Computational Linguistics		14	
5870	https://www.semanticscholar.org/paper/1403e6b9adf7712c35ae56327d52fe54603b87e1	1403e6b9adf7712c35ae56327d52fe54603b87e1	1403e6b9adf7712c35ae56327d52fe54603b87e1	2021	arXiv.org	ArXiv	245	
5555	https://doi.org/10.1109/IALP.2018.8629151	3e62f682878a739125eae09b78f00db9acbb1078	3e62f682878a739125eae09b78f00db9acbb1078	2018	International Conference on Asian Language Processing	2018 International Conference on Asian Language Processing (IALP)	84	
5708	https://doi.org/10.1109/IALP.2017.8300625	41fa0c318410aa8ee86cd7cf58c9d369fdef3251	41fa0c318410aa8ee86cd7cf58c9d369fdef3251	2017	International Conference on Asian Language Processing	2017 International Conference on Asian Language Processing (IALP)	109	
5720	https://www.semanticscholar.org/paper/c04b9d1996f0178207095d8f47a5c529ee620bdb	c04b9d1996f0178207095d8f47a5c529ee620bdb	c04b9d1996f0178207095d8f47a5c529ee620bdb	2019			1	
5692	https://doi.org/10.3115/1073445.1073478	eb42a490cf4f186d3383c92963817d100afd81e2	eb42a490cf4f186d3383c92963817d100afd81e2	2003	North American Chapter of the Association for Computational Linguistics		3618	
5523	https://www.semanticscholar.org/paper/e0e68cedb8d1cd2643da97fe223b096ad851aa4c	e0e68cedb8d1cd2643da97fe223b096ad851aa4c	e0e68cedb8d1cd2643da97fe223b096ad851aa4c	2016	International Conference on Language Resources and Evaluation		15	
5551	https://www.semanticscholar.org/paper/60b05f32c32519a809f21642ef1eb3eaf3848008	60b05f32c32519a809f21642ef1eb3eaf3848008	60b05f32c32519a809f21642ef1eb3eaf3848008	2004	Annual Meeting of the Association for Computational Linguistics		17392	
5764	https://doi.org/10.18653/v1/N18-2084	7b29f45df975ed1e4c3864b6ab4483f11086aa76	7b29f45df975ed1e4c3864b6ab4483f11086aa76	2018	North American Chapter of the Association for Computational Linguistics	ArXiv	352	
5782	https://doi.org/10.1109/IALP.2018.8629151	3e62f682878a739125eae09b78f00db9acbb1078	3e62f682878a739125eae09b78f00db9acbb1078	2018	International Conference on Asian Language Processing	2018 International Conference on Asian Language Processing (IALP)	84	
5550	https://www.semanticscholar.org/paper/da9400de345f5102e054911183325431a8baef65	da9400de345f5102e054911183325431a8baef65	da9400de345f5102e054911183325431a8baef65				12	
5630	https://doi.org/10.1109/IALP.2014.6973519	b55a4a4ff3f635af764fe91640973d0c9cdcb76d	b55a4a4ff3f635af764fe91640973d0c9cdcb76d	2014	International Conference on Asian Language Processing	2014 International Conference on Asian Language Processing (IALP)	94	
5726	https://doi.org/10.1109/IALP48816.2019.9037723	28eb7c9ed1e8a59d3c8b122a6d725123d3bf2c03	28eb7c9ed1e8a59d3c8b122a6d725123d3bf2c03	2019	International Conference on Asian Language Processing	2019 International Conference on Asian Language Processing (IALP)	5	
5745	https://www.semanticscholar.org/paper/72729882f8fa3d9084eaece513f6bf9630be5901	72729882f8fa3d9084eaece513f6bf9630be5901	72729882f8fa3d9084eaece513f6bf9630be5901	2011	Annual Meeting of the Association for Computational Linguistics		1329	
5700	https://doi.org/10.18653/v1/2021.emnlp-main.821	35772d76f90bdf74b9d49ec8e476fe27679022af	35772d76f90bdf74b9d49ec8e476fe27679022af	2021	Conference on Empirical Methods in Natural Language Processing		34	
5647	https://doi.org/10.1109/IALP.2018.8629151	3e62f682878a739125eae09b78f00db9acbb1078	3e62f682878a739125eae09b78f00db9acbb1078	2018	International Conference on Asian Language Processing	2018 International Conference on Asian Language Processing (IALP)	84	
5651	https://doi.org/10.1109/ICSDA.2016.7918974	287987e82639146c89b4e6b91d6f7a7a7f32679b	287987e82639146c89b4e6b91d6f7a7a7f32679b	2016	Oriental COCOSDA International Conference on Speech Database and Assessments	2016 Conference of The Oriental Chapter of International Committee for Coordination and Standardization of Speech Databases and Assessment Techniques (O-COCOSDA)	82	
5685	https://doi.org/10.1109/IALP.2014.6973519	b55a4a4ff3f635af764fe91640973d0c9cdcb76d	b55a4a4ff3f635af764fe91640973d0c9cdcb76d	2014	International Conference on Asian Language Processing	2014 International Conference on Asian Language Processing (IALP)	94	
5844	https://doi.org/10.18653/v1/K17-3001	5c0a7a3f4a7928e8d5fe0b05d73d53865f5afb3d	5c0a7a3f4a7928e8d5fe0b05d73d53865f5afb3d	2017	Conference on Computational Natural Language Learning		331	
5845	https://www.semanticscholar.org/paper/06d77fa89c6cd8ebb94a6830fc9c7f1ace127a96	06d77fa89c6cd8ebb94a6830fc9c7f1ace127a96	06d77fa89c6cd8ebb94a6830fc9c7f1ace127a96	2019			9	
5847	https://doi.org/10.30564/fls.v6i5.6957	8da82cb614801a4d54f0fe59e4a4eab54bec81b3	8da82cb614801a4d54f0fe59e4a4eab54bec81b3	2022	Forum for Linguistic Studies	Forum for Linguistic Studies	3	
5848	https://doi.org/10.1109/IALP.2014.6973519	b55a4a4ff3f635af764fe91640973d0c9cdcb76d	b55a4a4ff3f635af764fe91640973d0c9cdcb76d	2014	International Conference on Asian Language Processing	2014 International Conference on Asian Language Processing (IALP)	94	
5858	https://doi.org/10.1007/978-3-031-23793-5_34	ddbdacbbc29a89a16ba94e865fbc131b7fcd0cac	ddbdacbbc29a89a16ba94e865fbc131b7fcd0cac	2018	Conference on Intelligent Text Processing and Computational Linguistics		14	
6410	https://www.semanticscholar.org/paper/da19f6f033257a7831f53f238e37b4e5768e9f43	da19f6f033257a7831f53f238e37b4e5768e9f43	da19f6f033257a7831f53f238e37b4e5768e9f43	2006			46	
6414	https://doi.org/10.21437/SLTU.2018-14	a0a60eb316aa07798a89e07f206b2d5fd9e51d61	a0a60eb316aa07798a89e07f206b2d5fd9e51d61	2018	Workshop on Spoken Language Technologies for Under-resourced Languages		49	
6400	https://www.semanticscholar.org/paper/7f5081cc48368e0a528f8a27bb19b1d86d9cef42	7f5081cc48368e0a528f8a27bb19b1d86d9cef42	7f5081cc48368e0a528f8a27bb19b1d86d9cef42	2016			6	
6399	https://www.semanticscholar.org/paper/d3f1c77ea3a4e381cfef8213fa6861928396172a	d3f1c77ea3a4e381cfef8213fa6861928396172a	d3f1c77ea3a4e381cfef8213fa6861928396172a	2020	arXiv.org	ArXiv	16	
6402	https://doi.org/10.48550/arXiv.2310.04928	3f421c7defc20c21e97abad5fa92887a06ec5df8	3f421c7defc20c21e97abad5fa92887a06ec5df8	2023	Conference on Empirical Methods in Natural Language Processing		54	
6545	https://doi.org/10.1145/2505377.2505394	903e066a3d1024b3355e167e1307b70ac2f034e1	903e066a3d1024b3355e167e1307b70ac2f034e1	2013			39	
6542	https://doi.org/10.21437/Eurospeech.2003-150	9cee27024667b035d4b713d99dae795c4d841d03	9cee27024667b035d4b713d99dae795c4d841d03	2003	Interspeech		162	
6550	https://doi.org/10.1109/ICFHR-2018.2018.00012	a61b8accbbee6b7893746283cb3e801dd5a1dfa5	a61b8accbbee6b7893746283cb3e801dd5a1dfa5	2018	International Conference on Frontiers in Handwriting Recognition	2018 16th International Conference on Frontiers in Handwriting Recognition (ICFHR)	23	
6543	https://doi.org/10.1145/3325885	3bffe4ee25ee090c7bdcfe7dd22682e19a7f730d	3bffe4ee25ee090c7bdcfe7dd22682e19a7f730d	2019		ACM Transactions on Asian and Low-Resource Language Information Processing (TALLIP)	9	
6540	https://www.semanticscholar.org/paper/774e560a2cadcb84f4b1def7b152e5398b062efb	774e560a2cadcb84f4b1def7b152e5398b062efb	774e560a2cadcb84f4b1def7b152e5398b062efb	2013	Annual Meeting of the Association for Computational Linguistics		623	
6554	https://doi.org/10.46223/hcmcoujs.tech.en.12.1.2217.2022	e798d3cccf115435f509cab7b89ba0172fd8e75e	e798d3cccf115435f509cab7b89ba0172fd8e75e	2022	Engineering & Technology	HO CHI MINH CITY OPEN UNIVERSITY JOURNAL OF SCIENCE - ENGINEERING AND TECHNOLOGY	2	
6539	https://www.semanticscholar.org/paper/44619a377ac96c3d33f2b9cbef820b625af4d80a	44619a377ac96c3d33f2b9cbef820b625af4d80a	44619a377ac96c3d33f2b9cbef820b625af4d80a	2008	International Conference on Language Resources and Evaluation		13	
6548	https://doi.org/10.18653/v1/D19-5201	62305a5110d24767a008c1fcfe3168fe0e4c9a81	62305a5110d24767a008c1fcfe3168fe0e4c9a81	2019	Conference on Empirical Methods in Natural Language Processing		55	
6547	https://www.semanticscholar.org/paper/9b4ec1028823d15731da12bdaf78de57af69e1cd	9b4ec1028823d15731da12bdaf78de57af69e1cd	9b4ec1028823d15731da12bdaf78de57af69e1cd	2021	Asia-Pacific Signal and Information Processing Association Annual Summit and Conference	2021 Asia-Pacific Signal and Information Processing Association Annual Summit and Conference (APSIPA ASC)	3	
6565	https://www.semanticscholar.org/paper/727209a57c643472c8fc166ba3cc373936acc8d0	727209a57c643472c8fc166ba3cc373936acc8d0	727209a57c643472c8fc166ba3cc373936acc8d0	2013	North American Chapter of the Association for Computational Linguistics		165	
6570	https://doi.org/10.18653/v1/W18-5446	451d4a16e425ecbf38c4b1cca0dcf5d9bec8255c	451d4a16e425ecbf38c4b1cca0dcf5d9bec8255c	2018			7640	
6575	https://doi.org/10.18653/v1/W18-5446	451d4a16e425ecbf38c4b1cca0dcf5d9bec8255c	451d4a16e425ecbf38c4b1cca0dcf5d9bec8255c	2018			7640	
6574	https://doi.org/10.1007/978-3-030-57077-4_10	d668f12be54174141e6197fad737006b7b0c0571	d668f12be54174141e6197fad737006b7b0c0571	2021		Programming with TensorFlow	1205	
6560	https://doi.org/10.1109/AIBThings58340.2023.10292494	6b90e16ba43b458b7e7d6121b9bd07c9422118be	6b90e16ba43b458b7e7d6121b9bd07c9422118be	2023		2023 IEEE International Conference on Artificial Intelligence, Blockchain, and Internet of Things (AIBThings)	8	
6566	https://doi.org/10.18653/V1/2020.COLING-MAIN.480	c360814d32fe45b7db2fcbaebb5d01402aff9b4f	c360814d32fe45b7db2fcbaebb5d01402aff9b4f	2020	International Conference on Computational Linguistics	ArXiv	43	
6563	https://doi.org/10.18653/v1/N18-1012	35b2154900e2a5009015eed7f23a0eed13157664	35b2154900e2a5009015eed7f23a0eed13157664	2018	North American Chapter of the Association for Computational Linguistics		413	
6562	https://doi.org/10.18653/v1/2021.mrl-1.11	b2474a00d7de3373bab934c09acef1994fa82207	b2474a00d7de3373bab934c09acef1994fa82207	2021		Proceedings of the 1st Workshop on Multilingual Representation Learning	231	
6797	https://www.semanticscholar.org/paper/e94e7940851d2908a993b9f90e3dd87c6de7c2f3	e94e7940851d2908a993b9f90e3dd87c6de7c2f3	e94e7940851d2908a993b9f90e3dd87c6de7c2f3	2016			2	
6801	https://doi.org/10.18653/v1/D19-1410	93d63ec754f29fa22572615320afe0521f7ec66d	93d63ec754f29fa22572615320afe0521f7ec66d	2019	Conference on Empirical Methods in Natural Language Processing		13828	
6806	https://www.semanticscholar.org/paper/ba233d75aa403092bda0bffc026be7913673ad69	ba233d75aa403092bda0bffc026be7913673ad69	ba233d75aa403092bda0bffc026be7913673ad69	2021	Neural Information Processing Systems		238	
6803	https://doi.org/10.21437/Interspeech.2021-2124	3a4ac071f77050e73938c6beae20a47c6ee84f87	3a4ac071f77050e73938c6beae20a47c6ee84f87	2021	Interspeech	ArXiv	16	
6809	https://doi.org/10.48550/arXiv.2502.06298	0d8495b1ba7caca5132f33d3a909f86e350aaa5f	0d8495b1ba7caca5132f33d3a909f86e350aaa5f	2025	North American Chapter of the Association for Computational Linguistics		8	
6813	https://doi.org/10.18653/v1/2024.iwslt-1.25	92bae95b4123434f393311f9ef35f03bd7091074	92bae95b4123434f393311f9ef35f03bd7091074	2024	International Workshop on Spoken Language Translation	Proceedings of the 21st International Conference on Spoken Language Translation (IWSLT 2024)	2	
6824	https://doi.org/10.1017/S1351324923000402	64cae93789a35e43de0ab5ba5e1fa513fed0267c	64cae93789a35e43de0ab5ba5e1fa513fed0267c	2022	Natural Language Engineering	Natural Language Engineering	56	
6828	https://www.semanticscholar.org/paper/ebdcfcd11c8da6e20e4486b65bed5d23f931dc63	ebdcfcd11c8da6e20e4486b65bed5d23f931dc63	ebdcfcd11c8da6e20e4486b65bed5d23f931dc63	2012	North American Chapter of the Association for Computational Linguistics		214	
6815	https://www.semanticscholar.org/paper/ebdcfcd11c8da6e20e4486b65bed5d23f931dc63	ebdcfcd11c8da6e20e4486b65bed5d23f931dc63	ebdcfcd11c8da6e20e4486b65bed5d23f931dc63	2012	North American Chapter of the Association for Computational Linguistics		214	
6821	https://doi.org/10.18653/v1/W16-5618	3eebb7907a9b94f8d65f969f63b76ff5f643f6d3	3eebb7907a9b94f8d65f969f63b76ff5f643f6d3	2016			622	
6833	https://www.semanticscholar.org/paper/cc58ebb219feb0f6da5c0f52bed1721dcc4068a1	cc58ebb219feb0f6da5c0f52bed1721dcc4068a1	cc58ebb219feb0f6da5c0f52bed1721dcc4068a1	2020			14	
6834	https://doi.org/10.18653/v1/2023.wassa-1.12	14e33505afb76427284841fe7b4532a7a22ee89e	14e33505afb76427284841fe7b4532a7a22ee89e	2023	Workshop on Computational Approaches to Subjectivity, Sentiment and Social Media Analysis		2	
7175	https://www.semanticscholar.org/paper/c1601b8b7a60fe4e8fa121a7cf2acd9ec4a8043c	c1601b8b7a60fe4e8fa121a7cf2acd9ec4a8043c	c1601b8b7a60fe4e8fa121a7cf2acd9ec4a8043c	2020	International Conference on Language Resources and Evaluation		78	
7178	https://doi.org/10.1145/3441501.3441516	0f1aa72dfc040d5721645ed2b79a3655994ed245	0f1aa72dfc040d5721645ed2b79a3655994ed245	2020	Fire	Proceedings of the 12th Annual Meeting of the Forum for Information Retrieval Evaluation	8	
7186	https://doi.org/10.26615/978-954-452-072-4_050	b848e7a1eaa52d57b0caf1f60ebaf958f82c7e3e	b848e7a1eaa52d57b0caf1f60ebaf958f82c7e3e	2021	Recent Advances in Natural Language Processing		67	
7187	https://www.semanticscholar.org/paper/062092a2b27af84b3becffd7439bf8c43574427b	062092a2b27af84b3becffd7439bf8c43574427b	062092a2b27af84b3becffd7439bf8c43574427b	2021	Fire		75	
7192	https://doi.org/10.21437/blizzard.2013-2	13a0af19f5210327602bf10302f0f865270a920b	13a0af19f5210327602bf10302f0f865270a920b	2013		The Blizzard Challenge 2013	38	
7195	https://doi.org/10.48550/arXiv.2305.16307	59919e80ede70e82a70e8f76f533360c22f37275	59919e80ede70e82a70e8f76f533360c22f37275	2023	arXiv.org	ArXiv	163	
7202	https://www.semanticscholar.org/paper/7997d432925aff0ba05497d2893c09918298ca55	7997d432925aff0ba05497d2893c09918298ca55	7997d432925aff0ba05497d2893c09918298ca55	2020	arXiv.org	ArXiv	86	
7205	https://doi.org/10.18653/v1/2020.emnlp-main.213	9e67b9758520e49016ab66bafb974d2e1ed762d1	9e67b9758520e49016ab66bafb974d2e1ed762d1	2020	Conference on Empirical Methods in Natural Language Processing	ArXiv	1224	
7212	https://doi.org/10.48550/arXiv.2203.13778	77e09c4b9ffb3024af6af3002728ab254fb479b1	77e09c4b9ffb3024af6af3002728ab254fb479b1	2022	Workshop on Trolling, Aggression and Cyberbullying	ArXiv	43	
7213	https://doi.org/10.48550/arXiv.2204.06029	24e02cda347aac67eeef0f1e571dd60ede3e913a	24e02cda347aac67eeef0f1e571dd60ede3e913a	2022		ArXiv	22	
7215	https://www.semanticscholar.org/paper/bb8d2aa9ef06ecc830828dee92bfdeb46e14e25f	bb8d2aa9ef06ecc830828dee92bfdeb46e14e25f	bb8d2aa9ef06ecc830828dee92bfdeb46e14e25f	2021	Workshop on Computational Approaches to Subjectivity, Sentiment and Social Media Analysis	ArXiv	59	
7216	https://doi.org/10.48550/arXiv.2204.06029	24e02cda347aac67eeef0f1e571dd60ede3e913a	24e02cda347aac67eeef0f1e571dd60ede3e913a	2022		ArXiv	22	
7217	https://doi.org/10.48550/arXiv.2205.14728	9fc290b471d82e32a030897d8d84890f1075b41e	9fc290b471d82e32a030897d8d84890f1075b41e	2022	arXiv.org	ArXiv	28	
7223	https://www.semanticscholar.org/paper/7ebbb9f14a08fda8d76b3f299254c2b0d2c59d9a	7ebbb9f14a08fda8d76b3f299254c2b0d2c59d9a	7ebbb9f14a08fda8d76b3f299254c2b0d2c59d9a	2022		ArXiv	60	
7225	https://www.semanticscholar.org/paper/78ba2856b30702c4ec0e6ea331616779ee926dc7	78ba2856b30702c4ec0e6ea331616779ee926dc7	78ba2856b30702c4ec0e6ea331616779ee926dc7	2014			8	
7237	https://doi.org/10.21437/interspeech.2020-3157	8582e5f71abb5b99c2c71e706ae3b50386286b6f	8582e5f71abb5b99c2c71e706ae3b50386286b6f	2020	Interspeech		1	
7239	https://www.semanticscholar.org/paper/f77ec4c85a8505b9c9502ccbd94f79082a4689d5	f77ec4c85a8505b9c9502ccbd94f79082a4689d5	f77ec4c85a8505b9c9502ccbd94f79082a4689d5	2018	International Workshop on Treebanks and Linguistic Theories		16	
7259	https://doi.org/10.1007/s10579-020-09523-3	85443402202798a597b554c4169b62a17bae8a6f	85443402202798a597b554c4169b62a17bae8a6f	2021	Language Resources and Evaluation	Language Resources and Evaluation	15	
7261	https://doi.org/10.18280/isi.290311	6d7077d4f3f129bfdcdf57f4c1c4a4d5c01baff9	6d7077d4f3f129bfdcdf57f4c1c4a4d5c01baff9	2024	Ingénierie des Systèmes d'Information	Ingénierie des systèmes d information	1	
7262	https://doi.org/10.5281/ZENODO.3707949	ed7ef54578e0335b2e308d0d1d44a64e4fef9697	ed7ef54578e0335b2e308d0d1d44a64e4fef9697	2020	International Conference on Language Resources and Evaluation		46	
7188	https://www.semanticscholar.org/paper/062092a2b27af84b3becffd7439bf8c43574427b	062092a2b27af84b3becffd7439bf8c43574427b	062092a2b27af84b3becffd7439bf8c43574427b	2021	Fire		75	
7220	https://doi.org/10.48550/arXiv.2203.13778	77e09c4b9ffb3024af6af3002728ab254fb479b1	77e09c4b9ffb3024af6af3002728ab254fb479b1	2022	Workshop on Trolling, Aggression and Cyberbullying	ArXiv	43	
7221	https://doi.org/10.48550/arXiv.2204.06029	24e02cda347aac67eeef0f1e571dd60ede3e913a	24e02cda347aac67eeef0f1e571dd60ede3e913a	2022		ArXiv	22	
7222	https://www.semanticscholar.org/paper/bb8d2aa9ef06ecc830828dee92bfdeb46e14e25f	bb8d2aa9ef06ecc830828dee92bfdeb46e14e25f	bb8d2aa9ef06ecc830828dee92bfdeb46e14e25f	2021	Workshop on Computational Approaches to Subjectivity, Sentiment and Social Media Analysis	ArXiv	59	
7233	https://doi.org/10.26615/978-954-452-072-4_050	b848e7a1eaa52d57b0caf1f60ebaf958f82c7e3e	b848e7a1eaa52d57b0caf1f60ebaf958f82c7e3e	2021	Recent Advances in Natural Language Processing		67	
7238	https://www.semanticscholar.org/paper/36c4c9fa1ebfa8c686161961bb487a9ee4b1a59e	36c4c9fa1ebfa8c686161961bb487a9ee4b1a59e	36c4c9fa1ebfa8c686161961bb487a9ee4b1a59e	2020	Workshop on Trolling, Aggression and Cyberbullying		23	
7240	https://doi.org/10.26615/978-954-452-072-4_050	b848e7a1eaa52d57b0caf1f60ebaf958f82c7e3e	b848e7a1eaa52d57b0caf1f60ebaf958f82c7e3e	2021	Recent Advances in Natural Language Processing		67	
7249	https://doi.org/10.18653/v1/N19-1144	13ff28f98474858d84c339e5301cb3bf468ac68b	13ff28f98474858d84c339e5301cb3bf468ac68b	2019	North American Chapter of the Association for Computational Linguistics	ArXiv	802	
7274	https://www.semanticscholar.org/paper/e37d7fca6c6bdd8bcac8eeb546c218dd9bb10088	e37d7fca6c6bdd8bcac8eeb546c218dd9bb10088	e37d7fca6c6bdd8bcac8eeb546c218dd9bb10088	2002		Concentric： Studies in Linguistics	6	
7322	https://www.semanticscholar.org/paper/0ffdee8b9d8eae3bcbf707068ca0aa3ca14cb772	0ffdee8b9d8eae3bcbf707068ca0aa3ca14cb772	0ffdee8b9d8eae3bcbf707068ca0aa3ca14cb772	2012	International Conference on Language Resources and Evaluation		48	
7327	https://doi.org/10.1145/3701716.3718389	5d2ab6d3c9b6e2150146dc34253c776f6d58496e	5d2ab6d3c9b6e2150146dc34253c776f6d58496e	2025	The Web Conference	Companion Proceedings of the ACM on Web Conference 2025	0	
7331	https://www.semanticscholar.org/paper/077f8329a7b6fa3b7c877a57b81eb6c18b5f87de	077f8329a7b6fa3b7c877a57b81eb6c18b5f87de	077f8329a7b6fa3b7c877a57b81eb6c18b5f87de	2019	arXiv.org	ArXiv	25999	
7333	https://doi.org/10.48550/arXiv.2210.05425	a4b010654bc00783ca70c6126d65ed1b0a857d05	a4b010654bc00783ca70c6126d65ed1b0a857d05	2022			3	
7367	https://doi.org/10.1109/ASONAM49781.2020.9381292	2552278d9239a3f6777eb66cb366c413368bb646	2552278d9239a3f6777eb66cb366c413368bb646	2020	International Conference on Advances in Social Networks Analysis and Mining	2020 IEEE/ACM International Conference on Advances in Social Networks Analysis and Mining (ASONAM)	17	
7341	https://doi.org/10.3366/E1749503208000166	63d2dc91de0875b231905dd3a060b0f1c6627162	63d2dc91de0875b231905dd3a060b0f1c6627162	2008		Corpora	24	
7364	https://doi.org/10.21437/SLTU.2018-14	a0a60eb316aa07798a89e07f206b2d5fd9e51d61	a0a60eb316aa07798a89e07f206b2d5fd9e51d61	2018	Workshop on Spoken Language Technologies for Under-resourced Languages		49	
7350	https://doi.org/10.1155/2021/2158184	6bf1877048dcaa1de7a0c3745b2f6fba396fb85f	6bf1877048dcaa1de7a0c3745b2f6fba396fb85f	2021	Computational Intelligence and Neuroscience	Computational Intelligence and Neuroscience	90	
7325	https://doi.org/10.18653/v1/N19-1423	df2b0e26d0599ce3e70df8a9da02e51594e0e992	df2b0e26d0599ce3e70df8a9da02e51594e0e992	2019	North American Chapter of the Association for Computational Linguistics		100894	
7344	https://doi.org/10.18653/v1/2021.findings-acl.413	ecf5618b513aa5c4d5bf62ca251923a188251117	ecf5618b513aa5c4d5bf62ca251923a188251117	2021	Findings		414	
7324	https://www.semanticscholar.org/paper/050685e0f34903f5bd6d454a771b50f116074761	050685e0f34903f5bd6d454a771b50f116074761	050685e0f34903f5bd6d454a771b50f116074761	2025			18	
7348	https://doi.org/10.48550/arXiv.2501.05963	f299cc7de03f70a2ac736b14c960b2c8286d8670	f299cc7de03f70a2ac736b14c960b2c8286d8670	2025		ArXiv	2	
7351	https://doi.org/10.1109/ASONAM49781.2020.9381292	2552278d9239a3f6777eb66cb366c413368bb646	2552278d9239a3f6777eb66cb366c413368bb646	2020	International Conference on Advances in Social Networks Analysis and Mining	2020 IEEE/ACM International Conference on Advances in Social Networks Analysis and Mining (ASONAM)	17	
7357	https://doi.org/10.21437/SLTU.2018-14	a0a60eb316aa07798a89e07f206b2d5fd9e51d61	a0a60eb316aa07798a89e07f206b2d5fd9e51d61	2018	Workshop on Spoken Language Technologies for Under-resourced Languages		49	
7343	https://doi.org/10.1109/CIC48465.2019.00031	acea543fe5f2a78404b26a901d22b506ec549adf	acea543fe5f2a78404b26a901d22b506ec549adf	2019	International Conference on Communications in Computing	2019 IEEE 5th International Conference on Collaboration and Internet Computing (CIC)	16	
7339	https://doi.org/10.3366/E1749503208000166	63d2dc91de0875b231905dd3a060b0f1c6627162	63d2dc91de0875b231905dd3a060b0f1c6627162	2008		Corpora	24	
7353	https://doi.org/10.3115/1118078.1118079	f56c3318054238bc2d880c021e007f3f669da484	f56c3318054238bc2d880c021e007f3f669da484	2001			38	
7346	https://doi.org/10.7717/peerj-cs.412	c97a2cbc61ac1f2a41fe7f3e0a5f80670bf95a8b	c97a2cbc61ac1f2a41fe7f3e0a5f80670bf95a8b	2021	PeerJ Computer Science	PeerJ Computer Science	15	
7375	https://doi.org/10.18653/v1/P19-1625	6ef8f996fed2fa51479057ea378362d96bed26ec	6ef8f996fed2fa51479057ea378362d96bed26ec	2019	Annual Meeting of the Association for Computational Linguistics		10	
7384	https://doi.org/10.18653/v1/P19-1625	6ef8f996fed2fa51479057ea378362d96bed26ec	6ef8f996fed2fa51479057ea378362d96bed26ec	2019	Annual Meeting of the Association for Computational Linguistics		10	
7387	https://www.semanticscholar.org/paper/82a0f2f4e839280d7041fc63237ef60340870b7d	82a0f2f4e839280d7041fc63237ef60340870b7d	82a0f2f4e839280d7041fc63237ef60340870b7d	2020	arXiv.org	ArXiv	20	
7391	https://doi.org/10.3115/v1/D14-1162	f37e1b62a767a307c046404ca96bc140b3e68cb5	f37e1b62a767a307c046404ca96bc140b3e68cb5	2014	Conference on Empirical Methods in Natural Language Processing		32778	
7394	https://www.semanticscholar.org/paper/fa01cc42f9d67fd7d50c6e15ba4d9d87cfec3ce3	fa01cc42f9d67fd7d50c6e15ba4d9d87cfec3ce3	fa01cc42f9d67fd7d50c6e15ba4d9d87cfec3ce3	2017			10	
7388	https://www.semanticscholar.org/paper/d1eccd9ac0b0dff6cd94f8bc609a812551198742	d1eccd9ac0b0dff6cd94f8bc609a812551198742	d1eccd9ac0b0dff6cd94f8bc609a812551198742	2010			18	
7396	https://doi.org/10.18653/v1/W19-7803	f6ae2aaf0a27278aa07d232cd9b59019f75850e1	f6ae2aaf0a27278aa07d232cd9b59019f75850e1	2019		Proceedings of the 18th International Workshop on Treebanks and Linguistic Theories (TLT, SyntaxFest 2019)	23	
7380	https://doi.org/10.48550/arXiv.2403.19260	3e2e2ee0487607f109168bc6a0133ad0bfc938e2	3e2e2ee0487607f109168bc6a0133ad0bfc938e2	2024	Annual Meeting of the Association for Computational Linguistics	ArXiv	14	
7377	https://doi.org/10.18653/v1/2020.acl-main.747	6fec3e579c7cd4f13bdabbee2b6ac2e8ff5941c6	6fec3e579c7cd4f13bdabbee2b6ac2e8ff5941c6	2019	Annual Meeting of the Association for Computational Linguistics	ArXiv	7133	
7400	https://doi.org/10.48550/arXiv.2204.09711	c3cfcd42b76ec6a18376f3975198c76e964b664f	c3cfcd42b76ec6a18376f3975198c76e964b664f	2022	arXiv.org	ArXiv	16	
7382	https://www.semanticscholar.org/paper/ecd9168526d1a82ac2348c8de52bff6323322da9	ecd9168526d1a82ac2348c8de52bff6323322da9	ecd9168526d1a82ac2348c8de52bff6323322da9	2022	International Conference on Language Resources and Evaluation		109	
7371	https://doi.org/10.48550/arXiv.2404.15238	a670b9eeec59421e096056dd7eb48ced1ab83be1	a670b9eeec59421e096056dd7eb48ced1ab83be1	2024	Conference on Empirical Methods in Natural Language Processing		56	
7389	https://www.semanticscholar.org/paper/13a105a764f8b1f30193901ad8c147a9ace95f8c	13a105a764f8b1f30193901ad8c147a9ace95f8c	13a105a764f8b1f30193901ad8c147a9ace95f8c	2018			8	
7383	https://www.semanticscholar.org/paper/ecd9168526d1a82ac2348c8de52bff6323322da9	ecd9168526d1a82ac2348c8de52bff6323322da9	ecd9168526d1a82ac2348c8de52bff6323322da9	2022	International Conference on Language Resources and Evaluation		109	
7398	https://doi.org/10.1162/tacl_a_00416	b57da3ccf214e8dad49116c8db9590c2c89629f5	b57da3ccf214e8dad49116c8db9590c2c89629f5	2021	Transactions of the Association for Computational Linguistics	Transactions of the Association for Computational Linguistics	212	
7413	https://doi.org/10.1007/s11042-019-7330-0	7af4231c32509c0efb68b4ef2319e2e48c2801aa	7af4231c32509c0efb68b4ef2319e2e48c2801aa	2019	Multimedia tools and applications	Multimedia Tools and Applications	38	
7417	https://www.semanticscholar.org/paper/077f8329a7b6fa3b7c877a57b81eb6c18b5f87de	077f8329a7b6fa3b7c877a57b81eb6c18b5f87de	077f8329a7b6fa3b7c877a57b81eb6c18b5f87de	2019	arXiv.org	ArXiv	25999	
7416	https://doi.org/10.3390/s20205884	01681cab481d25dc79f53a7c867e6346bc36201d	01681cab481d25dc79f53a7c867e6346bc36201d	2020	Italian National Conference on Sensors	Sensors (Basel, Switzerland)	18	
7409	https://doi.org/10.1109/ICFHR.2016.0090	c4f553149a59a339456969b601e00e4a827a93a7	c4f553149a59a339456969b601e00e4a827a93a7	2016	International Conference on Frontiers in Handwriting Recognition	2016 15th International Conference on Frontiers in Handwriting Recognition (ICFHR)	29	
7424	https://www.semanticscholar.org/paper/1a7715e8d41a228f8fc35f7e3f2580988eea9b24	1a7715e8d41a228f8fc35f7e3f2580988eea9b24	1a7715e8d41a228f8fc35f7e3f2580988eea9b24	2014	International Conference on Language Resources and Evaluation		75	
7431	https://doi.org/10.1016/j.specom.2013.07.001	2fad19b01b6e9efee889710bdc5b990a4bcaad08	2fad19b01b6e9efee889710bdc5b990a4bcaad08	2014	Speech Communication	Speech Commun.	110	
7433	https://doi.org/10.18653/v1/2021.findings-acl.413	ecf5618b513aa5c4d5bf62ca251923a188251117	ecf5618b513aa5c4d5bf62ca251923a188251117	2021	Findings		414	
7512	https://doi.org/10.18653/v1/2020.nlposs-1.10	5039ed9e100d3a1cbbc25a02c82f6ee181609e83	5039ed9e100d3a1cbbc25a02c82f6ee181609e83	2020		ArXiv	66	
7513	https://doi.org/10.1007/978-3-319-08958-4_43	c631f18e5fae0e26909ea251e79be752c539f61b	c631f18e5fae0e26909ea251e79be752c539f61b	2011	Language and Technology Conference		37	
7524	https://doi.org/10.1145/3487553.3524931	94a85dbd0c16c1989636e9b261757757aa8482c3	94a85dbd0c16c1989636e9b261757757aa8482c3	2022	The Web Conference	Companion Proceedings of the Web Conference 2022	2	
7519	https://doi.org/10.1016/j.patrec.2016.05.031	591aaa40563dbebeadc59f6748f3c7bf3ee5d24e	591aaa40563dbebeadc59f6748f3c7bf3ee5d24e	2016	Pattern Recognition Letters	Pattern Recognit. Lett.	22	
7533	https://www.semanticscholar.org/paper/e11edb4201007530c3692814a155b22f78a0d659	e11edb4201007530c3692814a155b22f78a0d659	e11edb4201007530c3692814a155b22f78a0d659	2016	International Conference on Language Resources and Evaluation		885	
7530	https://doi.org/10.1109/ICACCP.2019.8882969	903dc7272a273601251d9fd480a550be9dd25042	903dc7272a273601251d9fd480a550be9dd25042	2019		2019 Second International Conference on Advanced Computational and Communication Paradigms (ICACCP)	22	
7527	https://doi.org/10.1007/978-3-319-71767-8_4	1ecefe331e4c9c8de582f09ca37b34d577305436	1ecefe331e4c9c8de582f09ca37b34d577305436	2018			13	
7520	https://www.semanticscholar.org/paper/9e9741daf545bebf2e3404aa18764f940f76d421	9e9741daf545bebf2e3404aa18764f940f76d421	9e9741daf545bebf2e3404aa18764f940f76d421	2021			7	
7523	https://doi.org/10.1109/ICAPR.2015.7050694	945fca6b936e611032abf819b31907538616db6e	945fca6b936e611032abf819b31907538616db6e	2015	International Conference on Advances in Pattern Recognition	2015 Eighth International Conference on Advances in Pattern Recognition (ICAPR)	15	
7532	https://doi.org/10.1109/ICDAR.2005.84	cc2aee39b04f306da6349de06bee9f353bab8388	cc2aee39b04f306da6349de06bee9f353bab8388	2005	IEEE International Conference on Document Analysis and Recognition	Eighth International Conference on Document Analysis and Recognition (ICDAR'05)	141	
8235	https://doi.org/10.18653/v1/2020.findings-emnlp.195	02c8d27b92a7159facb2e9446d26a5356d446ffe	02c8d27b92a7159facb2e9446d26a5356d446ffe	2020	Findings	ArXiv	235	
8659	https://www.semanticscholar.org/paper/2edbe6cb5a4bed33ee703079241b58146dd1d327	2edbe6cb5a4bed33ee703079241b58146dd1d327	2edbe6cb5a4bed33ee703079241b58146dd1d327	1987			2	
8662	https://www.semanticscholar.org/paper/fcf816d9e7b804f4201e4cbf5437e62d683c8a8e	fcf816d9e7b804f4201e4cbf5437e62d683c8a8e	fcf816d9e7b804f4201e4cbf5437e62d683c8a8e	2018	arXiv.org	ArXiv	186	
8652	https://www.semanticscholar.org/paper/24ac368d08765dfad920ceefb79fba7bfe81d83c	24ac368d08765dfad920ceefb79fba7bfe81d83c	24ac368d08765dfad920ceefb79fba7bfe81d83c	2021	Machine Translation Summit		43	
8653	https://doi.org/10.59200/icarti.2023.024	2d0ba073d6bc847d3c9a370bda3532fbbeef9a29	2d0ba073d6bc847d3c9a370bda3532fbbeef9a29	2023	International Conference on Artificial Intelligence and its Applications	International Conference on Artificial Intelligence and its Applications	1	
8647	https://doi.org/10.48550/arXiv.2310.09141	3448e136046d22d4f90d7a4c875890f5fb64b811	3448e136046d22d4f90d7a4c875890f5fb64b811	2023	arXiv.org	ArXiv	13	
a	https://doi.org/10.4102/lit.v38i1.1351	3d336efec0d4d48ec600fdb7ab54ac474136f01b	3d336efec0d4d48ec600fdb7ab54ac474136f01b	2017			43	
a	https://doi.org/10.18653/v1/2023.rail-1.3	DOI:10.18653/v1/2023.rail-1.3						no_entry
a	https://doi.org/10.18653/v1/2023.rail-1.3	DOI:10.18653/v1/2023.rail-1.3						no_entry
8633	https://doi.org/10.1016/j.dib.2020.105146	ddfa8602553baeff7017b16230b4e3af8a2ccb9a	ddfa8602553baeff7017b16230b4e3af8a2ccb9a	2020	Data in Brief	Data in Brief	10	
8648	https://doi.org/10.48550/arXiv.2207.04672	e19b54ad4c1c8af045069e9cac350ffc2ce60e1a	e19b54ad4c1c8af045069e9cac350ffc2ce60e1a	2022	arXiv.org	ArXiv	1439	
8657	https://www.semanticscholar.org/paper/7a0640db17b461b75df21f737154ad0f6d43e9de	7a0640db17b461b75df21f737154ad0f6d43e9de	7a0640db17b461b75df21f737154ad0f6d43e9de	2020	International Conference on Language Resources and Evaluation		25	
8630	https://doi.org/10.48550/arXiv.2309.07445	a517575328ca3b8289fa95bd9f71669e1cf7127a	a517575328ca3b8289fa95bd9f71669e1cf7127a	2023	Conference of the European Chapter of the Association for Computational Linguistics		111	
8646	https://www.semanticscholar.org/paper/65906e6027246ae9e4ecd18d6e019a24505c842e	65906e6027246ae9e4ecd18d6e019a24505c842e	65906e6027246ae9e4ecd18d6e019a24505c842e	2020	International Conference on Learning Representations	ArXiv	667	
8643	https://doi.org/10.1145/3394486.3406703	725264948d7b6946259af5b8d966e996b9570f99	725264948d7b6946259af5b8d966e996b9570f99	2020	Knowledge Discovery and Data Mining	Proceedings of the 26th ACM SIGKDD International Conference on Knowledge Discovery & Data Mining	1624	
8650	https://doi.org/10.18653/v1/P19-1310	83ff258bdb027e38b75f3043b0789620c17b27f0	83ff258bdb027e38b75f3043b0789620c17b27f0	2019	Annual Meeting of the Association for Computational Linguistics		242	
8641	https://doi.org/10.21437/Interspeech.2009-760	a8f5c7af77f30d5b68069b925ecf7599ceedcd73	a8f5c7af77f30d5b68069b925ecf7599ceedcd73	2009	Interspeech		23	
8632	https://www.semanticscholar.org/paper/1a7715e8d41a228f8fc35f7e3f2580988eea9b24	1a7715e8d41a228f8fc35f7e3f2580988eea9b24	1a7715e8d41a228f8fc35f7e3f2580988eea9b24	2014	International Conference on Language Resources and Evaluation		75	
8629	https://doi.org/10.48550/arXiv.2303.03750	6c24eaf55c96e7efadfcf76af696bafddb27fa09	6c24eaf55c96e7efadfcf76af696bafddb27fa09	2023		ArXiv	15	
8661	https://www.semanticscholar.org/paper/0fe73c19513dfd17372d8ef58da0d0149725832c	0fe73c19513dfd17372d8ef58da0d0149725832c	0fe73c19513dfd17372d8ef58da0d0149725832c	2018	International Conference on Language Resources and Evaluation	ArXiv	1462	
8655	https://doi.org/10.21437/ICSLP.1992-277	8648dbfff9662fa9c62a95622712dd2951b5b3a3	8648dbfff9662fa9c62a95622712dd2951b5b3a3	1992	Human Language Technology - The Baltic Perspectiv		1514	
8656	https://doi.org/10.48550/arXiv.2303.03750	6c24eaf55c96e7efadfcf76af696bafddb27fa09	6c24eaf55c96e7efadfcf76af696bafddb27fa09	2023		ArXiv	15	
8660	https://doi.org/10.48550/arXiv.2303.03750	6c24eaf55c96e7efadfcf76af696bafddb27fa09	6c24eaf55c96e7efadfcf76af696bafddb27fa09	2023		ArXiv	15	
8686	https://doi.org/10.32350/LLR/11/04	df1a4ab0f6e045f0ed7817b312f39db690cb9ccb	df1a4ab0f6e045f0ed7817b312f39db690cb9ccb	2015			20	
8665	https://www.semanticscholar.org/paper/d38e613ae12e9073b4e8feefae360a6ea8d0ad44	d38e613ae12e9073b4e8feefae360a6ea8d0ad44	d38e613ae12e9073b4e8feefae360a6ea8d0ad44	2020	arXiv.org	ArXiv	3	
8668	https://doi.org/10.48084/ETASR.3193	af9d6f136222278bbb60f2df7672f320a52cf295	af9d6f136222278bbb60f2df7672f320a52cf295	2019	Engineering, Technology & Applied Science Research	Engineering, Technology & Applied Science Research	4	
8669	https://doi.org/10.17485/ijst/v13i25.914	72d1992073602415daf8146f87396703c130807f	72d1992073602415daf8146f87396703c130807f	2020	Indian Journal of Science and Technology	Indian Journal of Science and Technology	3	
8681	https://doi.org/10.1561/2200000013	eb9c924383aca0d137c736a41271d569a12cf518	eb9c924383aca0d137c736a41271d569a12cf518	2010		Found. Trends Mach. Learn.	1235	
8678	https://dx.doi.org/10.14569/IJACSA.2017.081038	URL:https://dx.doi.org/10.14569/IJACSA.2017.081038						no_entry
8683	https://doi.org/10.1016/j.dib.2018.05.062	a105a4d805dca83dcf9a6db7980f57fd43f022fe	a105a4d805dca83dcf9a6db7980f57fd43f022fe	2018	Data in Brief	Data in Brief	11	
8825	https://doi.org/10.1073/pnas.0607708103	77080ea69e7bd12c2ccaa4abd534db4f5bd5c1fa	77080ea69e7bd12c2ccaa4abd534db4f5bd5c1fa	2006	Proceedings of the National Academy of Sciences of the United States of America	Proceedings of the National Academy of Sciences	136	
8820	https://doi.org/10.18653/v1/2021.mrl-1.11	b2474a00d7de3373bab934c09acef1994fa82207	b2474a00d7de3373bab934c09acef1994fa82207	2021		Proceedings of the 1st Workshop on Multilingual Representation Learning	231	
8817	https://doi.org/10.18653/v1/2020.acl-main.747	6fec3e579c7cd4f13bdabbee2b6ac2e8ff5941c6	6fec3e579c7cd4f13bdabbee2b6ac2e8ff5941c6	2019	Annual Meeting of the Association for Computational Linguistics	ArXiv	7133	
8823	https://doi.org/10.1145/3626772.3657884	d423a780cc4ce6f9ac22b7bd0fd230ebd7f038ff	d423a780cc4ce6f9ac22b7bd0fd230ebd7f038ff	2024	Annual International ACM SIGIR Conference on Research and Development in Information Retrieval	Proceedings of the 47th International ACM SIGIR Conference on Research and Development in Information Retrieval	5	
8824	https://www.semanticscholar.org/paper/5a0cc05753097721d2c6397d7a7ad0ce4acf4569	5a0cc05753097721d2c6397d7a7ad0ce4acf4569	5a0cc05753097721d2c6397d7a7ad0ce4acf4569	2016	International Conference on Language Resources and Evaluation		26	
8836	https://www.semanticscholar.org/paper/d77cdbb1c4a7e1707c32a1c6db2b1e7ddf351483	d77cdbb1c4a7e1707c32a1c6db2b1e7ddf351483	d77cdbb1c4a7e1707c32a1c6db2b1e7ddf351483	2013			11	
9627	https://doi.org/10.1109/ICCCEEE.2018.8515862	b0dd1285be70eb803e247b5bb254bd76c239849d	b0dd1285be70eb803e247b5bb254bd76c239849d	2018		2018 International Conference on Computer, Control, Electrical, and Electronics Engineering (ICCCEEE)	20	
9674	https://www.semanticscholar.org/paper/25ca4a36df2955b345634b5f8a6b6bb66a774b3c	25ca4a36df2955b345634b5f8a6b6bb66a774b3c	25ca4a36df2955b345634b5f8a6b6bb66a774b3c	2012	International Conference on Language Resources and Evaluation		1965	
9658	https://doi.org/10.21248/jlcl.36.2023.243	8cf70c5cd8b195ed7a399ea2cdc0b0e8f08c61ce	8cf70c5cd8b195ed7a399ea2cdc0b0e8f08c61ce	2022	Journal for Language Technology and Computational Linguistics	ArXiv	22	
9659	https://doi.org/10.1145/3578553	2f98bb1a5f9b4ffd7dc4f4eda393087ba25d7359	2f98bb1a5f9b4ffd7dc4f4eda393087ba25d7359	2022		ACM Transactions on Asian and Low-Resource Language Information Processing	21	
9685	https://doi.org/10.48550/arXiv.2207.04672	e19b54ad4c1c8af045069e9cac350ffc2ce60e1a	e19b54ad4c1c8af045069e9cac350ffc2ce60e1a	2022	arXiv.org	ArXiv	1439	
9642	https://doi.org/10.18653/v1/2020.emnlp-main.340	934a7e59533fb0d9f99a3de305ad2b7ae4fe1bf6	934a7e59533fb0d9f99a3de305ad2b7ae4fe1bf6	2020	Conference on Empirical Methods in Natural Language Processing		49	
9679	https://doi.org/10.18653/v1/2021.mrl-1.11	b2474a00d7de3373bab934c09acef1994fa82207	b2474a00d7de3373bab934c09acef1994fa82207	2021		Proceedings of the 1st Workshop on Multilingual Representation Learning	231	
9681	https://doi.org/10.1145/3597494	29ae62c3edc47fe6bac1253ce11494c7723bb308	29ae62c3edc47fe6bac1253ce11494c7723bb308	2023		ACM Transactions on Asian and Low-Resource Language Information Processing	10	
9633	https://doi.org/10.1561/1500000019	47ced790a563344efae66588b5fb7fe6cca29ed3	47ced790a563344efae66588b5fb7fe6cca29ed3	2009	Foundations and Trends in Information Retrieval	Found. Trends Inf. Retr.	4187	
9636	https://doi.org/10.18653/v1/2021.emnlp-main.99	ab364a00a356e5cb8c9e9b144b57e0517bce56f6	ab364a00a356e5cb8c9e9b144b57e0517bce56f6	2021	Conference on Empirical Methods in Natural Language Processing		35	
9652	https://doi.org/10.1007/978-981-15-4828-4_18	5c24795ecdf5ac2f84855a283785e6183a22229b	5c24795ecdf5ac2f84855a283785e6183a22229b	2019			10	
9645	https://doi.org/10.48550/arXiv.2205.12522	a8260077135246476a0b0601495ef08e56c21a50	a8260077135246476a0b0601495ef08e56c21a50	2022	Conference on Empirical Methods in Natural Language Processing	ArXiv	97	
9671	https://doi.org/10.1016/j.dib.2020.106517	12624c018c01551c18e0923388399af5bba4cd9b	12624c018c01551c18e0923388399af5bba4cd9b	2020	Data in Brief	Data in Brief	14	
9691	https://doi.org/10.18653/v1/2023.emnlp-main.11	8a930572177545e7394ba5cd03e9342142da564e	8a930572177545e7394ba5cd03e9342142da564e	2023	Conference on Empirical Methods in Natural Language Processing		28	
9831	https://doi.org/10.1016/j.dib.2025.111276	b8abf2e585f95afcbddd8d9b282e5deedad8bcdd	b8abf2e585f95afcbddd8d9b282e5deedad8bcdd	2025	Data in Brief	Data in Brief	3	
10010	https://doi.org/10.3115/v1/D14-1162	f37e1b62a767a307c046404ca96bc140b3e68cb5	f37e1b62a767a307c046404ca96bc140b3e68cb5	2014	Conference on Empirical Methods in Natural Language Processing		32778	
10007	https://doi.org/10.1007/978-3-030-83527-9_41	58ac773c22fceb8cd453fd4dc793720e8785b850	58ac773c22fceb8cd453fd4dc793720e8785b850	2021	Workshop on Time-Delay Systems		1	
10014	https://doi.org/10.1109/ICAIIC60209.2024.10463261	36666fe19ff3e2a41a10d093ca567c27af72b222	36666fe19ff3e2a41a10d093ca567c27af72b222	2024	Digital Signal Processing and Signal Processing Education Workshop	2024 International Conference on Artificial Intelligence in Information and Communication (ICAIIC)	1	
10009	https://doi.org/10.1007/978-3-031-24337-0_28	85787f7d0a837b015ecca54580a3a1e461e1800d	85787f7d0a837b015ecca54580a3a1e461e1800d	2019	Conference on Intelligent Text Processing and Computational Linguistics	ArXiv	9	
10012	https://doi.org/10.48550/arXiv.2305.15749	22812ef9c089322ea6a26d1c0711a415b552eb95	22812ef9c089322ea6a26d1c0711a415b552eb95	2023	Interspeech		3	
10015	https://doi.org/10.48550/arXiv.2502.11020	edad859dc060afcfd8b8a6ec8d984a4f6a1ab1c5	edad859dc060afcfd8b8a6ec8d984a4f6a1ab1c5	2025	Annual Meeting of the Association for Computational Linguistics	ArXiv	3	
10204	https://www.semanticscholar.org/paper/4f39041e2d53ee4b0c171ed836fe7136395f2ad1	4f39041e2d53ee4b0c171ed836fe7136395f2ad1	4f39041e2d53ee4b0c171ed836fe7136395f2ad1	2016			6	
10231	https://doi.org/10.18653/v1/2020.fever-1.2	212ec41713401544b946b604b009162c2a1d2df3	212ec41713401544b946b604b009162c2a1d2df3	2020		ArXiv	65	
10228	https://doi.org/10.18653/v1/W17-1307	10ed2dfc007aae7b46437cf5eaff568ac393764f	10ed2dfc007aae7b46437cf5eaff568ac393764f	2017			133	
10213	https://doi.org/10.21437/interspeech.2022-143	19dbb57ad106137553bff4282149ac2800b5c176	19dbb57ad106137553bff4282149ac2800b5c176	2021	Interspeech	ArXiv	808	
10211	https://www.semanticscholar.org/paper/acc88786e83acc3a7fc0280bbe592706a8034c8f	acc88786e83acc3a7fc0280bbe592706a8034c8f	acc88786e83acc3a7fc0280bbe592706a8034c8f	2020			119	
10214	https://doi.org/10.1007/978-3-319-18117-2_2	4b043c3ae9a70b88161461f28655d0e01a3b4b9a	4b043c3ae9a70b88161461f28655d0e01a3b4b9a	2015	Conference on Intelligent Text Processing and Computational Linguistics		185	
10234	https://www.semanticscholar.org/paper/2c14719336ce6aa55db49e6afdcd15066e25d397	2c14719336ce6aa55db49e6afdcd15066e25d397	2c14719336ce6aa55db49e6afdcd15066e25d397	2015			5	
a10219	https://doi.org/10.48550/arXiv.2207.04796	f373f530f519cb1fcf3552fb1b2edb66c7711881	f373f530f519cb1fcf3552fb1b2edb66c7711881	2022	International Conference on Language Resources and Evaluation		7	
a10219	https://doi.org/10.1145/3568674	3e851661e1521c5353281cb6a86cf356aa5753a3	3e851661e1521c5353281cb6a86cf356aa5753a3	2022		ACM Transactions on Asian and Low-Resource Language Information Processing	16	
10559	https://www.semanticscholar.org/paper/cf4c9d626facb20c271ca5cbd04af5c0eb06f813	cf4c9d626facb20c271ca5cbd04af5c0eb06f813	cf4c9d626facb20c271ca5cbd04af5c0eb06f813	2021	International Conference on Language Resources and Evaluation		22	
10561	https://doi.org/10.48550/arXiv.2404.04487	c5a0520e9b61b35fa51927b907b7eac2d84fc172	c5a0520e9b61b35fa51927b907b7eac2d84fc172	2024	International Conference on Language Resources and Evaluation	ArXiv	9	
10904	https://doi.org/10.1109/TPAMI.2018.2848939	983da09d967b6c2b1fdfca51fc3bac6bc10d97e3	983da09d967b6c2b1fdfca51fc3bac6bc10d97e3	2019	IEEE Transactions on Pattern Analysis and Machine Intelligence	IEEE Transactions on Pattern Analysis and Machine Intelligence	730	
10907	https://doi.org/10.1109/CVPR.2016.254	400eb5386b13c32968fee796c71dec32aa754f1e	400eb5386b13c32968fee796c71dec32aa754f1e	2016	Computer Vision and Pattern Recognition	2016 IEEE Conference on Computer Vision and Pattern Recognition (CVPR)	1453	
11182	https://doi.org/10.1287/mnsc.1070.0810	c23c263bedb8662ebc404f4e4a6b8c86a1acdef5	c23c263bedb8662ebc404f4e4a6b8c86a1acdef5	2004	Management Sciences	Quantitative Marketing	1814	
11181	https://doi.org/10.18653/v1/W19-3101	0d7a954ed76d8b82e28935f6d29b85bcf3949206	0d7a954ed76d8b82e28935f6d29b85bcf3949206	2019	Finite-State Methods and Natural Language Processing		2	
11190	https://doi.org/10.1145/2566486.2568002	db6612061addc8b4046f769e3cecaaffe880b7e6	db6612061addc8b4046f769e3cecaaffe880b7e6	2014	The Web Conference	Proceedings of the 23rd international conference on World wide web	306	
11189	https://www.semanticscholar.org/paper/4f7ba001255a08f2fd9387fb1a747ad09ffe1c0e	4f7ba001255a08f2fd9387fb1a747ad09ffe1c0e	4f7ba001255a08f2fd9387fb1a747ad09ffe1c0e	2014			68	
11217	https://www.semanticscholar.org/paper/0fe73c19513dfd17372d8ef58da0d0149725832c	0fe73c19513dfd17372d8ef58da0d0149725832c	0fe73c19513dfd17372d8ef58da0d0149725832c	2018	International Conference on Language Resources and Evaluation	ArXiv	1462	
11214	https://doi.org/10.21437/interspeech.2020-1096	d5ae43312497cd9648e7b2ed3b9370747d3317f0	d5ae43312497cd9648e7b2ed3b9370747d3317f0	2020	Interspeech		46	
11210	https://www.semanticscholar.org/paper/24ac368d08765dfad920ceefb79fba7bfe81d83c	24ac368d08765dfad920ceefb79fba7bfe81d83c	24ac368d08765dfad920ceefb79fba7bfe81d83c	2021	Machine Translation Summit		43	
11204	https://doi.org/10.1109/SLT54892.2023.10023141	7c73fe9266db0b35f551645ca37c6e7ce0980c4b	7c73fe9266db0b35f551645ca37c6e7ce0980c4b	2022	Spoken Language Technology Workshop	2022 IEEE Spoken Language Technology Workshop (SLT)	412	
11195	https://doi.org/10.18653/v1/2021.mrl-1.11	b2474a00d7de3373bab934c09acef1994fa82207	b2474a00d7de3373bab934c09acef1994fa82207	2021		Proceedings of the 1st Workshop on Multilingual Representation Learning	231	
11220	https://www.semanticscholar.org/paper/4e96e6d2abc54bc55d5489a9e5a666f273b69410	4e96e6d2abc54bc55d5489a9e5a666f273b69410	4e96e6d2abc54bc55d5489a9e5a666f273b69410	2019	International Conference on Language Resources and Evaluation		55	
11192	https://doi.org/10.21437/interspeech.2020-1096	d5ae43312497cd9648e7b2ed3b9370747d3317f0	d5ae43312497cd9648e7b2ed3b9370747d3317f0	2020	Interspeech		46	
11193	https://www.semanticscholar.org/paper/d90b9e0c1456caea44ab7b749e7d4ea12eb9dfce	d90b9e0c1456caea44ab7b749e7d4ea12eb9dfce	d90b9e0c1456caea44ab7b749e7d4ea12eb9dfce	2012	Workshop on Spoken Language Technologies for Under-resourced Languages		17	
11199	https://doi.org/10.1109/5.726791	162d958ff885f1462aeda91cd72582323fd6a1f4	162d958ff885f1462aeda91cd72582323fd6a1f4	1998	Proceedings of the IEEE	Proc. IEEE	56512	
11222	https://www.semanticscholar.org/paper/f5808755486ad4fe58d832e752e624382c5a2d5a	f5808755486ad4fe58d832e752e624382c5a2d5a	f5808755486ad4fe58d832e752e624382c5a2d5a	2020	International Conference on Language Resources and Evaluation		36	
11219	https://www.semanticscholar.org/paper/d90b9e0c1456caea44ab7b749e7d4ea12eb9dfce	d90b9e0c1456caea44ab7b749e7d4ea12eb9dfce	d90b9e0c1456caea44ab7b749e7d4ea12eb9dfce	2012	Workshop on Spoken Language Technologies for Under-resourced Languages		17	
11223	https://www.semanticscholar.org/paper/2b7326af648ec38685effd2a6dc2679d4e5fe97b	2b7326af648ec38685effd2a6dc2679d4e5fe97b	2b7326af648ec38685effd2a6dc2679d4e5fe97b	2017		Innovative Systems Design and Engineering	4	
11265	https://doi.org/10.48550/arXiv.2406.05888	496b98694868b12e3cfa3ab6da049691246e228d	496b98694868b12e3cfa3ab6da049691246e228d	2024	Annual Meeting of the Association for Computational Linguistics		2	
